subject_id,fold,metric,model,value,cases_aggregated
sub-verse010,0,common_matched_assd_mm,d129,0.17583111460021889,1
sub-verse010,0,common_matched_assd_mm,d175,0.18997600580619034,1
sub-verse010,0,common_matched_hd95_mm,d129,1.0,1
sub-verse010,0,common_matched_hd95_mm,d175,1.0,1
sub-verse010,0,complete_label_set_indicator,d129,0.0,1
sub-verse010,0,complete_label_set_indicator,d175,0.0,1
sub-verse010,0,foreground_dice,d129,0.920181,1
sub-verse010,0,foreground_dice,d175,0.906406,1
sub-verse010,0,identification_rate,d129,1.0,1
sub-verse010,0,identification_rate,d175,1.0,1
sub-verse010,0,label_set_jaccard,d129,0.7142857142857143,1
sub-verse010,0,label_set_jaccard,d175,0.7142857142857143,1
sub-verse010,0,macro_label_dice,d129,0.9644763809520611,1
sub-verse010,0,macro_label_dice,d175,0.961992864982063,1
sub-verse010,0,missing_label_count,d129,0.0,1
sub-verse010,0,missing_label_count,d175,0.0,1
sub-verse010,1,common_matched_assd_mm,d129,0.1829896498938099,1
sub-verse010,1,common_matched_assd_mm,d175,0.19390939076081232,1
sub-verse010,1,common_matched_hd95_mm,d129,1.0,1
sub-verse010,1,common_matched_hd95_mm,d175,1.0,1
sub-verse010,1,complete_label_set_indicator,d129,0.0,1
sub-verse010,1,complete_label_set_indicator,d175,0.0,1
sub-verse010,1,foreground_dice,d129,0.909042,1
sub-verse010,1,foreground_dice,d175,0.899444,1
sub-verse010,1,identification_rate,d129,1.0,1
sub-verse010,1,identification_rate,d175,1.0,1
sub-verse010,1,label_set_jaccard,d129,0.7142857142857143,1
sub-verse010,1,label_set_jaccard,d175,0.7142857142857143,1
sub-verse010,1,macro_label_dice,d129,0.962815674394365,1
sub-verse010,1,macro_label_dice,d175,0.9612262734419316,1
sub-verse010,1,missing_label_count,d129,0.0,1
sub-verse010,1,missing_label_count,d175,0.0,1
sub-verse010,2,common_matched_assd_mm,d129,0.17988187512494042,1
sub-verse010,2,common_matched_assd_mm,d175,0.18044379973851582,1
sub-verse010,2,common_matched_hd95_mm,d129,1.0,1
sub-verse010,2,common_matched_hd95_mm,d175,1.0,1
sub-verse010,2,complete_label_set_indicator,d129,0.0,1
sub-verse010,2,complete_label_set_indicator,d175,0.0,1
sub-verse010,2,foreground_dice,d129,0.91255,1
sub-verse010,2,foreground_dice,d175,0.892242,1
sub-verse010,2,identification_rate,d129,1.0,1
sub-verse010,2,identification_rate,d175,1.0,1
sub-verse010,2,label_set_jaccard,d129,0.7142857142857143,1
sub-verse010,2,label_set_jaccard,d175,0.625,1
sub-verse010,2,macro_label_dice,d129,0.9637372750732098,1
sub-verse010,2,macro_label_dice,d175,0.963383875321985,1
sub-verse010,2,missing_label_count,d129,0.0,1
sub-verse010,2,missing_label_count,d175,0.0,1
sub-verse010,3,common_matched_assd_mm,d129,0.19758134770537766,1
sub-verse010,3,common_matched_assd_mm,d175,0.18200206798277832,1
sub-verse010,3,common_matched_hd95_mm,d129,1.0,1
sub-verse010,3,common_matched_hd95_mm,d175,1.0,1
sub-verse010,3,complete_label_set_indicator,d129,0.0,1
sub-verse010,3,complete_label_set_indicator,d175,0.0,1
sub-verse010,3,foreground_dice,d129,0.909736,1
sub-verse010,3,foreground_dice,d175,0.891367,1
sub-verse010,3,identification_rate,d129,1.0,1
sub-verse010,3,identification_rate,d175,1.0,1
sub-verse010,3,label_set_jaccard,d129,0.7142857142857143,1
sub-verse010,3,label_set_jaccard,d175,0.7142857142857143,1
sub-verse010,3,macro_label_dice,d129,0.963119399403879,1
sub-verse010,3,macro_label_dice,d175,0.9626317302922127,1
sub-verse010,3,missing_label_count,d129,0.0,1
sub-verse010,3,missing_label_count,d175,0.0,1
sub-verse010,4,common_matched_assd_mm,d129,0.18481568760733053,1
sub-verse010,4,common_matched_assd_mm,d175,0.1885751274330221,1
sub-verse010,4,common_matched_hd95_mm,d129,1.0,1
sub-verse010,4,common_matched_hd95_mm,d175,1.0,1
sub-verse010,4,complete_label_set_indicator,d129,0.0,1
sub-verse010,4,complete_label_set_indicator,d175,0.0,1
sub-verse010,4,foreground_dice,d129,0.891903,1
sub-verse010,4,foreground_dice,d175,0.893722,1
sub-verse010,4,identification_rate,d129,1.0,1
sub-verse010,4,identification_rate,d175,1.0,1
sub-verse010,4,label_set_jaccard,d129,0.7142857142857143,1
sub-verse010,4,label_set_jaccard,d175,0.7142857142857143,1
sub-verse010,4,macro_label_dice,d129,0.9627327743440768,1
sub-verse010,4,macro_label_dice,d175,0.961957952996341,1
sub-verse010,4,missing_label_count,d129,0.0,1
sub-verse010,4,missing_label_count,d175,0.0,1
sub-verse011,0,common_matched_assd_mm,d129,2.212030197713806,1
sub-verse011,0,common_matched_assd_mm,d175,2.5407146390870787,1
sub-verse011,0,common_matched_hd95_mm,d129,8.158797947809559,1
sub-verse011,0,common_matched_hd95_mm,d175,9.085288736224056,1
sub-verse011,0,complete_label_set_indicator,d129,0.0,1
sub-verse011,0,complete_label_set_indicator,d175,0.0,1
sub-verse011,0,foreground_dice,d129,0.901233,1
sub-verse011,0,foreground_dice,d175,0.906509,1
sub-verse011,0,identification_rate,d129,0.75,1
sub-verse011,0,identification_rate,d175,0.666667,1
sub-verse011,0,label_set_jaccard,d129,0.8,1
sub-verse011,0,label_set_jaccard,d175,0.75,1
sub-verse011,0,macro_label_dice,d129,0.7032048331291664,1
sub-verse011,0,macro_label_dice,d175,0.6837854509153379,1
sub-verse011,0,missing_label_count,d129,0.0,1
sub-verse011,0,missing_label_count,d175,0.0,1
sub-verse011,1,common_matched_assd_mm,d129,0.836624097255544,1
sub-verse011,1,common_matched_assd_mm,d175,1.0290738971391715,1
sub-verse011,1,common_matched_hd95_mm,d129,5.107692634372781,1
sub-verse011,1,common_matched_hd95_mm,d175,6.286574781250358,1
sub-verse011,1,complete_label_set_indicator,d129,0.0,1
sub-verse011,1,complete_label_set_indicator,d175,0.0,1
sub-verse011,1,foreground_dice,d129,0.91059,1
sub-verse011,1,foreground_dice,d175,0.905244,1
sub-verse011,1,identification_rate,d129,0.916667,1
sub-verse011,1,identification_rate,d175,0.833333,1
sub-verse011,1,label_set_jaccard,d129,0.8,1
sub-verse011,1,label_set_jaccard,d175,0.8,1
sub-verse011,1,macro_label_dice,d129,0.877165959708455,1
sub-verse011,1,macro_label_dice,d175,0.85121214527058,1
sub-verse011,1,missing_label_count,d129,0.0,1
sub-verse011,1,missing_label_count,d175,0.0,1
sub-verse011,2,common_matched_assd_mm,d129,0.7127451220559253,1
sub-verse011,2,common_matched_assd_mm,d175,2.318756227758859,1
sub-verse011,2,common_matched_hd95_mm,d129,4.2226930720409275,1
sub-verse011,2,common_matched_hd95_mm,d175,7.2785291354728825,1
sub-verse011,2,complete_label_set_indicator,d129,0.0,1
sub-verse011,2,complete_label_set_indicator,d175,0.0,1
sub-verse011,2,foreground_dice,d129,0.90809,1
sub-verse011,2,foreground_dice,d175,0.901388,1
sub-verse011,2,identification_rate,d129,0.916667,1
sub-verse011,2,identification_rate,d175,0.75,1
sub-verse011,2,label_set_jaccard,d129,0.75,1
sub-verse011,2,label_set_jaccard,d175,0.75,1
sub-verse011,2,macro_label_dice,d129,0.8881643026435398,1
sub-verse011,2,macro_label_dice,d175,0.7091668365222539,1
sub-verse011,2,missing_label_count,d129,0.0,1
sub-verse011,2,missing_label_count,d175,0.0,1
sub-verse011,3,common_matched_assd_mm,d129,2.2908992872800904,1
sub-verse011,3,common_matched_assd_mm,d175,2.084284870616369,1
sub-verse011,3,common_matched_hd95_mm,d129,8.50822015103691,1
sub-verse011,3,common_matched_hd95_mm,d175,7.924523246913632,1
sub-verse011,3,complete_label_set_indicator,d129,0.0,1
sub-verse011,3,complete_label_set_indicator,d175,0.0,1
sub-verse011,3,foreground_dice,d129,0.908615,1
sub-verse011,3,foreground_dice,d175,0.903846,1
sub-verse011,3,identification_rate,d129,0.666667,1
sub-verse011,3,identification_rate,d175,0.75,1
sub-verse011,3,label_set_jaccard,d129,0.8,1
sub-verse011,3,label_set_jaccard,d175,0.8,1
sub-verse011,3,macro_label_dice,d129,0.6919243594419031,1
sub-verse011,3,macro_label_dice,d175,0.7198654888177208,1
sub-verse011,3,missing_label_count,d129,0.0,1
sub-verse011,3,missing_label_count,d175,0.0,1
sub-verse011,4,common_matched_assd_mm,d129,0.9511489159930314,1
sub-verse011,4,common_matched_assd_mm,d175,1.011754502669702,1
sub-verse011,4,common_matched_hd95_mm,d129,4.71288630782188,1
sub-verse011,4,common_matched_hd95_mm,d175,5.043008403265399,1
sub-verse011,4,complete_label_set_indicator,d129,0.0,1
sub-verse011,4,complete_label_set_indicator,d175,0.0,1
sub-verse011,4,foreground_dice,d129,0.909982,1
sub-verse011,4,foreground_dice,d175,0.907587,1
sub-verse011,4,identification_rate,d129,0.916667,1
sub-verse011,4,identification_rate,d175,0.916667,1
sub-verse011,4,label_set_jaccard,d129,0.8,1
sub-verse011,4,label_set_jaccard,d175,0.75,1
sub-verse011,4,macro_label_dice,d129,0.8523242701240656,1
sub-verse011,4,macro_label_dice,d175,0.8391889057385428,1
sub-verse011,4,missing_label_count,d129,0.0,1
sub-verse011,4,missing_label_count,d175,0.0,1
sub-verse013,0,common_matched_assd_mm,d129,0.824974466974979,1
sub-verse013,0,common_matched_assd_mm,d175,1.4657922647074761,1
sub-verse013,0,common_matched_hd95_mm,d129,2.888046718678862,1
sub-verse013,0,common_matched_hd95_mm,d175,10.247522690692191,1
sub-verse013,0,complete_label_set_indicator,d129,0.0,1
sub-verse013,0,complete_label_set_indicator,d175,0.0,1
sub-verse013,0,foreground_dice,d129,0.939602,1
sub-verse013,0,foreground_dice,d175,0.934772,1
sub-verse013,0,identification_rate,d129,1.0,1
sub-verse013,0,identification_rate,d175,0.9375,1
sub-verse013,0,label_set_jaccard,d129,0.8888888888888888,1
sub-verse013,0,label_set_jaccard,d175,0.8421052631578947,1
sub-verse013,0,macro_label_dice,d129,0.9230699146127037,1
sub-verse013,0,macro_label_dice,d175,0.9388631785540663,1
sub-verse013,0,missing_label_count,d129,0.0,1
sub-verse013,0,missing_label_count,d175,0.0,1
sub-verse013,1,common_matched_assd_mm,d129,0.38638023188981274,1
sub-verse013,1,common_matched_assd_mm,d175,1.5060772394585697,1
sub-verse013,1,common_matched_hd95_mm,d129,2.0054044084410307,1
sub-verse013,1,common_matched_hd95_mm,d175,10.344306248789902,1
sub-verse013,1,complete_label_set_indicator,d129,0.0,1
sub-verse013,1,complete_label_set_indicator,d175,0.0,1
sub-verse013,1,foreground_dice,d129,0.953842,1
sub-verse013,1,foreground_dice,d175,0.947299,1
sub-verse013,1,identification_rate,d129,1.0,1
sub-verse013,1,identification_rate,d175,1.0,1
sub-verse013,1,label_set_jaccard,d129,0.7272727272727273,1
sub-verse013,1,label_set_jaccard,d175,0.8,1
sub-verse013,1,macro_label_dice,d129,0.9426560158129007,1
sub-verse013,1,macro_label_dice,d175,0.8658025206884522,1
sub-verse013,1,missing_label_count,d129,0.0,1
sub-verse013,1,missing_label_count,d175,0.0,1
sub-verse013,2,common_matched_assd_mm,d129,1.6621557897361892,1
sub-verse013,2,common_matched_assd_mm,d175,2.013570588709291,1
sub-verse013,2,common_matched_hd95_mm,d129,7.472207078503242,1
sub-verse013,2,common_matched_hd95_mm,d175,6.872708215328746,1
sub-verse013,2,complete_label_set_indicator,d129,0.0,1
sub-verse013,2,complete_label_set_indicator,d175,0.0,1
sub-verse013,2,foreground_dice,d129,0.953781,1
sub-verse013,2,foreground_dice,d175,0.948758,1
sub-verse013,2,identification_rate,d129,0.875,1
sub-verse013,2,identification_rate,d175,0.75,1
sub-verse013,2,label_set_jaccard,d129,0.8,1
sub-verse013,2,label_set_jaccard,d175,0.8888888888888888,1
sub-verse013,2,macro_label_dice,d129,0.7900674021268873,1
sub-verse013,2,macro_label_dice,d175,0.7776704399274625,1
sub-verse013,2,missing_label_count,d129,0.0,1
sub-verse013,2,missing_label_count,d175,0.0,1
sub-verse013,3,common_matched_assd_mm,d129,1.0579003703178396,1
sub-verse013,3,common_matched_assd_mm,d175,2.1378575258247823,1
sub-verse013,3,common_matched_hd95_mm,d129,3.8318342815593103,1
sub-verse013,3,common_matched_hd95_mm,d175,6.204621484967816,1
sub-verse013,3,complete_label_set_indicator,d129,0.0,1
sub-verse013,3,complete_label_set_indicator,d175,0.0,1
sub-verse013,3,foreground_dice,d129,0.940387,1
sub-verse013,3,foreground_dice,d175,0.935142,1
sub-verse013,3,identification_rate,d129,1.0,1
sub-verse013,3,identification_rate,d175,0.875,1
sub-verse013,3,label_set_jaccard,d129,0.8,1
sub-verse013,3,label_set_jaccard,d175,0.8421052631578947,1
sub-verse013,3,macro_label_dice,d129,0.9112650391997327,1
sub-verse013,3,macro_label_dice,d175,0.8617918618316797,1
sub-verse013,3,missing_label_count,d129,0.0,1
sub-verse013,3,missing_label_count,d175,0.0,1
sub-verse013,4,common_matched_assd_mm,d129,1.156615036301016,1
sub-verse013,4,common_matched_assd_mm,d175,1.1895194636013848,1
sub-verse013,4,common_matched_hd95_mm,d129,5.311810539664728,1
sub-verse013,4,common_matched_hd95_mm,d175,5.750467977065812,1
sub-verse013,4,complete_label_set_indicator,d129,0.0,1
sub-verse013,4,complete_label_set_indicator,d175,0.0,1
sub-verse013,4,foreground_dice,d129,0.942179,1
sub-verse013,4,foreground_dice,d175,0.939697,1
sub-verse013,4,identification_rate,d129,0.875,1
sub-verse013,4,identification_rate,d175,1.0,1
sub-verse013,4,label_set_jaccard,d129,0.8421052631578947,1
sub-verse013,4,label_set_jaccard,d175,0.8888888888888888,1
sub-verse013,4,macro_label_dice,d129,0.8560950800222594,1
sub-verse013,4,macro_label_dice,d175,0.8741571318148755,1
sub-verse013,4,missing_label_count,d129,0.0,1
sub-verse013,4,missing_label_count,d175,0.0,1
sub-verse016,0,common_matched_assd_mm,d129,0.3545744426645182,1
sub-verse016,0,common_matched_assd_mm,d175,0.30909322780878196,1
sub-verse016,0,common_matched_hd95_mm,d129,2.2486425112030504,1
sub-verse016,0,common_matched_hd95_mm,d175,2.561849879497412,1
sub-verse016,0,complete_label_set_indicator,d129,0.0,1
sub-verse016,0,complete_label_set_indicator,d175,0.0,1
sub-verse016,0,foreground_dice,d129,0.965255,1
sub-verse016,0,foreground_dice,d175,0.964109,1
sub-verse016,0,identification_rate,d129,1.0,1
sub-verse016,0,identification_rate,d175,1.0,1
sub-verse016,0,label_set_jaccard,d129,0.9444444444444444,1
sub-verse016,0,label_set_jaccard,d175,0.9444444444444444,1
sub-verse016,0,macro_label_dice,d129,0.9415727059440918,1
sub-verse016,0,macro_label_dice,d175,0.9451993999472248,1
sub-verse016,0,missing_label_count,d129,0.0,1
sub-verse016,0,missing_label_count,d175,0.0,1
sub-verse016,1,common_matched_assd_mm,d129,0.574805557041876,1
sub-verse016,1,common_matched_assd_mm,d175,0.6749064811656623,1
sub-verse016,1,common_matched_hd95_mm,d129,4.137433135105505,1
sub-verse016,1,common_matched_hd95_mm,d175,5.082620239750433,1
sub-verse016,1,complete_label_set_indicator,d129,0.0,1
sub-verse016,1,complete_label_set_indicator,d175,0.0,1
sub-verse016,1,foreground_dice,d129,0.960512,1
sub-verse016,1,foreground_dice,d175,0.965179,1
sub-verse016,1,identification_rate,d129,1.0,1
sub-verse016,1,identification_rate,d175,1.0,1
sub-verse016,1,label_set_jaccard,d129,0.8947368421052632,1
sub-verse016,1,label_set_jaccard,d175,0.9444444444444444,1
sub-verse016,1,macro_label_dice,d129,0.9285121794597613,1
sub-verse016,1,macro_label_dice,d175,0.9100500477234034,1
sub-verse016,1,missing_label_count,d129,0.0,1
sub-verse016,1,missing_label_count,d175,0.0,1
sub-verse016,2,common_matched_assd_mm,d129,0.18840607490201136,1
sub-verse016,2,common_matched_assd_mm,d175,0.667266515093405,1
sub-verse016,2,common_matched_hd95_mm,d129,1.1515583072083222,1
sub-verse016,2,common_matched_hd95_mm,d175,4.39479708535424,1
sub-verse016,2,complete_label_set_indicator,d129,0.0,1
sub-verse016,2,complete_label_set_indicator,d175,0.0,1
sub-verse016,2,foreground_dice,d129,0.962294,1
sub-verse016,2,foreground_dice,d175,0.964434,1
sub-verse016,2,identification_rate,d129,1.0,1
sub-verse016,2,identification_rate,d175,1.0,1
sub-verse016,2,label_set_jaccard,d129,0.8947368421052632,1
sub-verse016,2,label_set_jaccard,d175,0.8947368421052632,1
sub-verse016,2,macro_label_dice,d129,0.9573017776478122,1
sub-verse016,2,macro_label_dice,d175,0.9107343345199607,1
sub-verse016,2,missing_label_count,d129,0.0,1
sub-verse016,2,missing_label_count,d175,0.0,1
sub-verse016,3,common_matched_assd_mm,d129,0.5942689479844974,1
sub-verse016,3,common_matched_assd_mm,d175,0.4153994289566888,1
sub-verse016,3,common_matched_hd95_mm,d129,4.097752216760455,1
sub-verse016,3,common_matched_hd95_mm,d175,2.655338370892862,1
sub-verse016,3,complete_label_set_indicator,d129,0.0,1
sub-verse016,3,complete_label_set_indicator,d175,0.0,1
sub-verse016,3,foreground_dice,d129,0.963949,1
sub-verse016,3,foreground_dice,d175,0.964301,1
sub-verse016,3,identification_rate,d129,1.0,1
sub-verse016,3,identification_rate,d175,1.0,1
sub-verse016,3,label_set_jaccard,d129,0.85,1
sub-verse016,3,label_set_jaccard,d175,0.8947368421052632,1
sub-verse016,3,macro_label_dice,d129,0.9243005779606795,1
sub-verse016,3,macro_label_dice,d175,0.9438968502410388,1
sub-verse016,3,missing_label_count,d129,0.0,1
sub-verse016,3,missing_label_count,d175,0.0,1
sub-verse016,4,common_matched_assd_mm,d129,0.2170339592630468,1
sub-verse016,4,common_matched_assd_mm,d175,0.2128754715385459,1
sub-verse016,4,common_matched_hd95_mm,d129,1.2941176470588236,1
sub-verse016,4,common_matched_hd95_mm,d175,1.2979114766027047,1
sub-verse016,4,complete_label_set_indicator,d129,0.0,1
sub-verse016,4,complete_label_set_indicator,d175,0.0,1
sub-verse016,4,foreground_dice,d129,0.962485,1
sub-verse016,4,foreground_dice,d175,0.963993,1
sub-verse016,4,identification_rate,d129,1.0,1
sub-verse016,4,identification_rate,d175,1.0,1
sub-verse016,4,label_set_jaccard,d129,0.9444444444444444,1
sub-verse016,4,label_set_jaccard,d175,0.9444444444444444,1
sub-verse016,4,macro_label_dice,d129,0.9554754378756263,1
sub-verse016,4,macro_label_dice,d175,0.955882256163562,1
sub-verse016,4,missing_label_count,d129,0.0,1
sub-verse016,4,missing_label_count,d175,0.0,1
sub-verse018,0,common_matched_assd_mm,d129,0.2486548309215871,1
sub-verse018,0,common_matched_assd_mm,d175,1.0869695266784483,1
sub-verse018,0,common_matched_hd95_mm,d129,1.559838568176223,1
sub-verse018,0,common_matched_hd95_mm,d175,1.5553968150334698,1
sub-verse018,0,complete_label_set_indicator,d129,0.0,1
sub-verse018,0,complete_label_set_indicator,d175,0.0,1
sub-verse018,0,foreground_dice,d129,0.906465,1
sub-verse018,0,foreground_dice,d175,0.905692,1
sub-verse018,0,identification_rate,d129,1.0,1
sub-verse018,0,identification_rate,d175,1.0,1
sub-verse018,0,label_set_jaccard,d129,0.8,1
sub-verse018,0,label_set_jaccard,d175,0.8888888888888888,1
sub-verse018,0,macro_label_dice,d129,0.9496806047163805,1
sub-verse018,0,macro_label_dice,d175,0.9475663039720672,1
sub-verse018,0,missing_label_count,d129,0.0,1
sub-verse018,0,missing_label_count,d175,0.0,1
sub-verse018,1,common_matched_assd_mm,d129,0.5923547872002826,1
sub-verse018,1,common_matched_assd_mm,d175,0.4684624322477895,1
sub-verse018,1,common_matched_hd95_mm,d129,1.650888317845996,1
sub-verse018,1,common_matched_hd95_mm,d175,1.9700534335856656,1
sub-verse018,1,complete_label_set_indicator,d129,0.0,1
sub-verse018,1,complete_label_set_indicator,d175,0.0,1
sub-verse018,1,foreground_dice,d129,0.921914,1
sub-verse018,1,foreground_dice,d175,0.912123,1
sub-verse018,1,identification_rate,d129,1.0,1
sub-verse018,1,identification_rate,d175,1.0,1
sub-verse018,1,label_set_jaccard,d129,0.7619047619047619,1
sub-verse018,1,label_set_jaccard,d175,0.7619047619047619,1
sub-verse018,1,macro_label_dice,d129,0.9468193849416376,1
sub-verse018,1,macro_label_dice,d175,0.9437871506002072,1
sub-verse018,1,missing_label_count,d129,0.0,1
sub-verse018,1,missing_label_count,d175,0.0,1
sub-verse018,2,common_matched_assd_mm,d129,1.3931657198639398,1
sub-verse018,2,common_matched_assd_mm,d175,3.213029447236995,1
sub-verse018,2,common_matched_hd95_mm,d129,6.526064700108727,1
sub-verse018,2,common_matched_hd95_mm,d175,18.418246349834074,1
sub-verse018,2,complete_label_set_indicator,d129,0.0,1
sub-verse018,2,complete_label_set_indicator,d175,0.0,1
sub-verse018,2,foreground_dice,d129,0.907965,1
sub-verse018,2,foreground_dice,d175,0.898831,1
sub-verse018,2,identification_rate,d129,1.0,1
sub-verse018,2,identification_rate,d175,0.875,1
sub-verse018,2,label_set_jaccard,d129,0.8,1
sub-verse018,2,label_set_jaccard,d175,0.8421052631578947,1
sub-verse018,2,macro_label_dice,d129,0.8761192761223633,1
sub-verse018,2,macro_label_dice,d175,0.8895092388275676,1
sub-verse018,2,missing_label_count,d129,0.0,1
sub-verse018,2,missing_label_count,d175,0.0,1
sub-verse018,3,common_matched_assd_mm,d129,0.23803646579178764,1
sub-verse018,3,common_matched_assd_mm,d175,0.7026714555205275,1
sub-verse018,3,common_matched_hd95_mm,d129,1.3571735252312678,1
sub-verse018,3,common_matched_hd95_mm,d175,2.3907232504946565,1
sub-verse018,3,complete_label_set_indicator,d129,0.0,1
sub-verse018,3,complete_label_set_indicator,d175,0.0,1
sub-verse018,3,foreground_dice,d129,0.910344,1
sub-verse018,3,foreground_dice,d175,0.906358,1
sub-verse018,3,identification_rate,d129,1.0,1
sub-verse018,3,identification_rate,d175,1.0,1
sub-verse018,3,label_set_jaccard,d129,0.8888888888888888,1
sub-verse018,3,label_set_jaccard,d175,0.8421052631578947,1
sub-verse018,3,macro_label_dice,d129,0.951894968300673,1
sub-verse018,3,macro_label_dice,d175,0.940071002807457,1
sub-verse018,3,missing_label_count,d129,0.0,1
sub-verse018,3,missing_label_count,d175,0.0,1
sub-verse018,4,common_matched_assd_mm,d129,0.6402217851623657,1
sub-verse018,4,common_matched_assd_mm,d175,0.9347841833039089,1
sub-verse018,4,common_matched_hd95_mm,d129,1.4892766505931534,1
sub-verse018,4,common_matched_hd95_mm,d175,2.9233067873853495,1
sub-verse018,4,complete_label_set_indicator,d129,0.0,1
sub-verse018,4,complete_label_set_indicator,d175,0.0,1
sub-verse018,4,foreground_dice,d129,0.9126,1
sub-verse018,4,foreground_dice,d175,0.907747,1
sub-verse018,4,identification_rate,d129,1.0,1
sub-verse018,4,identification_rate,d175,1.0,1
sub-verse018,4,label_set_jaccard,d129,0.8421052631578947,1
sub-verse018,4,label_set_jaccard,d175,0.7619047619047619,1
sub-verse018,4,macro_label_dice,d129,0.9475043388383048,1
sub-verse018,4,macro_label_dice,d175,0.9386756592688222,1
sub-verse018,4,missing_label_count,d129,0.0,1
sub-verse018,4,missing_label_count,d175,0.0,1
sub-verse022,0,common_matched_assd_mm,d129,4.050461604337217,1
sub-verse022,0,common_matched_assd_mm,d175,0.3210312873053917,1
sub-verse022,0,common_matched_hd95_mm,d129,14.808141931245686,1
sub-verse022,0,common_matched_hd95_mm,d175,1.082842712474619,1
sub-verse022,0,complete_label_set_indicator,d129,0.0,1
sub-verse022,0,complete_label_set_indicator,d175,0.0,1
sub-verse022,0,foreground_dice,d129,0.872696,1
sub-verse022,0,foreground_dice,d175,0.876392,1
sub-verse022,0,identification_rate,d129,0.6,1
sub-verse022,0,identification_rate,d175,1.0,1
sub-verse022,0,label_set_jaccard,d129,0.7142857142857143,1
sub-verse022,0,label_set_jaccard,d175,0.625,1
sub-verse022,0,macro_label_dice,d129,0.604490074407989,1
sub-verse022,0,macro_label_dice,d175,0.9473443229864715,1
sub-verse022,0,missing_label_count,d129,0.0,1
sub-verse022,0,missing_label_count,d175,0.0,1
sub-verse022,1,common_matched_assd_mm,d129,0.19505600976689622,1
sub-verse022,1,common_matched_assd_mm,d175,0.19582815530059205,1
sub-verse022,1,common_matched_hd95_mm,d129,1.0,1
sub-verse022,1,common_matched_hd95_mm,d175,1.0,1
sub-verse022,1,complete_label_set_indicator,d129,0.0,1
sub-verse022,1,complete_label_set_indicator,d175,0.0,1
sub-verse022,1,foreground_dice,d129,0.879211,1
sub-verse022,1,foreground_dice,d175,0.879784,1
sub-verse022,1,identification_rate,d129,1.0,1
sub-verse022,1,identification_rate,d175,1.0,1
sub-verse022,1,label_set_jaccard,d129,0.625,1
sub-verse022,1,label_set_jaccard,d175,0.7142857142857143,1
sub-verse022,1,macro_label_dice,d129,0.9568203343223877,1
sub-verse022,1,macro_label_dice,d175,0.9561389760713987,1
sub-verse022,1,missing_label_count,d129,0.0,1
sub-verse022,1,missing_label_count,d175,0.0,1
sub-verse022,2,common_matched_assd_mm,d129,0.20537675670857053,1
sub-verse022,2,common_matched_assd_mm,d175,0.28726804304358844,1
sub-verse022,2,common_matched_hd95_mm,d129,1.0,1
sub-verse022,2,common_matched_hd95_mm,d175,1.0,1
sub-verse022,2,complete_label_set_indicator,d129,0.0,1
sub-verse022,2,complete_label_set_indicator,d175,0.0,1
sub-verse022,2,foreground_dice,d129,0.877183,1
sub-verse022,2,foreground_dice,d175,0.877371,1
sub-verse022,2,identification_rate,d129,1.0,1
sub-verse022,2,identification_rate,d175,1.0,1
sub-verse022,2,label_set_jaccard,d129,0.625,1
sub-verse022,2,label_set_jaccard,d175,0.7142857142857143,1
sub-verse022,2,macro_label_dice,d129,0.9543644436468453,1
sub-verse022,2,macro_label_dice,d175,0.9511057447771734,1
sub-verse022,2,missing_label_count,d129,0.0,1
sub-verse022,2,missing_label_count,d175,0.0,1
sub-verse022,3,common_matched_assd_mm,d129,0.21004223654617876,1
sub-verse022,3,common_matched_assd_mm,d175,0.21830289465470462,1
sub-verse022,3,common_matched_hd95_mm,d129,1.0,1
sub-verse022,3,common_matched_hd95_mm,d175,1.0,1
sub-verse022,3,complete_label_set_indicator,d129,0.0,1
sub-verse022,3,complete_label_set_indicator,d175,0.0,1
sub-verse022,3,foreground_dice,d129,0.876442,1
sub-verse022,3,foreground_dice,d175,0.874506,1
sub-verse022,3,identification_rate,d129,1.0,1
sub-verse022,3,identification_rate,d175,1.0,1
sub-verse022,3,label_set_jaccard,d129,0.625,1
sub-verse022,3,label_set_jaccard,d175,0.7142857142857143,1
sub-verse022,3,macro_label_dice,d129,0.9534769040715382,1
sub-verse022,3,macro_label_dice,d175,0.9514101345031067,1
sub-verse022,3,missing_label_count,d129,0.0,1
sub-verse022,3,missing_label_count,d175,0.0,1
sub-verse022,4,common_matched_assd_mm,d129,0.18818143634990933,1
sub-verse022,4,common_matched_assd_mm,d175,0.1895057506727284,1
sub-verse022,4,common_matched_hd95_mm,d129,1.0,1
sub-verse022,4,common_matched_hd95_mm,d175,1.0,1
sub-verse022,4,complete_label_set_indicator,d129,0.0,1
sub-verse022,4,complete_label_set_indicator,d175,0.0,1
sub-verse022,4,foreground_dice,d129,0.880915,1
sub-verse022,4,foreground_dice,d175,0.879682,1
sub-verse022,4,identification_rate,d129,1.0,1
sub-verse022,4,identification_rate,d175,1.0,1
sub-verse022,4,label_set_jaccard,d129,0.7142857142857143,1
sub-verse022,4,label_set_jaccard,d175,0.7142857142857143,1
sub-verse022,4,macro_label_dice,d129,0.958259459526413,1
sub-verse022,4,macro_label_dice,d175,0.9572844281277588,1
sub-verse022,4,missing_label_count,d129,0.0,1
sub-verse022,4,missing_label_count,d175,0.0,1
sub-verse023,0,common_matched_assd_mm,d129,5.076750170377165,1
sub-verse023,0,common_matched_assd_mm,d175,3.5867618085831814,1
sub-verse023,0,common_matched_hd95_mm,d129,17.41138744030033,1
sub-verse023,0,common_matched_hd95_mm,d175,14.168878987162548,1
sub-verse023,0,complete_label_set_indicator,d129,0.0,1
sub-verse023,0,complete_label_set_indicator,d175,0.0,1
sub-verse023,0,foreground_dice,d129,0.962753,1
sub-verse023,0,foreground_dice,d175,0.95149,1
sub-verse023,0,identification_rate,d129,0.5,1
sub-verse023,0,identification_rate,d175,0.625,1
sub-verse023,0,label_set_jaccard,d129,0.7,1
sub-verse023,0,label_set_jaccard,d175,0.7,1
sub-verse023,0,macro_label_dice,d129,0.5592257630857456,1
sub-verse023,0,macro_label_dice,d175,0.6242343808830573,1
sub-verse023,0,missing_label_count,d129,1.0,1
sub-verse023,0,missing_label_count,d175,1.0,1
sub-verse023,1,common_matched_assd_mm,d129,6.200054562896666,1
sub-verse023,1,common_matched_assd_mm,d175,5.661694832838258,1
sub-verse023,1,common_matched_hd95_mm,d129,17.952860371660186,1
sub-verse023,1,common_matched_hd95_mm,d175,17.44980375929673,1
sub-verse023,1,complete_label_set_indicator,d129,0.0,1
sub-verse023,1,complete_label_set_indicator,d175,0.0,1
sub-verse023,1,foreground_dice,d129,0.950791,1
sub-verse023,1,foreground_dice,d175,0.95566,1
sub-verse023,1,identification_rate,d129,0.5,1
sub-verse023,1,identification_rate,d175,0.5,1
sub-verse023,1,label_set_jaccard,d129,0.7,1
sub-verse023,1,label_set_jaccard,d175,0.7,1
sub-verse023,1,macro_label_dice,d129,0.47381480412451643,1
sub-verse023,1,macro_label_dice,d175,0.5340446033222642,1
sub-verse023,1,missing_label_count,d129,1.0,1
sub-verse023,1,missing_label_count,d175,1.0,1
sub-verse023,2,common_matched_assd_mm,d129,5.261313548257897,1
sub-verse023,2,common_matched_assd_mm,d175,4.302620067037315,1
sub-verse023,2,common_matched_hd95_mm,d129,17.58493573509656,1
sub-verse023,2,common_matched_hd95_mm,d175,17.450455879387075,1
sub-verse023,2,complete_label_set_indicator,d129,0.0,1
sub-verse023,2,complete_label_set_indicator,d175,0.0,1
sub-verse023,2,foreground_dice,d129,0.951838,1
sub-verse023,2,foreground_dice,d175,0.95458,1
sub-verse023,2,identification_rate,d129,0.5,1
sub-verse023,2,identification_rate,d175,0.625,1
sub-verse023,2,label_set_jaccard,d129,0.7,1
sub-verse023,2,label_set_jaccard,d175,0.7,1
sub-verse023,2,macro_label_dice,d129,0.5440696629487353,1
sub-verse023,2,macro_label_dice,d175,0.5852431613354431,1
sub-verse023,2,missing_label_count,d129,1.0,1
sub-verse023,2,missing_label_count,d175,1.0,1
sub-verse023,3,common_matched_assd_mm,d129,4.689646963055781,1
sub-verse023,3,common_matched_assd_mm,d175,1.9347601367634557,1
sub-verse023,3,common_matched_hd95_mm,d129,17.544415814444886,1
sub-verse023,3,common_matched_hd95_mm,d175,11.471300201687322,1
sub-verse023,3,complete_label_set_indicator,d129,0.0,1
sub-verse023,3,complete_label_set_indicator,d175,0.0,1
sub-verse023,3,foreground_dice,d129,0.954606,1
sub-verse023,3,foreground_dice,d175,0.953473,1
sub-verse023,3,identification_rate,d129,0.625,1
sub-verse023,3,identification_rate,d175,0.75,1
sub-verse023,3,label_set_jaccard,d129,0.7,1
sub-verse023,3,label_set_jaccard,d175,0.8,1
sub-verse023,3,macro_label_dice,d129,0.5689705409434995,1
sub-verse023,3,macro_label_dice,d175,0.7570306680310669,1
sub-verse023,3,missing_label_count,d129,1.0,1
sub-verse023,3,missing_label_count,d175,0.0,1
sub-verse023,4,common_matched_assd_mm,d129,7.094476485372823,1
sub-verse023,4,common_matched_assd_mm,d175,5.51638212900888,1
sub-verse023,4,common_matched_hd95_mm,d129,21.65983852818158,1
sub-verse023,4,common_matched_hd95_mm,d175,17.77399334919278,1
sub-verse023,4,complete_label_set_indicator,d129,0.0,1
sub-verse023,4,complete_label_set_indicator,d175,0.0,1
sub-verse023,4,foreground_dice,d129,0.956529,1
sub-verse023,4,foreground_dice,d175,0.954585,1
sub-verse023,4,identification_rate,d129,0.5,1
sub-verse023,4,identification_rate,d175,0.5,1
sub-verse023,4,label_set_jaccard,d129,0.7,1
sub-verse023,4,label_set_jaccard,d175,0.7,1
sub-verse023,4,macro_label_dice,d129,0.46593310891512624,1
sub-verse023,4,macro_label_dice,d175,0.5464240288822368,1
sub-verse023,4,missing_label_count,d129,1.0,1
sub-verse023,4,missing_label_count,d175,1.0,1
sub-verse024,0,common_matched_assd_mm,d129,2.2893882148285387,1
sub-verse024,0,common_matched_assd_mm,d175,3.7009454692377752,1
sub-verse024,0,common_matched_hd95_mm,d129,7.258265147651315,1
sub-verse024,0,common_matched_hd95_mm,d175,9.217697962883681,1
sub-verse024,0,complete_label_set_indicator,d129,0.0,1
sub-verse024,0,complete_label_set_indicator,d175,0.0,1
sub-verse024,0,foreground_dice,d129,0.957106,1
sub-verse024,0,foreground_dice,d175,0.956395,1
sub-verse024,0,identification_rate,d129,0.9,1
sub-verse024,0,identification_rate,d175,0.6,1
sub-verse024,0,label_set_jaccard,d129,0.8333333333333334,1
sub-verse024,0,label_set_jaccard,d175,0.8333333333333334,1
sub-verse024,0,macro_label_dice,d129,0.7637655884025484,1
sub-verse024,0,macro_label_dice,d175,0.6264860839618712,1
sub-verse024,0,missing_label_count,d129,0.0,1
sub-verse024,0,missing_label_count,d175,0.0,1
sub-verse024,1,common_matched_assd_mm,d129,1.7261340839719281,1
sub-verse024,1,common_matched_assd_mm,d175,1.9875695247954237,1
sub-verse024,1,common_matched_hd95_mm,d129,8.302409851930705,1
sub-verse024,1,common_matched_hd95_mm,d175,8.235540941532339,1
sub-verse024,1,complete_label_set_indicator,d129,0.0,1
sub-verse024,1,complete_label_set_indicator,d175,0.0,1
sub-verse024,1,foreground_dice,d129,0.95446,1
sub-verse024,1,foreground_dice,d175,0.956507,1
sub-verse024,1,identification_rate,d129,0.9,1
sub-verse024,1,identification_rate,d175,0.8,1
sub-verse024,1,label_set_jaccard,d129,0.8333333333333334,1
sub-verse024,1,label_set_jaccard,d175,0.8333333333333334,1
sub-verse024,1,macro_label_dice,d129,0.8113551033245351,1
sub-verse024,1,macro_label_dice,d175,0.7730514211641478,1
sub-verse024,1,missing_label_count,d129,0.0,1
sub-verse024,1,missing_label_count,d175,0.0,1
sub-verse024,2,common_matched_assd_mm,d129,1.9235838270887524,1
sub-verse024,2,common_matched_assd_mm,d175,2.9250587317978285,1
sub-verse024,2,common_matched_hd95_mm,d129,7.227216708440876,1
sub-verse024,2,common_matched_hd95_mm,d175,10.13913014830524,1
sub-verse024,2,complete_label_set_indicator,d129,0.0,1
sub-verse024,2,complete_label_set_indicator,d175,0.0,1
sub-verse024,2,foreground_dice,d129,0.957669,1
sub-verse024,2,foreground_dice,d175,0.958136,1
sub-verse024,2,identification_rate,d129,0.6,1
sub-verse024,2,identification_rate,d175,0.6,1
sub-verse024,2,label_set_jaccard,d129,0.8333333333333334,1
sub-verse024,2,label_set_jaccard,d175,0.8333333333333334,1
sub-verse024,2,macro_label_dice,d129,0.7625501121093364,1
sub-verse024,2,macro_label_dice,d175,0.6771204956650647,1
sub-verse024,2,missing_label_count,d129,0.0,1
sub-verse024,2,missing_label_count,d175,0.0,1
sub-verse024,3,common_matched_assd_mm,d129,1.8192379764524056,1
sub-verse024,3,common_matched_assd_mm,d175,4.459322867184465,1
sub-verse024,3,common_matched_hd95_mm,d129,9.598197424069623,1
sub-verse024,3,common_matched_hd95_mm,d175,12.357273159469784,1
sub-verse024,3,complete_label_set_indicator,d129,0.0,1
sub-verse024,3,complete_label_set_indicator,d175,0.0,1
sub-verse024,3,foreground_dice,d129,0.956638,1
sub-verse024,3,foreground_dice,d175,0.955764,1
sub-verse024,3,identification_rate,d129,0.8,1
sub-verse024,3,identification_rate,d175,0.6,1
sub-verse024,3,label_set_jaccard,d129,0.8333333333333334,1
sub-verse024,3,label_set_jaccard,d175,0.8333333333333334,1
sub-verse024,3,macro_label_dice,d129,0.7683278319461094,1
sub-verse024,3,macro_label_dice,d175,0.5989953920863089,1
sub-verse024,3,missing_label_count,d129,0.0,1
sub-verse024,3,missing_label_count,d175,0.0,1
sub-verse024,4,common_matched_assd_mm,d129,0.917541447702377,1
sub-verse024,4,common_matched_assd_mm,d175,2.8672697250949253,1
sub-verse024,4,common_matched_hd95_mm,d129,5.475487255505702,1
sub-verse024,4,common_matched_hd95_mm,d175,8.72358652258026,1
sub-verse024,4,complete_label_set_indicator,d129,0.0,1
sub-verse024,4,complete_label_set_indicator,d175,0.0,1
sub-verse024,4,foreground_dice,d129,0.956155,1
sub-verse024,4,foreground_dice,d175,0.956099,1
sub-verse024,4,identification_rate,d129,0.9,1
sub-verse024,4,identification_rate,d175,0.6,1
sub-verse024,4,label_set_jaccard,d129,0.8333333333333334,1
sub-verse024,4,label_set_jaccard,d175,0.7142857142857143,1
sub-verse024,4,macro_label_dice,d129,0.8958031793550966,1
sub-verse024,4,macro_label_dice,d175,0.6909237856566678,1
sub-verse024,4,missing_label_count,d129,0.0,1
sub-verse024,4,missing_label_count,d175,0.0,1
sub-verse026,0,common_matched_assd_mm,d129,0.4694396039209842,1
sub-verse026,0,common_matched_assd_mm,d175,0.2719098680284252,1
sub-verse026,0,common_matched_hd95_mm,d129,2.8609064085604983,1
sub-verse026,0,common_matched_hd95_mm,d175,1.2839186932379691,1
sub-verse026,0,complete_label_set_indicator,d129,0.0,1
sub-verse026,0,complete_label_set_indicator,d175,0.0,1
sub-verse026,0,foreground_dice,d129,0.952579,1
sub-verse026,0,foreground_dice,d175,0.95362,1
sub-verse026,0,identification_rate,d129,1.0,1
sub-verse026,0,identification_rate,d175,0.909091,1
sub-verse026,0,label_set_jaccard,d129,0.8461538461538461,1
sub-verse026,0,label_set_jaccard,d175,0.8461538461538461,1
sub-verse026,0,macro_label_dice,d129,0.9393076303846525,1
sub-verse026,0,macro_label_dice,d175,0.9547588662109644,1
sub-verse026,0,missing_label_count,d129,0.0,1
sub-verse026,0,missing_label_count,d175,0.0,1
sub-verse026,1,common_matched_assd_mm,d129,0.24111643817418021,1
sub-verse026,1,common_matched_assd_mm,d175,0.40785639123497436,1
sub-verse026,1,common_matched_hd95_mm,d129,1.2482580320662267,1
sub-verse026,1,common_matched_hd95_mm,d175,2.474371664254583,1
sub-verse026,1,complete_label_set_indicator,d129,0.0,1
sub-verse026,1,complete_label_set_indicator,d175,0.0,1
sub-verse026,1,foreground_dice,d129,0.956004,1
sub-verse026,1,foreground_dice,d175,0.956609,1
sub-verse026,1,identification_rate,d129,1.0,1
sub-verse026,1,identification_rate,d175,1.0,1
sub-verse026,1,label_set_jaccard,d129,0.8461538461538461,1
sub-verse026,1,label_set_jaccard,d175,0.8461538461538461,1
sub-verse026,1,macro_label_dice,d129,0.9588493548246487,1
sub-verse026,1,macro_label_dice,d175,0.9322151871999247,1
sub-verse026,1,missing_label_count,d129,0.0,1
sub-verse026,1,missing_label_count,d175,0.0,1
sub-verse026,2,common_matched_assd_mm,d129,0.30522342280044784,1
sub-verse026,2,common_matched_assd_mm,d175,0.5318433551398718,1
sub-verse026,2,common_matched_hd95_mm,d129,1.2409346854429897,1
sub-verse026,2,common_matched_hd95_mm,d175,2.733084875401005,1
sub-verse026,2,complete_label_set_indicator,d129,0.0,1
sub-verse026,2,complete_label_set_indicator,d175,0.0,1
sub-verse026,2,foreground_dice,d129,0.955364,1
sub-verse026,2,foreground_dice,d175,0.955211,1
sub-verse026,2,identification_rate,d129,1.0,1
sub-verse026,2,identification_rate,d175,1.0,1
sub-verse026,2,label_set_jaccard,d129,0.8461538461538461,1
sub-verse026,2,label_set_jaccard,d175,0.7333333333333333,1
sub-verse026,2,macro_label_dice,d129,0.9544228043219398,1
sub-verse026,2,macro_label_dice,d175,0.9425094565987713,1
sub-verse026,2,missing_label_count,d129,0.0,1
sub-verse026,2,missing_label_count,d175,0.0,1
sub-verse026,3,common_matched_assd_mm,d129,0.7349363837945404,1
sub-verse026,3,common_matched_assd_mm,d175,0.6243187811564175,1
sub-verse026,3,common_matched_hd95_mm,d129,4.995011892296987,1
sub-verse026,3,common_matched_hd95_mm,d175,3.836509372352131,1
sub-verse026,3,complete_label_set_indicator,d129,0.0,1
sub-verse026,3,complete_label_set_indicator,d175,0.0,1
sub-verse026,3,foreground_dice,d129,0.955559,1
sub-verse026,3,foreground_dice,d175,0.954657,1
sub-verse026,3,identification_rate,d129,1.0,1
sub-verse026,3,identification_rate,d175,1.0,1
sub-verse026,3,label_set_jaccard,d129,0.8461538461538461,1
sub-verse026,3,label_set_jaccard,d175,0.8461538461538461,1
sub-verse026,3,macro_label_dice,d129,0.9168075751878952,1
sub-verse026,3,macro_label_dice,d175,0.9225908677396233,1
sub-verse026,3,missing_label_count,d129,0.0,1
sub-verse026,3,missing_label_count,d175,0.0,1
sub-verse026,4,common_matched_assd_mm,d129,0.2735504015624866,1
sub-verse026,4,common_matched_assd_mm,d175,0.7009619768051824,1
sub-verse026,4,common_matched_hd95_mm,d129,1.571771757442807,1
sub-verse026,4,common_matched_hd95_mm,d175,4.333228271796629,1
sub-verse026,4,complete_label_set_indicator,d129,0.0,1
sub-verse026,4,complete_label_set_indicator,d175,0.0,1
sub-verse026,4,foreground_dice,d129,0.951679,1
sub-verse026,4,foreground_dice,d175,0.954499,1
sub-verse026,4,identification_rate,d129,0.909091,1
sub-verse026,4,identification_rate,d175,1.0,1
sub-verse026,4,label_set_jaccard,d129,0.8461538461538461,1
sub-verse026,4,label_set_jaccard,d175,0.8461538461538461,1
sub-verse026,4,macro_label_dice,d129,0.9521700924339307,1
sub-verse026,4,macro_label_dice,d175,0.9248074341009478,1
sub-verse026,4,missing_label_count,d129,0.0,1
sub-verse026,4,missing_label_count,d175,0.0,1
sub-verse030,0,common_matched_assd_mm,d129,0.11479113740018243,1
sub-verse030,0,common_matched_assd_mm,d175,0.11588616357902351,1
sub-verse030,0,common_matched_hd95_mm,d129,1.0,1
sub-verse030,0,common_matched_hd95_mm,d175,1.0,1
sub-verse030,0,complete_label_set_indicator,d129,0.0,1
sub-verse030,0,complete_label_set_indicator,d175,0.0,1
sub-verse030,0,foreground_dice,d129,0.962222,1
sub-verse030,0,foreground_dice,d175,0.94542,1
sub-verse030,0,identification_rate,d129,1.0,1
sub-verse030,0,identification_rate,d175,1.0,1
sub-verse030,0,label_set_jaccard,d129,0.8333333333333334,1
sub-verse030,0,label_set_jaccard,d175,0.7142857142857143,1
sub-verse030,0,macro_label_dice,d129,0.9716311630514349,1
sub-verse030,0,macro_label_dice,d175,0.9717168809225114,1
sub-verse030,0,missing_label_count,d129,0.0,1
sub-verse030,0,missing_label_count,d175,0.0,1
sub-verse030,1,common_matched_assd_mm,d129,0.11842449011703286,1
sub-verse030,1,common_matched_assd_mm,d175,0.11469756370962411,1
sub-verse030,1,common_matched_hd95_mm,d129,1.0,1
sub-verse030,1,common_matched_hd95_mm,d175,1.0,1
sub-verse030,1,complete_label_set_indicator,d129,0.0,1
sub-verse030,1,complete_label_set_indicator,d175,0.0,1
sub-verse030,1,foreground_dice,d129,0.969742,1
sub-verse030,1,foreground_dice,d175,0.932477,1
sub-verse030,1,identification_rate,d129,1.0,1
sub-verse030,1,identification_rate,d175,1.0,1
sub-verse030,1,label_set_jaccard,d129,0.7142857142857143,1
sub-verse030,1,label_set_jaccard,d175,0.7142857142857143,1
sub-verse030,1,macro_label_dice,d129,0.9711197278309187,1
sub-verse030,1,macro_label_dice,d175,0.9719503585141419,1
sub-verse030,1,missing_label_count,d129,0.0,1
sub-verse030,1,missing_label_count,d175,0.0,1
sub-verse030,2,common_matched_assd_mm,d129,0.12509950115378407,1
sub-verse030,2,common_matched_assd_mm,d175,0.12538100087640047,1
sub-verse030,2,common_matched_hd95_mm,d129,1.0,1
sub-verse030,2,common_matched_hd95_mm,d175,1.0,1
sub-verse030,2,complete_label_set_indicator,d129,0.0,1
sub-verse030,2,complete_label_set_indicator,d175,0.0,1
sub-verse030,2,foreground_dice,d129,0.956598,1
sub-verse030,2,foreground_dice,d175,0.918352,1
sub-verse030,2,identification_rate,d129,1.0,1
sub-verse030,2,identification_rate,d175,1.0,1
sub-verse030,2,label_set_jaccard,d129,0.7142857142857143,1
sub-verse030,2,label_set_jaccard,d175,0.7142857142857143,1
sub-verse030,2,macro_label_dice,d129,0.9698674123260214,1
sub-verse030,2,macro_label_dice,d175,0.9701074592399488,1
sub-verse030,2,missing_label_count,d129,0.0,1
sub-verse030,2,missing_label_count,d175,0.0,1
sub-verse030,3,common_matched_assd_mm,d129,0.11577772108324495,1
sub-verse030,3,common_matched_assd_mm,d175,0.1166111436965919,1
sub-verse030,3,common_matched_hd95_mm,d129,1.0,1
sub-verse030,3,common_matched_hd95_mm,d175,1.0,1
sub-verse030,3,complete_label_set_indicator,d129,0.0,1
sub-verse030,3,complete_label_set_indicator,d175,0.0,1
sub-verse030,3,foreground_dice,d129,0.959851,1
sub-verse030,3,foreground_dice,d175,0.923087,1
sub-verse030,3,identification_rate,d129,1.0,1
sub-verse030,3,identification_rate,d175,1.0,1
sub-verse030,3,label_set_jaccard,d129,0.7142857142857143,1
sub-verse030,3,label_set_jaccard,d175,0.7142857142857143,1
sub-verse030,3,macro_label_dice,d129,0.9716128241954045,1
sub-verse030,3,macro_label_dice,d175,0.9714968938997874,1
sub-verse030,3,missing_label_count,d129,0.0,1
sub-verse030,3,missing_label_count,d175,0.0,1
sub-verse030,4,common_matched_assd_mm,d129,0.11548830236530779,1
sub-verse030,4,common_matched_assd_mm,d175,0.11455074830449259,1
sub-verse030,4,common_matched_hd95_mm,d129,1.0,1
sub-verse030,4,common_matched_hd95_mm,d175,1.0,1
sub-verse030,4,complete_label_set_indicator,d129,0.0,1
sub-verse030,4,complete_label_set_indicator,d175,0.0,1
sub-verse030,4,foreground_dice,d129,0.962904,1
sub-verse030,4,foreground_dice,d175,0.928544,1
sub-verse030,4,identification_rate,d129,1.0,1
sub-verse030,4,identification_rate,d175,1.0,1
sub-verse030,4,label_set_jaccard,d129,0.7142857142857143,1
sub-verse030,4,label_set_jaccard,d175,0.7142857142857143,1
sub-verse030,4,macro_label_dice,d129,0.9717934104518537,1
sub-verse030,4,macro_label_dice,d175,0.9722561707212029,1
sub-verse030,4,missing_label_count,d129,0.0,1
sub-verse030,4,missing_label_count,d175,0.0,1
sub-verse041,0,common_matched_assd_mm,d129,0.37173611564498565,1
sub-verse041,0,common_matched_assd_mm,d175,2.67533507408399,1
sub-verse041,0,common_matched_hd95_mm,d129,2.2202137246026985,1
sub-verse041,0,common_matched_hd95_mm,d175,3.63876573716153,1
sub-verse041,0,complete_label_set_indicator,d129,0.0,1
sub-verse041,0,complete_label_set_indicator,d175,0.0,1
sub-verse041,0,foreground_dice,d129,0.952371,1
sub-verse041,0,foreground_dice,d175,0.944829,1
sub-verse041,0,identification_rate,d129,1.0,1
sub-verse041,0,identification_rate,d175,1.0,1
sub-verse041,0,label_set_jaccard,d129,0.9,1
sub-verse041,0,label_set_jaccard,d175,0.9,1
sub-verse041,0,macro_label_dice,d129,0.932498875936511,1
sub-verse041,0,macro_label_dice,d175,0.9286178672913977,1
sub-verse041,0,missing_label_count,d129,0.0,1
sub-verse041,0,missing_label_count,d175,0.0,1
sub-verse041,1,common_matched_assd_mm,d129,1.2802651994437728,1
sub-verse041,1,common_matched_assd_mm,d175,0.7242649249475482,1
sub-verse041,1,common_matched_hd95_mm,d129,2.744510998215298,1
sub-verse041,1,common_matched_hd95_mm,d175,3.249691429011039,1
sub-verse041,1,complete_label_set_indicator,d129,0.0,1
sub-verse041,1,complete_label_set_indicator,d175,0.0,1
sub-verse041,1,foreground_dice,d129,0.95023,1
sub-verse041,1,foreground_dice,d175,0.948275,1
sub-verse041,1,identification_rate,d129,1.0,1
sub-verse041,1,identification_rate,d175,1.0,1
sub-verse041,1,label_set_jaccard,d129,0.8181818181818182,1
sub-verse041,1,label_set_jaccard,d175,0.9473684210526315,1
sub-verse041,1,macro_label_dice,d129,0.9278630276101923,1
sub-verse041,1,macro_label_dice,d175,0.9199333684512015,1
sub-verse041,1,missing_label_count,d129,0.0,1
sub-verse041,1,missing_label_count,d175,0.0,1
sub-verse041,2,common_matched_assd_mm,d129,1.042123395917957,1
sub-verse041,2,common_matched_assd_mm,d175,2.5108839271842247,1
sub-verse041,2,common_matched_hd95_mm,d129,5.104118124924494,1
sub-verse041,2,common_matched_hd95_mm,d175,15.469388005068575,1
sub-verse041,2,complete_label_set_indicator,d129,0.0,1
sub-verse041,2,complete_label_set_indicator,d175,0.0,1
sub-verse041,2,foreground_dice,d129,0.947026,1
sub-verse041,2,foreground_dice,d175,0.945673,1
sub-verse041,2,identification_rate,d129,1.0,1
sub-verse041,2,identification_rate,d175,1.0,1
sub-verse041,2,label_set_jaccard,d129,0.8181818181818182,1
sub-verse041,2,label_set_jaccard,d175,0.782608695652174,1
sub-verse041,2,macro_label_dice,d129,0.8918546167501393,1
sub-verse041,2,macro_label_dice,d175,0.8820028413593466,1
sub-verse041,2,missing_label_count,d129,0.0,1
sub-verse041,2,missing_label_count,d175,0.0,1
sub-verse041,3,common_matched_assd_mm,d129,1.6614511665227552,1
sub-verse041,3,common_matched_assd_mm,d175,1.5742611165682312,1
sub-verse041,3,common_matched_hd95_mm,d129,6.7264363663002795,1
sub-verse041,3,common_matched_hd95_mm,d175,6.2299169432905845,1
sub-verse041,3,complete_label_set_indicator,d129,0.0,1
sub-verse041,3,complete_label_set_indicator,d175,0.0,1
sub-verse041,3,foreground_dice,d129,0.951035,1
sub-verse041,3,foreground_dice,d175,0.948218,1
sub-verse041,3,identification_rate,d129,0.888889,1
sub-verse041,3,identification_rate,d175,0.888889,1
sub-verse041,3,label_set_jaccard,d129,0.8571428571428571,1
sub-verse041,3,label_set_jaccard,d175,0.8571428571428571,1
sub-verse041,3,macro_label_dice,d129,0.8413221821570097,1
sub-verse041,3,macro_label_dice,d175,0.8533844478210413,1
sub-verse041,3,missing_label_count,d129,0.0,1
sub-verse041,3,missing_label_count,d175,0.0,1
sub-verse041,4,common_matched_assd_mm,d129,0.8901093211309922,1
sub-verse041,4,common_matched_assd_mm,d175,2.0114110702634798,1
sub-verse041,4,common_matched_hd95_mm,d129,4.2945713372323615,1
sub-verse041,4,common_matched_hd95_mm,d175,19.552933983066378,1
sub-verse041,4,complete_label_set_indicator,d129,0.0,1
sub-verse041,4,complete_label_set_indicator,d175,0.0,1
sub-verse041,4,foreground_dice,d129,0.950431,1
sub-verse041,4,foreground_dice,d175,0.948565,1
sub-verse041,4,identification_rate,d129,1.0,1
sub-verse041,4,identification_rate,d175,0.944444,1
sub-verse041,4,label_set_jaccard,d129,0.9473684210526315,1
sub-verse041,4,label_set_jaccard,d175,0.8181818181818182,1
sub-verse041,4,macro_label_dice,d129,0.9141855718608739,1
sub-verse041,4,macro_label_dice,d175,0.9254188242855889,1
sub-verse041,4,missing_label_count,d129,0.0,1
sub-verse041,4,missing_label_count,d175,0.0,1
sub-verse047,0,common_matched_assd_mm,d129,0.4096093668190916,1
sub-verse047,0,common_matched_assd_mm,d175,0.72831706651497,1
sub-verse047,0,common_matched_hd95_mm,d129,2.2626237348062723,1
sub-verse047,0,common_matched_hd95_mm,d175,4.63383890874234,1
sub-verse047,0,complete_label_set_indicator,d129,1.0,1
sub-verse047,0,complete_label_set_indicator,d175,1.0,1
sub-verse047,0,foreground_dice,d129,0.962465,1
sub-verse047,0,foreground_dice,d175,0.960699,1
sub-verse047,0,identification_rate,d129,1.0,1
sub-verse047,0,identification_rate,d175,1.0,1
sub-verse047,0,label_set_jaccard,d129,1.0,1
sub-verse047,0,label_set_jaccard,d175,1.0,1
sub-verse047,0,macro_label_dice,d129,0.9348795830270934,1
sub-verse047,0,macro_label_dice,d175,0.9008285501109031,1
sub-verse047,0,missing_label_count,d129,0.0,1
sub-verse047,0,missing_label_count,d175,0.0,1
sub-verse047,1,common_matched_assd_mm,d129,0.5616552232179837,1
sub-verse047,1,common_matched_assd_mm,d175,0.5394964433222659,1
sub-verse047,1,common_matched_hd95_mm,d129,2.2256198871896404,1
sub-verse047,1,common_matched_hd95_mm,d175,3.0033740454510647,1
sub-verse047,1,complete_label_set_indicator,d129,0.0,1
sub-verse047,1,complete_label_set_indicator,d175,1.0,1
sub-verse047,1,foreground_dice,d129,0.951725,1
sub-verse047,1,foreground_dice,d175,0.955097,1
sub-verse047,1,identification_rate,d129,1.0,1
sub-verse047,1,identification_rate,d175,1.0,1
sub-verse047,1,label_set_jaccard,d129,0.9444444444444444,1
sub-verse047,1,label_set_jaccard,d175,1.0,1
sub-verse047,1,macro_label_dice,d129,0.9125968222944671,1
sub-verse047,1,macro_label_dice,d175,0.9246432632333549,1
sub-verse047,1,missing_label_count,d129,0.0,1
sub-verse047,1,missing_label_count,d175,0.0,1
sub-verse047,2,common_matched_assd_mm,d129,0.6293649085394539,1
sub-verse047,2,common_matched_assd_mm,d175,1.0927214796317188,1
sub-verse047,2,common_matched_hd95_mm,d129,3.635111613156002,1
sub-verse047,2,common_matched_hd95_mm,d175,4.785613489753237,1
sub-verse047,2,complete_label_set_indicator,d129,1.0,1
sub-verse047,2,complete_label_set_indicator,d175,1.0,1
sub-verse047,2,foreground_dice,d129,0.953043,1
sub-verse047,2,foreground_dice,d175,0.953746,1
sub-verse047,2,identification_rate,d129,1.0,1
sub-verse047,2,identification_rate,d175,0.941176,1
sub-verse047,2,label_set_jaccard,d129,1.0,1
sub-verse047,2,label_set_jaccard,d175,1.0,1
sub-verse047,2,macro_label_dice,d129,0.8946378653049628,1
sub-verse047,2,macro_label_dice,d175,0.8374485541098932,1
sub-verse047,2,missing_label_count,d129,0.0,1
sub-verse047,2,missing_label_count,d175,0.0,1
sub-verse047,3,common_matched_assd_mm,d129,1.680097288484747,1
sub-verse047,3,common_matched_assd_mm,d175,0.8024720609547585,1
sub-verse047,3,common_matched_hd95_mm,d129,7.664808624740071,1
sub-verse047,3,common_matched_hd95_mm,d175,4.9853825397178335,1
sub-verse047,3,complete_label_set_indicator,d129,0.0,1
sub-verse047,3,complete_label_set_indicator,d175,0.0,1
sub-verse047,3,foreground_dice,d129,0.960446,1
sub-verse047,3,foreground_dice,d175,0.962536,1
sub-verse047,3,identification_rate,d129,0.941176,1
sub-verse047,3,identification_rate,d175,1.0,1
sub-verse047,3,label_set_jaccard,d129,0.9444444444444444,1
sub-verse047,3,label_set_jaccard,d175,0.9444444444444444,1
sub-verse047,3,macro_label_dice,d129,0.8211337133292536,1
sub-verse047,3,macro_label_dice,d175,0.9037537660086677,1
sub-verse047,3,missing_label_count,d129,0.0,1
sub-verse047,3,missing_label_count,d175,0.0,1
sub-verse047,4,common_matched_assd_mm,d129,0.2721419998224184,1
sub-verse047,4,common_matched_assd_mm,d175,0.7464828264713486,1
sub-verse047,4,common_matched_hd95_mm,d129,1.406674825693744,1
sub-verse047,4,common_matched_hd95_mm,d175,4.237253046197927,1
sub-verse047,4,complete_label_set_indicator,d129,0.0,1
sub-verse047,4,complete_label_set_indicator,d175,0.0,1
sub-verse047,4,foreground_dice,d129,0.958878,1
sub-verse047,4,foreground_dice,d175,0.957711,1
sub-verse047,4,identification_rate,d129,1.0,1
sub-verse047,4,identification_rate,d175,1.0,1
sub-verse047,4,label_set_jaccard,d129,0.9444444444444444,1
sub-verse047,4,label_set_jaccard,d175,0.9444444444444444,1
sub-verse047,4,macro_label_dice,d129,0.9406159807105545,1
sub-verse047,4,macro_label_dice,d175,0.8923754831009724,1
sub-verse047,4,missing_label_count,d129,0.0,1
sub-verse047,4,missing_label_count,d175,0.0,1
sub-verse058,0,common_matched_assd_mm,d129,0.18048950337574088,1
sub-verse058,0,common_matched_assd_mm,d175,0.192625938805706,1
sub-verse058,0,common_matched_hd95_mm,d129,1.0,1
sub-verse058,0,common_matched_hd95_mm,d175,1.0,1
sub-verse058,0,complete_label_set_indicator,d129,0.0,1
sub-verse058,0,complete_label_set_indicator,d175,0.0,1
sub-verse058,0,foreground_dice,d129,0.953924,1
sub-verse058,0,foreground_dice,d175,0.949255,1
sub-verse058,0,identification_rate,d129,1.0,1
sub-verse058,0,identification_rate,d175,1.0,1
sub-verse058,0,label_set_jaccard,d129,0.75,1
sub-verse058,0,label_set_jaccard,d175,0.6666666666666666,1
sub-verse058,0,macro_label_dice,d129,0.9602481164469793,1
sub-verse058,0,macro_label_dice,d175,0.9594740481587918,1
sub-verse058,0,missing_label_count,d129,0.0,1
sub-verse058,0,missing_label_count,d175,0.0,1
sub-verse058,1,common_matched_assd_mm,d129,0.19665681747499175,1
sub-verse058,1,common_matched_assd_mm,d175,0.1835389658263181,1
sub-verse058,1,common_matched_hd95_mm,d129,1.1666666666666667,1
sub-verse058,1,common_matched_hd95_mm,d175,1.0,1
sub-verse058,1,complete_label_set_indicator,d129,0.0,1
sub-verse058,1,complete_label_set_indicator,d175,0.0,1
sub-verse058,1,foreground_dice,d129,0.954937,1
sub-verse058,1,foreground_dice,d175,0.952784,1
sub-verse058,1,identification_rate,d129,1.0,1
sub-verse058,1,identification_rate,d175,1.0,1
sub-verse058,1,label_set_jaccard,d129,0.75,1
sub-verse058,1,label_set_jaccard,d175,0.75,1
sub-verse058,1,macro_label_dice,d129,0.956679176201285,1
sub-verse058,1,macro_label_dice,d175,0.9595550171277089,1
sub-verse058,1,missing_label_count,d129,0.0,1
sub-verse058,1,missing_label_count,d175,0.0,1
sub-verse058,2,common_matched_assd_mm,d129,0.2722524549067014,1
sub-verse058,2,common_matched_assd_mm,d175,0.1825890692902968,1
sub-verse058,2,common_matched_hd95_mm,d129,1.6498299142610593,1
sub-verse058,2,common_matched_hd95_mm,d175,1.0,1
sub-verse058,2,complete_label_set_indicator,d129,0.0,1
sub-verse058,2,complete_label_set_indicator,d175,0.0,1
sub-verse058,2,foreground_dice,d129,0.928059,1
sub-verse058,2,foreground_dice,d175,0.920342,1
sub-verse058,2,identification_rate,d129,1.0,1
sub-verse058,2,identification_rate,d175,1.0,1
sub-verse058,2,label_set_jaccard,d129,0.6666666666666666,1
sub-verse058,2,label_set_jaccard,d175,0.75,1
sub-verse058,2,macro_label_dice,d129,0.9458905770935622,1
sub-verse058,2,macro_label_dice,d175,0.9589908775143964,1
sub-verse058,2,missing_label_count,d129,0.0,1
sub-verse058,2,missing_label_count,d175,0.0,1
sub-verse058,3,common_matched_assd_mm,d129,0.18329534014413587,1
sub-verse058,3,common_matched_assd_mm,d175,0.18458438101931998,1
sub-verse058,3,common_matched_hd95_mm,d129,1.0,1
sub-verse058,3,common_matched_hd95_mm,d175,1.0,1
sub-verse058,3,complete_label_set_indicator,d129,0.0,1
sub-verse058,3,complete_label_set_indicator,d175,0.0,1
sub-verse058,3,foreground_dice,d129,0.958029,1
sub-verse058,3,foreground_dice,d175,0.927529,1
sub-verse058,3,identification_rate,d129,1.0,1
sub-verse058,3,identification_rate,d175,1.0,1
sub-verse058,3,label_set_jaccard,d129,0.75,1
sub-verse058,3,label_set_jaccard,d175,0.75,1
sub-verse058,3,macro_label_dice,d129,0.9594456198365423,1
sub-verse058,3,macro_label_dice,d175,0.959626060001292,1
sub-verse058,3,missing_label_count,d129,0.0,1
sub-verse058,3,missing_label_count,d175,0.0,1
sub-verse058,4,common_matched_assd_mm,d129,0.18258410141276268,1
sub-verse058,4,common_matched_assd_mm,d175,0.18074763744657174,1
sub-verse058,4,common_matched_hd95_mm,d129,1.0,1
sub-verse058,4,common_matched_hd95_mm,d175,1.0,1
sub-verse058,4,complete_label_set_indicator,d129,0.0,1
sub-verse058,4,complete_label_set_indicator,d175,0.0,1
sub-verse058,4,foreground_dice,d129,0.954444,1
sub-verse058,4,foreground_dice,d175,0.946574,1
sub-verse058,4,identification_rate,d129,1.0,1
sub-verse058,4,identification_rate,d175,1.0,1
sub-verse058,4,label_set_jaccard,d129,0.75,1
sub-verse058,4,label_set_jaccard,d175,0.8571428571428571,1
sub-verse058,4,macro_label_dice,d129,0.9598915700999533,1
sub-verse058,4,macro_label_dice,d175,0.9602831706639711,1
sub-verse058,4,missing_label_count,d129,0.0,1
sub-verse058,4,missing_label_count,d175,0.0,1
sub-verse067,0,common_matched_assd_mm,d129,3.804049081688576,1
sub-verse067,0,common_matched_assd_mm,d175,1.6462315194168524,1
sub-verse067,0,common_matched_hd95_mm,d129,13.137491948212618,1
sub-verse067,0,common_matched_hd95_mm,d175,9.495639837214362,1
sub-verse067,0,complete_label_set_indicator,d129,0.0,1
sub-verse067,0,complete_label_set_indicator,d175,0.0,1
sub-verse067,0,foreground_dice,d129,0.932325,1
sub-verse067,0,foreground_dice,d175,0.929729,1
sub-verse067,0,identification_rate,d129,0.7,1
sub-verse067,0,identification_rate,d175,1.0,1
sub-verse067,0,label_set_jaccard,d129,0.8333333333333334,1
sub-verse067,0,label_set_jaccard,d175,0.7692307692307693,1
sub-verse067,0,macro_label_dice,d129,0.690562874691053,1
sub-verse067,0,macro_label_dice,d175,0.8664119941660466,1
sub-verse067,0,missing_label_count,d129,0.0,1
sub-verse067,0,missing_label_count,d175,0.0,1
sub-verse067,1,common_matched_assd_mm,d129,0.19030693596466247,1
sub-verse067,1,common_matched_assd_mm,d175,0.36491198901011396,1
sub-verse067,1,common_matched_hd95_mm,d129,1.0414213562373096,1
sub-verse067,1,common_matched_hd95_mm,d175,1.123606797749979,1
sub-verse067,1,complete_label_set_indicator,d129,0.0,1
sub-verse067,1,complete_label_set_indicator,d175,0.0,1
sub-verse067,1,foreground_dice,d129,0.948029,1
sub-verse067,1,foreground_dice,d175,0.945179,1
sub-verse067,1,identification_rate,d129,1.0,1
sub-verse067,1,identification_rate,d175,1.0,1
sub-verse067,1,label_set_jaccard,d129,0.8333333333333334,1
sub-verse067,1,label_set_jaccard,d175,0.8333333333333334,1
sub-verse067,1,macro_label_dice,d129,0.9563308836096294,1
sub-verse067,1,macro_label_dice,d175,0.9555636731805593,1
sub-verse067,1,missing_label_count,d129,0.0,1
sub-verse067,1,missing_label_count,d175,0.0,1
sub-verse067,2,common_matched_assd_mm,d129,0.42264820958388966,1
sub-verse067,2,common_matched_assd_mm,d175,0.29535953782358393,1
sub-verse067,2,common_matched_hd95_mm,d129,2.8544385990292382,1
sub-verse067,2,common_matched_hd95_mm,d175,1.4414213562373095,1
sub-verse067,2,complete_label_set_indicator,d129,0.0,1
sub-verse067,2,complete_label_set_indicator,d175,0.0,1
sub-verse067,2,foreground_dice,d129,0.936524,1
sub-verse067,2,foreground_dice,d175,0.935286,1
sub-verse067,2,identification_rate,d129,1.0,1
sub-verse067,2,identification_rate,d175,1.0,1
sub-verse067,2,label_set_jaccard,d129,0.7692307692307693,1
sub-verse067,2,label_set_jaccard,d175,0.7692307692307693,1
sub-verse067,2,macro_label_dice,d129,0.93840327816632,1
sub-verse067,2,macro_label_dice,d175,0.9426696051089785,1
sub-verse067,2,missing_label_count,d129,0.0,1
sub-verse067,2,missing_label_count,d175,0.0,1
sub-verse067,3,common_matched_assd_mm,d129,5.694041836651845,1
sub-verse067,3,common_matched_assd_mm,d175,5.879171798259483,1
sub-verse067,3,common_matched_hd95_mm,d129,15.697783672823736,1
sub-verse067,3,common_matched_hd95_mm,d175,16.615419857470663,1
sub-verse067,3,complete_label_set_indicator,d129,0.0,1
sub-verse067,3,complete_label_set_indicator,d175,0.0,1
sub-verse067,3,foreground_dice,d129,0.926851,1
sub-verse067,3,foreground_dice,d175,0.921869,1
sub-verse067,3,identification_rate,d129,0.5,1
sub-verse067,3,identification_rate,d175,0.5,1
sub-verse067,3,label_set_jaccard,d129,0.7692307692307693,1
sub-verse067,3,label_set_jaccard,d175,0.7692307692307693,1
sub-verse067,3,macro_label_dice,d129,0.537503463202247,1
sub-verse067,3,macro_label_dice,d175,0.5094706858938712,1
sub-verse067,3,missing_label_count,d129,0.0,1
sub-verse067,3,missing_label_count,d175,0.0,1
sub-verse067,4,common_matched_assd_mm,d129,0.5449806901906447,1
sub-verse067,4,common_matched_assd_mm,d175,2.6237138915944356,1
sub-verse067,4,common_matched_hd95_mm,d129,3.1276629769764437,1
sub-verse067,4,common_matched_hd95_mm,d175,10.02637271780828,1
sub-verse067,4,complete_label_set_indicator,d129,0.0,1
sub-verse067,4,complete_label_set_indicator,d175,0.0,1
sub-verse067,4,foreground_dice,d129,0.930562,1
sub-verse067,4,foreground_dice,d175,0.935918,1
sub-verse067,4,identification_rate,d129,1.0,1
sub-verse067,4,identification_rate,d175,0.8,1
sub-verse067,4,label_set_jaccard,d129,0.8333333333333334,1
sub-verse067,4,label_set_jaccard,d175,0.8333333333333334,1
sub-verse067,4,macro_label_dice,d129,0.9282061125854225,1
sub-verse067,4,macro_label_dice,d175,0.7600308729343167,1
sub-verse067,4,missing_label_count,d129,0.0,1
sub-verse067,4,missing_label_count,d175,0.0,1
sub-verse071,0,common_matched_assd_mm,d129,0.18277912785776684,1
sub-verse071,0,common_matched_assd_mm,d175,0.16324088997137093,1
sub-verse071,0,common_matched_hd95_mm,d129,1.0745584412269762,1
sub-verse071,0,common_matched_hd95_mm,d175,1.0,1
sub-verse071,0,complete_label_set_indicator,d129,0.0,1
sub-verse071,0,complete_label_set_indicator,d175,0.0,1
sub-verse071,0,foreground_dice,d129,0.957345,1
sub-verse071,0,foreground_dice,d175,0.9568,1
sub-verse071,0,identification_rate,d129,1.0,1
sub-verse071,0,identification_rate,d175,1.0,1
sub-verse071,0,label_set_jaccard,d129,0.7142857142857143,1
sub-verse071,0,label_set_jaccard,d175,0.7142857142857143,1
sub-verse071,0,macro_label_dice,d129,0.96629243408041,1
sub-verse071,0,macro_label_dice,d175,0.9705181434791502,1
sub-verse071,0,missing_label_count,d129,0.0,1
sub-verse071,0,missing_label_count,d175,0.0,1
sub-verse071,1,common_matched_assd_mm,d129,0.16664874541110258,1
sub-verse071,1,common_matched_assd_mm,d175,0.1646911359540551,1
sub-verse071,1,common_matched_hd95_mm,d129,1.0,1
sub-verse071,1,common_matched_hd95_mm,d175,1.0,1
sub-verse071,1,complete_label_set_indicator,d129,0.0,1
sub-verse071,1,complete_label_set_indicator,d175,0.0,1
sub-verse071,1,foreground_dice,d129,0.956824,1
sub-verse071,1,foreground_dice,d175,0.957732,1
sub-verse071,1,identification_rate,d129,1.0,1
sub-verse071,1,identification_rate,d175,1.0,1
sub-verse071,1,label_set_jaccard,d129,0.8333333333333334,1
sub-verse071,1,label_set_jaccard,d175,0.8333333333333334,1
sub-verse071,1,macro_label_dice,d129,0.9715710623878848,1
sub-verse071,1,macro_label_dice,d175,0.9723277963156258,1
sub-verse071,1,missing_label_count,d129,0.0,1
sub-verse071,1,missing_label_count,d175,0.0,1
sub-verse071,2,common_matched_assd_mm,d129,0.18870135189951356,1
sub-verse071,2,common_matched_assd_mm,d175,0.24808757073289284,1
sub-verse071,2,common_matched_hd95_mm,d129,1.082842712474619,1
sub-verse071,2,common_matched_hd95_mm,d175,1.432455532033676,1
sub-verse071,2,complete_label_set_indicator,d129,0.0,1
sub-verse071,2,complete_label_set_indicator,d175,0.0,1
sub-verse071,2,foreground_dice,d129,0.95267,1
sub-verse071,2,foreground_dice,d175,0.9569,1
sub-verse071,2,identification_rate,d129,1.0,1
sub-verse071,2,identification_rate,d175,1.0,1
sub-verse071,2,label_set_jaccard,d129,0.7142857142857143,1
sub-verse071,2,label_set_jaccard,d175,0.7142857142857143,1
sub-verse071,2,macro_label_dice,d129,0.9658608865366866,1
sub-verse071,2,macro_label_dice,d175,0.9602661625771948,1
sub-verse071,2,missing_label_count,d129,0.0,1
sub-verse071,2,missing_label_count,d175,0.0,1
sub-verse071,3,common_matched_assd_mm,d129,0.15807339905238166,1
sub-verse071,3,common_matched_assd_mm,d175,0.16881006870124288,1
sub-verse071,3,common_matched_hd95_mm,d129,1.0,1
sub-verse071,3,common_matched_hd95_mm,d175,1.0,1
sub-verse071,3,complete_label_set_indicator,d129,0.0,1
sub-verse071,3,complete_label_set_indicator,d175,0.0,1
sub-verse071,3,foreground_dice,d129,0.95672,1
sub-verse071,3,foreground_dice,d175,0.9561,1
sub-verse071,3,identification_rate,d129,1.0,1
sub-verse071,3,identification_rate,d175,1.0,1
sub-verse071,3,label_set_jaccard,d129,0.7142857142857143,1
sub-verse071,3,label_set_jaccard,d175,0.7142857142857143,1
sub-verse071,3,macro_label_dice,d129,0.9718584249893277,1
sub-verse071,3,macro_label_dice,d175,0.9689030978789251,1
sub-verse071,3,missing_label_count,d129,0.0,1
sub-verse071,3,missing_label_count,d175,0.0,1
sub-verse071,4,common_matched_assd_mm,d129,0.15532128891485436,1
sub-verse071,4,common_matched_assd_mm,d175,1.6815406487756577,1
sub-verse071,4,common_matched_hd95_mm,d129,1.0,1
sub-verse071,4,common_matched_hd95_mm,d175,3.654894557581018,1
sub-verse071,4,complete_label_set_indicator,d129,0.0,1
sub-verse071,4,complete_label_set_indicator,d175,0.0,1
sub-verse071,4,foreground_dice,d129,0.957481,1
sub-verse071,4,foreground_dice,d175,0.950334,1
sub-verse071,4,identification_rate,d129,1.0,1
sub-verse071,4,identification_rate,d175,1.0,1
sub-verse071,4,label_set_jaccard,d129,0.8333333333333334,1
sub-verse071,4,label_set_jaccard,d175,0.7142857142857143,1
sub-verse071,4,macro_label_dice,d129,0.9723444641933646,1
sub-verse071,4,macro_label_dice,d175,0.9455647940192401,1
sub-verse071,4,missing_label_count,d129,0.0,1
sub-verse071,4,missing_label_count,d175,0.0,1
sub-verse073,0,common_matched_assd_mm,d129,0.13512318502151663,1
sub-verse073,0,common_matched_assd_mm,d175,0.1430470930371151,1
sub-verse073,0,common_matched_hd95_mm,d129,1.0,1
sub-verse073,0,common_matched_hd95_mm,d175,1.0,1
sub-verse073,0,complete_label_set_indicator,d129,0.0,1
sub-verse073,0,complete_label_set_indicator,d175,0.0,1
sub-verse073,0,foreground_dice,d129,0.904161,1
sub-verse073,0,foreground_dice,d175,0.901899,1
sub-verse073,0,identification_rate,d129,1.0,1
sub-verse073,0,identification_rate,d175,1.0,1
sub-verse073,0,label_set_jaccard,d129,0.625,1
sub-verse073,0,label_set_jaccard,d175,0.625,1
sub-verse073,0,macro_label_dice,d129,0.9723614065706039,1
sub-verse073,0,macro_label_dice,d175,0.971483094939067,1
sub-verse073,0,missing_label_count,d129,0.0,1
sub-verse073,0,missing_label_count,d175,0.0,1
sub-verse073,1,common_matched_assd_mm,d129,0.1462151457828655,1
sub-verse073,1,common_matched_assd_mm,d175,0.14362396537921288,1
sub-verse073,1,common_matched_hd95_mm,d129,1.0,1
sub-verse073,1,common_matched_hd95_mm,d175,1.0,1
sub-verse073,1,complete_label_set_indicator,d129,0.0,1
sub-verse073,1,complete_label_set_indicator,d175,0.0,1
sub-verse073,1,foreground_dice,d129,0.903145,1
sub-verse073,1,foreground_dice,d175,0.903439,1
sub-verse073,1,identification_rate,d129,1.0,1
sub-verse073,1,identification_rate,d175,1.0,1
sub-verse073,1,label_set_jaccard,d129,0.7142857142857143,1
sub-verse073,1,label_set_jaccard,d175,0.7142857142857143,1
sub-verse073,1,macro_label_dice,d129,0.9713185559596547,1
sub-verse073,1,macro_label_dice,d175,0.9708837077891246,1
sub-verse073,1,missing_label_count,d129,0.0,1
sub-verse073,1,missing_label_count,d175,0.0,1
sub-verse073,2,common_matched_assd_mm,d129,0.13913420730363918,1
sub-verse073,2,common_matched_assd_mm,d175,0.15819547093821273,1
sub-verse073,2,common_matched_hd95_mm,d129,1.0,1
sub-verse073,2,common_matched_hd95_mm,d175,1.0,1
sub-verse073,2,complete_label_set_indicator,d129,0.0,1
sub-verse073,2,complete_label_set_indicator,d175,0.0,1
sub-verse073,2,foreground_dice,d129,0.903111,1
sub-verse073,2,foreground_dice,d175,0.904634,1
sub-verse073,2,identification_rate,d129,1.0,1
sub-verse073,2,identification_rate,d175,1.0,1
sub-verse073,2,label_set_jaccard,d129,0.7142857142857143,1
sub-verse073,2,label_set_jaccard,d175,0.7142857142857143,1
sub-verse073,2,macro_label_dice,d129,0.9715677981002964,1
sub-verse073,2,macro_label_dice,d175,0.9711422278042054,1
sub-verse073,2,missing_label_count,d129,0.0,1
sub-verse073,2,missing_label_count,d175,0.0,1
sub-verse073,3,common_matched_assd_mm,d129,0.14132435263359494,1
sub-verse073,3,common_matched_assd_mm,d175,0.14258041915026115,1
sub-verse073,3,common_matched_hd95_mm,d129,1.0,1
sub-verse073,3,common_matched_hd95_mm,d175,1.0,1
sub-verse073,3,complete_label_set_indicator,d129,0.0,1
sub-verse073,3,complete_label_set_indicator,d175,0.0,1
sub-verse073,3,foreground_dice,d129,0.903236,1
sub-verse073,3,foreground_dice,d175,0.902884,1
sub-verse073,3,identification_rate,d129,1.0,1
sub-verse073,3,identification_rate,d175,1.0,1
sub-verse073,3,label_set_jaccard,d129,0.7142857142857143,1
sub-verse073,3,label_set_jaccard,d175,0.7142857142857143,1
sub-verse073,3,macro_label_dice,d129,0.97141813741748,1
sub-verse073,3,macro_label_dice,d175,0.9713371044428841,1
sub-verse073,3,missing_label_count,d129,0.0,1
sub-verse073,3,missing_label_count,d175,0.0,1
sub-verse073,4,common_matched_assd_mm,d129,0.14251234355028258,1
sub-verse073,4,common_matched_assd_mm,d175,0.1791301087532752,1
sub-verse073,4,common_matched_hd95_mm,d129,1.0,1
sub-verse073,4,common_matched_hd95_mm,d175,1.0,1
sub-verse073,4,complete_label_set_indicator,d129,0.0,1
sub-verse073,4,complete_label_set_indicator,d175,0.0,1
sub-verse073,4,foreground_dice,d129,0.902999,1
sub-verse073,4,foreground_dice,d175,0.903215,1
sub-verse073,4,identification_rate,d129,1.0,1
sub-verse073,4,identification_rate,d175,1.0,1
sub-verse073,4,label_set_jaccard,d129,0.625,1
sub-verse073,4,label_set_jaccard,d175,0.7142857142857143,1
sub-verse073,4,macro_label_dice,d129,0.970998360111593,1
sub-verse073,4,macro_label_dice,d175,0.970567591059174,1
sub-verse073,4,missing_label_count,d129,0.0,1
sub-verse073,4,missing_label_count,d175,0.0,1
sub-verse078,0,common_matched_assd_mm,d129,0.1663272998563474,1
sub-verse078,0,common_matched_assd_mm,d175,0.17988096095021358,1
sub-verse078,0,common_matched_hd95_mm,d129,1.0,1
sub-verse078,0,common_matched_hd95_mm,d175,1.0,1
sub-verse078,0,complete_label_set_indicator,d129,0.0,1
sub-verse078,0,complete_label_set_indicator,d175,0.0,1
sub-verse078,0,foreground_dice,d129,0.954425,1
sub-verse078,0,foreground_dice,d175,0.963174,1
sub-verse078,0,identification_rate,d129,1.0,1
sub-verse078,0,identification_rate,d175,1.0,1
sub-verse078,0,label_set_jaccard,d129,0.75,1
sub-verse078,0,label_set_jaccard,d175,0.75,1
sub-verse078,0,macro_label_dice,d129,0.9688174790266829,1
sub-verse078,0,macro_label_dice,d175,0.9673031240804449,1
sub-verse078,0,missing_label_count,d129,0.0,1
sub-verse078,0,missing_label_count,d175,0.0,1
sub-verse078,1,common_matched_assd_mm,d129,0.17425027749017744,1
sub-verse078,1,common_matched_assd_mm,d175,0.1836939892447457,1
sub-verse078,1,common_matched_hd95_mm,d129,1.0,1
sub-verse078,1,common_matched_hd95_mm,d175,1.0,1
sub-verse078,1,complete_label_set_indicator,d129,0.0,1
sub-verse078,1,complete_label_set_indicator,d175,0.0,1
sub-verse078,1,foreground_dice,d129,0.949435,1
sub-verse078,1,foreground_dice,d175,0.947044,1
sub-verse078,1,identification_rate,d129,1.0,1
sub-verse078,1,identification_rate,d175,1.0,1
sub-verse078,1,label_set_jaccard,d129,0.75,1
sub-verse078,1,label_set_jaccard,d175,0.75,1
sub-verse078,1,macro_label_dice,d129,0.9682593070281887,1
sub-verse078,1,macro_label_dice,d175,0.9653810903537202,1
sub-verse078,1,missing_label_count,d129,0.0,1
sub-verse078,1,missing_label_count,d175,0.0,1
sub-verse078,2,common_matched_assd_mm,d129,0.18285851311322668,1
sub-verse078,2,common_matched_assd_mm,d175,0.17074725068908472,1
sub-verse078,2,common_matched_hd95_mm,d129,1.0690355937288492,1
sub-verse078,2,common_matched_hd95_mm,d175,1.0,1
sub-verse078,2,complete_label_set_indicator,d129,0.0,1
sub-verse078,2,complete_label_set_indicator,d175,0.0,1
sub-verse078,2,foreground_dice,d129,0.948139,1
sub-verse078,2,foreground_dice,d175,0.950291,1
sub-verse078,2,identification_rate,d129,1.0,1
sub-verse078,2,identification_rate,d175,1.0,1
sub-verse078,2,label_set_jaccard,d129,0.75,1
sub-verse078,2,label_set_jaccard,d175,0.75,1
sub-verse078,2,macro_label_dice,d129,0.9664911338817674,1
sub-verse078,2,macro_label_dice,d175,0.9680609016202211,1
sub-verse078,2,missing_label_count,d129,0.0,1
sub-verse078,2,missing_label_count,d175,0.0,1
sub-verse078,3,common_matched_assd_mm,d129,0.16788242076283952,1
sub-verse078,3,common_matched_assd_mm,d175,0.168540356330498,1
sub-verse078,3,common_matched_hd95_mm,d129,1.0,1
sub-verse078,3,common_matched_hd95_mm,d175,1.0,1
sub-verse078,3,complete_label_set_indicator,d129,0.0,1
sub-verse078,3,complete_label_set_indicator,d175,0.0,1
sub-verse078,3,foreground_dice,d129,0.953911,1
sub-verse078,3,foreground_dice,d175,0.949245,1
sub-verse078,3,identification_rate,d129,1.0,1
sub-verse078,3,identification_rate,d175,1.0,1
sub-verse078,3,label_set_jaccard,d129,0.75,1
sub-verse078,3,label_set_jaccard,d175,0.75,1
sub-verse078,3,macro_label_dice,d129,0.9685984888942231,1
sub-verse078,3,macro_label_dice,d175,0.9685185803786601,1
sub-verse078,3,missing_label_count,d129,0.0,1
sub-verse078,3,missing_label_count,d175,0.0,1
sub-verse078,4,common_matched_assd_mm,d129,0.18060702818890093,1
sub-verse078,4,common_matched_assd_mm,d175,0.1683758145003429,1
sub-verse078,4,common_matched_hd95_mm,d129,1.0,1
sub-verse078,4,common_matched_hd95_mm,d175,1.0,1
sub-verse078,4,complete_label_set_indicator,d129,0.0,1
sub-verse078,4,complete_label_set_indicator,d175,0.0,1
sub-verse078,4,foreground_dice,d129,0.94896,1
sub-verse078,4,foreground_dice,d175,0.954864,1
sub-verse078,4,identification_rate,d129,1.0,1
sub-verse078,4,identification_rate,d175,1.0,1
sub-verse078,4,label_set_jaccard,d129,0.75,1
sub-verse078,4,label_set_jaccard,d175,0.75,1
sub-verse078,4,macro_label_dice,d129,0.9677229000411155,1
sub-verse078,4,macro_label_dice,d175,0.9685026597035354,1
sub-verse078,4,missing_label_count,d129,0.0,1
sub-verse078,4,missing_label_count,d175,0.0,1
sub-verse080,0,common_matched_assd_mm,d129,0.2259508809639575,1
sub-verse080,0,common_matched_assd_mm,d175,0.4522126804070394,1
sub-verse080,0,common_matched_hd95_mm,d129,1.0295866830266498,1
sub-verse080,0,common_matched_hd95_mm,d175,2.4829114168884985,1
sub-verse080,0,complete_label_set_indicator,d129,0.0,1
sub-verse080,0,complete_label_set_indicator,d175,0.0,1
sub-verse080,0,foreground_dice,d129,0.944015,1
sub-verse080,0,foreground_dice,d175,0.940264,1
sub-verse080,0,identification_rate,d129,1.0,1
sub-verse080,0,identification_rate,d175,1.0,1
sub-verse080,0,label_set_jaccard,d129,0.8235294117647058,1
sub-verse080,0,label_set_jaccard,d175,0.7777777777777778,1
sub-verse080,0,macro_label_dice,d129,0.9523146314842101,1
sub-verse080,0,macro_label_dice,d175,0.9295380225561077,1
sub-verse080,0,missing_label_count,d129,0.0,1
sub-verse080,0,missing_label_count,d175,0.0,1
sub-verse080,1,common_matched_assd_mm,d129,0.24636844373834063,1
sub-verse080,1,common_matched_assd_mm,d175,0.24455917374880004,1
sub-verse080,1,common_matched_hd95_mm,d129,1.1010152544552212,1
sub-verse080,1,common_matched_hd95_mm,d175,1.052289343397777,1
sub-verse080,1,complete_label_set_indicator,d129,0.0,1
sub-verse080,1,complete_label_set_indicator,d175,0.0,1
sub-verse080,1,foreground_dice,d129,0.942472,1
sub-verse080,1,foreground_dice,d175,0.941214,1
sub-verse080,1,identification_rate,d129,1.0,1
sub-verse080,1,identification_rate,d175,1.0,1
sub-verse080,1,label_set_jaccard,d129,0.7777777777777778,1
sub-verse080,1,label_set_jaccard,d175,0.8235294117647058,1
sub-verse080,1,macro_label_dice,d129,0.9491602604329872,1
sub-verse080,1,macro_label_dice,d175,0.9488017942993213,1
sub-verse080,1,missing_label_count,d129,0.0,1
sub-verse080,1,missing_label_count,d175,0.0,1
sub-verse080,2,common_matched_assd_mm,d129,0.38668237396463745,1
sub-verse080,2,common_matched_assd_mm,d175,0.3487798848360496,1
sub-verse080,2,common_matched_hd95_mm,d129,2.0919619179435083,1
sub-verse080,2,common_matched_hd95_mm,d175,1.242064646932947,1
sub-verse080,2,complete_label_set_indicator,d129,0.0,1
sub-verse080,2,complete_label_set_indicator,d175,0.0,1
sub-verse080,2,foreground_dice,d129,0.940597,1
sub-verse080,2,foreground_dice,d175,0.941302,1
sub-verse080,2,identification_rate,d129,1.0,1
sub-verse080,2,identification_rate,d175,1.0,1
sub-verse080,2,label_set_jaccard,d129,0.8235294117647058,1
sub-verse080,2,label_set_jaccard,d175,0.8235294117647058,1
sub-verse080,2,macro_label_dice,d129,0.9322125263493531,1
sub-verse080,2,macro_label_dice,d175,0.9437380005026433,1
sub-verse080,2,missing_label_count,d129,0.0,1
sub-verse080,2,missing_label_count,d175,0.0,1
sub-verse080,3,common_matched_assd_mm,d129,0.3259021990989656,1
sub-verse080,3,common_matched_assd_mm,d175,0.4370074850194038,1
sub-verse080,3,common_matched_hd95_mm,d129,1.2351806242774246,1
sub-verse080,3,common_matched_hd95_mm,d175,2.508938421326115,1
sub-verse080,3,complete_label_set_indicator,d129,0.0,1
sub-verse080,3,complete_label_set_indicator,d175,0.0,1
sub-verse080,3,foreground_dice,d129,0.942295,1
sub-verse080,3,foreground_dice,d175,0.942401,1
sub-verse080,3,identification_rate,d129,1.0,1
sub-verse080,3,identification_rate,d175,1.0,1
sub-verse080,3,label_set_jaccard,d129,0.8235294117647058,1
sub-verse080,3,label_set_jaccard,d175,0.8235294117647058,1
sub-verse080,3,macro_label_dice,d129,0.9437935426025172,1
sub-verse080,3,macro_label_dice,d175,0.9276474036446144,1
sub-verse080,3,missing_label_count,d129,0.0,1
sub-verse080,3,missing_label_count,d175,0.0,1
sub-verse080,4,common_matched_assd_mm,d129,0.32211808021521193,1
sub-verse080,4,common_matched_assd_mm,d175,0.38878725118252616,1
sub-verse080,4,common_matched_hd95_mm,d129,1.370110039310861,1
sub-verse080,4,common_matched_hd95_mm,d175,2.183139232690567,1
sub-verse080,4,complete_label_set_indicator,d129,0.0,1
sub-verse080,4,complete_label_set_indicator,d175,0.0,1
sub-verse080,4,foreground_dice,d129,0.942486,1
sub-verse080,4,foreground_dice,d175,0.943446,1
sub-verse080,4,identification_rate,d129,1.0,1
sub-verse080,4,identification_rate,d175,1.0,1
sub-verse080,4,label_set_jaccard,d129,0.8235294117647058,1
sub-verse080,4,label_set_jaccard,d175,0.8235294117647058,1
sub-verse080,4,macro_label_dice,d129,0.941143270790021,1
sub-verse080,4,macro_label_dice,d175,0.933364668239024,1
sub-verse080,4,missing_label_count,d129,0.0,1
sub-verse080,4,missing_label_count,d175,0.0,1
sub-verse093,0,common_matched_assd_mm,d129,0.37659877444769596,1
sub-verse093,0,common_matched_assd_mm,d175,0.38197703682826534,1
sub-verse093,0,common_matched_hd95_mm,d129,1.3849001794597504,1
sub-verse093,0,common_matched_hd95_mm,d175,1.2844975480350074,1
sub-verse093,0,complete_label_set_indicator,d129,0.0,1
sub-verse093,0,complete_label_set_indicator,d175,0.0,1
sub-verse093,0,foreground_dice,d129,0.919399,1
sub-verse093,0,foreground_dice,d175,0.916877,1
sub-verse093,0,identification_rate,d129,1.0,1
sub-verse093,0,identification_rate,d175,1.0,1
sub-verse093,0,label_set_jaccard,d129,0.75,1
sub-verse093,0,label_set_jaccard,d175,0.75,1
sub-verse093,0,macro_label_dice,d129,0.9258423410942623,1
sub-verse093,0,macro_label_dice,d175,0.9264491949662089,1
sub-verse093,0,missing_label_count,d129,0.0,1
sub-verse093,0,missing_label_count,d175,0.0,1
sub-verse093,1,common_matched_assd_mm,d129,1.3692061154913984,1
sub-verse093,1,common_matched_assd_mm,d175,1.4772559630436595,1
sub-verse093,1,common_matched_hd95_mm,d129,6.122167273866452,1
sub-verse093,1,common_matched_hd95_mm,d175,5.843374318691726,1
sub-verse093,1,complete_label_set_indicator,d129,0.0,1
sub-verse093,1,complete_label_set_indicator,d175,0.0,1
sub-verse093,1,foreground_dice,d129,0.90672,1
sub-verse093,1,foreground_dice,d175,0.907704,1
sub-verse093,1,identification_rate,d129,0.888889,1
sub-verse093,1,identification_rate,d175,0.777778,1
sub-verse093,1,label_set_jaccard,d129,0.8181818181818182,1
sub-verse093,1,label_set_jaccard,d175,0.75,1
sub-verse093,1,macro_label_dice,d129,0.8306912196879116,1
sub-verse093,1,macro_label_dice,d175,0.8161612010357643,1
sub-verse093,1,missing_label_count,d129,0.0,1
sub-verse093,1,missing_label_count,d175,0.0,1
sub-verse093,2,common_matched_assd_mm,d129,1.1453031324888034,1
sub-verse093,2,common_matched_assd_mm,d175,0.4321476480423324,1
sub-verse093,2,common_matched_hd95_mm,d129,6.513164117737566,1
sub-verse093,2,common_matched_hd95_mm,d175,1.486925816382418,1
sub-verse093,2,complete_label_set_indicator,d129,0.0,1
sub-verse093,2,complete_label_set_indicator,d175,0.0,1
sub-verse093,2,foreground_dice,d129,0.915946,1
sub-verse093,2,foreground_dice,d175,0.917859,1
sub-verse093,2,identification_rate,d129,1.0,1
sub-verse093,2,identification_rate,d175,1.0,1
sub-verse093,2,label_set_jaccard,d129,0.9,1
sub-verse093,2,label_set_jaccard,d175,0.75,1
sub-verse093,2,macro_label_dice,d129,0.8873880336820535,1
sub-verse093,2,macro_label_dice,d175,0.9187987143432559,1
sub-verse093,2,missing_label_count,d129,0.0,1
sub-verse093,2,missing_label_count,d175,0.0,1
sub-verse093,3,common_matched_assd_mm,d129,0.47670087011785,1
sub-verse093,3,common_matched_assd_mm,d175,0.5690197014678687,1
sub-verse093,3,common_matched_hd95_mm,d129,1.777421028592104,1
sub-verse093,3,common_matched_hd95_mm,d175,3.0853866370503593,1
sub-verse093,3,complete_label_set_indicator,d129,0.0,1
sub-verse093,3,complete_label_set_indicator,d175,0.0,1
sub-verse093,3,foreground_dice,d129,0.92119,1
sub-verse093,3,foreground_dice,d175,0.915105,1
sub-verse093,3,identification_rate,d129,1.0,1
sub-verse093,3,identification_rate,d175,1.0,1
sub-verse093,3,label_set_jaccard,d129,0.75,1
sub-verse093,3,label_set_jaccard,d175,0.75,1
sub-verse093,3,macro_label_dice,d129,0.9237661181194186,1
sub-verse093,3,macro_label_dice,d175,0.9130450020076244,1
sub-verse093,3,missing_label_count,d129,0.0,1
sub-verse093,3,missing_label_count,d175,0.0,1
sub-verse093,4,common_matched_assd_mm,d129,0.5866213407675034,1
sub-verse093,4,common_matched_assd_mm,d175,0.9103961262254613,1
sub-verse093,4,common_matched_hd95_mm,d129,3.406307768865453,1
sub-verse093,4,common_matched_hd95_mm,d175,4.485987475274721,1
sub-verse093,4,complete_label_set_indicator,d129,0.0,1
sub-verse093,4,complete_label_set_indicator,d175,0.0,1
sub-verse093,4,foreground_dice,d129,0.916744,1
sub-verse093,4,foreground_dice,d175,0.897267,1
sub-verse093,4,identification_rate,d129,1.0,1
sub-verse093,4,identification_rate,d175,0.888889,1
sub-verse093,4,label_set_jaccard,d129,0.75,1
sub-verse093,4,label_set_jaccard,d175,0.8181818181818182,1
sub-verse093,4,macro_label_dice,d129,0.9100776947891206,1
sub-verse093,4,macro_label_dice,d175,0.867179151733163,1
sub-verse093,4,missing_label_count,d129,0.0,1
sub-verse093,4,missing_label_count,d175,0.0,1
sub-verse095,0,common_matched_assd_mm,d129,0.1765078423331603,1
sub-verse095,0,common_matched_assd_mm,d175,0.18457611183428338,1
sub-verse095,0,common_matched_hd95_mm,d129,1.0243655036690056,1
sub-verse095,0,common_matched_hd95_mm,d175,1.0831890330807703,1
sub-verse095,0,complete_label_set_indicator,d129,0.0,1
sub-verse095,0,complete_label_set_indicator,d175,0.0,1
sub-verse095,0,foreground_dice,d129,0.966033,1
sub-verse095,0,foreground_dice,d175,0.964403,1
sub-verse095,0,identification_rate,d129,1.0,1
sub-verse095,0,identification_rate,d175,1.0,1
sub-verse095,0,label_set_jaccard,d129,0.9444444444444444,1
sub-verse095,0,label_set_jaccard,d175,0.9444444444444444,1
sub-verse095,0,macro_label_dice,d129,0.9596941413941157,1
sub-verse095,0,macro_label_dice,d175,0.9582705024150393,1
sub-verse095,0,missing_label_count,d129,0.0,1
sub-verse095,0,missing_label_count,d175,0.0,1
sub-verse095,1,common_matched_assd_mm,d129,0.37793735565838343,1
sub-verse095,1,common_matched_assd_mm,d175,0.22086858829043993,1
sub-verse095,1,common_matched_hd95_mm,d129,2.376636606858072,1
sub-verse095,1,common_matched_hd95_mm,d175,1.0588235294117647,1
sub-verse095,1,complete_label_set_indicator,d129,0.0,1
sub-verse095,1,complete_label_set_indicator,d175,0.0,1
sub-verse095,1,foreground_dice,d129,0.966644,1
sub-verse095,1,foreground_dice,d175,0.965718,1
sub-verse095,1,identification_rate,d129,1.0,1
sub-verse095,1,identification_rate,d175,1.0,1
sub-verse095,1,label_set_jaccard,d129,0.9444444444444444,1
sub-verse095,1,label_set_jaccard,d175,0.9444444444444444,1
sub-verse095,1,macro_label_dice,d129,0.9389456838422345,1
sub-verse095,1,macro_label_dice,d175,0.9590157938538991,1
sub-verse095,1,missing_label_count,d129,0.0,1
sub-verse095,1,missing_label_count,d175,0.0,1
sub-verse095,2,common_matched_assd_mm,d129,0.34843982211660973,1
sub-verse095,2,common_matched_assd_mm,d175,0.840188882077672,1
sub-verse095,2,common_matched_hd95_mm,d129,2.264963063235469,1
sub-verse095,2,common_matched_hd95_mm,d175,4.786972931447583,1
sub-verse095,2,complete_label_set_indicator,d129,0.0,1
sub-verse095,2,complete_label_set_indicator,d175,0.0,1
sub-verse095,2,foreground_dice,d129,0.962494,1
sub-verse095,2,foreground_dice,d175,0.964838,1
sub-verse095,2,identification_rate,d129,1.0,1
sub-verse095,2,identification_rate,d175,0.941176,1
sub-verse095,2,label_set_jaccard,d129,0.9444444444444444,1
sub-verse095,2,label_set_jaccard,d175,0.9444444444444444,1
sub-verse095,2,macro_label_dice,d129,0.944879954899446,1
sub-verse095,2,macro_label_dice,d175,0.9050617957633014,1
sub-verse095,2,missing_label_count,d129,0.0,1
sub-verse095,2,missing_label_count,d175,0.0,1
sub-verse095,3,common_matched_assd_mm,d129,0.259881798145094,1
sub-verse095,3,common_matched_assd_mm,d175,0.16663211989012625,1
sub-verse095,3,common_matched_hd95_mm,d129,1.3999784631326484,1
sub-verse095,3,common_matched_hd95_mm,d175,1.0,1
sub-verse095,3,complete_label_set_indicator,d129,0.0,1
sub-verse095,3,complete_label_set_indicator,d175,0.0,1
sub-verse095,3,foreground_dice,d129,0.965663,1
sub-verse095,3,foreground_dice,d175,0.962956,1
sub-verse095,3,identification_rate,d129,1.0,1
sub-verse095,3,identification_rate,d175,1.0,1
sub-verse095,3,label_set_jaccard,d129,0.9444444444444444,1
sub-verse095,3,label_set_jaccard,d175,0.9444444444444444,1
sub-verse095,3,macro_label_dice,d129,0.9556772076728175,1
sub-verse095,3,macro_label_dice,d175,0.9610949076946373,1
sub-verse095,3,missing_label_count,d129,0.0,1
sub-verse095,3,missing_label_count,d175,0.0,1
sub-verse095,4,common_matched_assd_mm,d129,0.16727098022373107,1
sub-verse095,4,common_matched_assd_mm,d175,0.17488347727835354,1
sub-verse095,4,common_matched_hd95_mm,d129,1.0588235294117647,1
sub-verse095,4,common_matched_hd95_mm,d175,1.0487310073380112,1
sub-verse095,4,complete_label_set_indicator,d129,0.0,1
sub-verse095,4,complete_label_set_indicator,d175,0.0,1
sub-verse095,4,foreground_dice,d129,0.964044,1
sub-verse095,4,foreground_dice,d175,0.965594,1
sub-verse095,4,identification_rate,d129,1.0,1
sub-verse095,4,identification_rate,d175,1.0,1
sub-verse095,4,label_set_jaccard,d129,0.9444444444444444,1
sub-verse095,4,label_set_jaccard,d175,0.9444444444444444,1
sub-verse095,4,macro_label_dice,d129,0.9581072255066706,1
sub-verse095,4,macro_label_dice,d175,0.9595190563400875,1
sub-verse095,4,missing_label_count,d129,0.0,1
sub-verse095,4,missing_label_count,d175,0.0,1
sub-verse116,0,common_matched_assd_mm,d129,0.1871186921760353,1
sub-verse116,0,common_matched_assd_mm,d175,0.2131196470559281,1
sub-verse116,0,common_matched_hd95_mm,d129,1.0,1
sub-verse116,0,common_matched_hd95_mm,d175,1.0,1
sub-verse116,0,complete_label_set_indicator,d129,0.0,1
sub-verse116,0,complete_label_set_indicator,d175,0.0,1
sub-verse116,0,foreground_dice,d129,0.675918,1
sub-verse116,0,foreground_dice,d175,0.674867,1
sub-verse116,0,identification_rate,d129,1.0,1
sub-verse116,0,identification_rate,d175,1.0,1
sub-verse116,0,label_set_jaccard,d129,0.25,1
sub-verse116,0,label_set_jaccard,d175,0.2,1
sub-verse116,0,macro_label_dice,d129,0.9699846964801905,1
sub-verse116,0,macro_label_dice,d175,0.9681836158577332,1
sub-verse116,0,missing_label_count,d129,0.0,1
sub-verse116,0,missing_label_count,d175,0.0,1
sub-verse116,1,common_matched_assd_mm,d129,0.188211926550036,1
sub-verse116,1,common_matched_assd_mm,d175,0.191372692875185,1
sub-verse116,1,common_matched_hd95_mm,d129,1.0,1
sub-verse116,1,common_matched_hd95_mm,d175,1.0,1
sub-verse116,1,complete_label_set_indicator,d129,0.0,1
sub-verse116,1,complete_label_set_indicator,d175,0.0,1
sub-verse116,1,foreground_dice,d129,0.675271,1
sub-verse116,1,foreground_dice,d175,0.675093,1
sub-verse116,1,identification_rate,d129,1.0,1
sub-verse116,1,identification_rate,d175,1.0,1
sub-verse116,1,label_set_jaccard,d129,0.14285714285714285,1
sub-verse116,1,label_set_jaccard,d175,0.25,1
sub-verse116,1,macro_label_dice,d129,0.9692533939732295,1
sub-verse116,1,macro_label_dice,d175,0.9692628253142491,1
sub-verse116,1,missing_label_count,d129,0.0,1
sub-verse116,1,missing_label_count,d175,0.0,1
sub-verse116,2,common_matched_assd_mm,d129,0.1996218030425307,1
sub-verse116,2,common_matched_assd_mm,d175,0.1900941504730895,1
sub-verse116,2,common_matched_hd95_mm,d129,1.0,1
sub-verse116,2,common_matched_hd95_mm,d175,1.0,1
sub-verse116,2,complete_label_set_indicator,d129,0.0,1
sub-verse116,2,complete_label_set_indicator,d175,0.0,1
sub-verse116,2,foreground_dice,d129,0.674701,1
sub-verse116,2,foreground_dice,d175,0.674719,1
sub-verse116,2,identification_rate,d129,1.0,1
sub-verse116,2,identification_rate,d175,1.0,1
sub-verse116,2,label_set_jaccard,d129,0.25,1
sub-verse116,2,label_set_jaccard,d175,0.3333333333333333,1
sub-verse116,2,macro_label_dice,d129,0.9690912179378292,1
sub-verse116,2,macro_label_dice,d175,0.9693232261148672,1
sub-verse116,2,missing_label_count,d129,0.0,1
sub-verse116,2,missing_label_count,d175,0.0,1
sub-verse116,3,common_matched_assd_mm,d129,0.1921511714412537,1
sub-verse116,3,common_matched_assd_mm,d175,0.185466532828444,1
sub-verse116,3,common_matched_hd95_mm,d129,1.0,1
sub-verse116,3,common_matched_hd95_mm,d175,1.0,1
sub-verse116,3,complete_label_set_indicator,d129,0.0,1
sub-verse116,3,complete_label_set_indicator,d175,0.0,1
sub-verse116,3,foreground_dice,d129,0.675467,1
sub-verse116,3,foreground_dice,d175,0.676018,1
sub-verse116,3,identification_rate,d129,1.0,1
sub-verse116,3,identification_rate,d175,1.0,1
sub-verse116,3,label_set_jaccard,d129,0.2,1
sub-verse116,3,label_set_jaccard,d175,0.3333333333333333,1
sub-verse116,3,macro_label_dice,d129,0.9688322463497072,1
sub-verse116,3,macro_label_dice,d175,0.9695936035366112,1
sub-verse116,3,missing_label_count,d129,0.0,1
sub-verse116,3,missing_label_count,d175,0.0,1
sub-verse116,4,common_matched_assd_mm,d129,0.1900476191763243,1
sub-verse116,4,common_matched_assd_mm,d175,0.1907321919039598,1
sub-verse116,4,common_matched_hd95_mm,d129,1.0,1
sub-verse116,4,common_matched_hd95_mm,d175,1.0,1
sub-verse116,4,complete_label_set_indicator,d129,0.0,1
sub-verse116,4,complete_label_set_indicator,d175,0.0,1
sub-verse116,4,foreground_dice,d129,0.675044,1
sub-verse116,4,foreground_dice,d175,0.673954,1
sub-verse116,4,identification_rate,d129,1.0,1
sub-verse116,4,identification_rate,d175,1.0,1
sub-verse116,4,label_set_jaccard,d129,0.3333333333333333,1
sub-verse116,4,label_set_jaccard,d175,0.2,1
sub-verse116,4,macro_label_dice,d129,0.9689605143958642,1
sub-verse116,4,macro_label_dice,d175,0.9687406358113814,1
sub-verse116,4,missing_label_count,d129,0.0,1
sub-verse116,4,missing_label_count,d175,0.0,1
sub-verse124,0,common_matched_assd_mm,d129,0.6903368003411134,1
sub-verse124,0,common_matched_assd_mm,d175,0.2162747676691879,1
sub-verse124,0,common_matched_hd95_mm,d129,5.928982831984716,1
sub-verse124,0,common_matched_hd95_mm,d175,1.0,1
sub-verse124,0,complete_label_set_indicator,d129,0.0,1
sub-verse124,0,complete_label_set_indicator,d175,0.0,1
sub-verse124,0,foreground_dice,d129,0.897619,1
sub-verse124,0,foreground_dice,d175,0.897548,1
sub-verse124,0,identification_rate,d129,1.0,1
sub-verse124,0,identification_rate,d175,1.0,1
sub-verse124,0,label_set_jaccard,d129,0.625,1
sub-verse124,0,label_set_jaccard,d175,0.7142857142857143,1
sub-verse124,0,macro_label_dice,d129,0.9439255405390184,1
sub-verse124,0,macro_label_dice,d175,0.9696687564680218,1
sub-verse124,0,missing_label_count,d129,0.0,1
sub-verse124,0,missing_label_count,d175,0.0,1
sub-verse124,1,common_matched_assd_mm,d129,0.33220544874876534,1
sub-verse124,1,common_matched_assd_mm,d175,0.16759510640327338,1
sub-verse124,1,common_matched_hd95_mm,d129,1.0,1
sub-verse124,1,common_matched_hd95_mm,d175,1.0,1
sub-verse124,1,complete_label_set_indicator,d129,0.0,1
sub-verse124,1,complete_label_set_indicator,d175,0.0,1
sub-verse124,1,foreground_dice,d129,0.892372,1
sub-verse124,1,foreground_dice,d175,0.892601,1
sub-verse124,1,identification_rate,d129,1.0,1
sub-verse124,1,identification_rate,d175,1.0,1
sub-verse124,1,label_set_jaccard,d129,0.7142857142857143,1
sub-verse124,1,label_set_jaccard,d175,0.7142857142857143,1
sub-verse124,1,macro_label_dice,d129,0.9651101697976412,1
sub-verse124,1,macro_label_dice,d175,0.9698107773102883,1
sub-verse124,1,missing_label_count,d129,0.0,1
sub-verse124,1,missing_label_count,d175,0.0,1
sub-verse124,2,common_matched_assd_mm,d129,0.40987677930076477,1
sub-verse124,2,common_matched_assd_mm,d175,0.5099324217488224,1
sub-verse124,2,common_matched_hd95_mm,d129,1.0,1
sub-verse124,2,common_matched_hd95_mm,d175,4.4828427124746195,1
sub-verse124,2,complete_label_set_indicator,d129,0.0,1
sub-verse124,2,complete_label_set_indicator,d175,0.0,1
sub-verse124,2,foreground_dice,d129,0.893379,1
sub-verse124,2,foreground_dice,d175,0.894673,1
sub-verse124,2,identification_rate,d129,1.0,1
sub-verse124,2,identification_rate,d175,1.0,1
sub-verse124,2,label_set_jaccard,d129,0.7142857142857143,1
sub-verse124,2,label_set_jaccard,d175,0.625,1
sub-verse124,2,macro_label_dice,d129,0.9625598492839866,1
sub-verse124,2,macro_label_dice,d175,0.9575214850540353,1
sub-verse124,2,missing_label_count,d129,0.0,1
sub-verse124,2,missing_label_count,d175,0.0,1
sub-verse124,3,common_matched_assd_mm,d129,0.17012156736816192,1
sub-verse124,3,common_matched_assd_mm,d175,0.8438513483844687,1
sub-verse124,3,common_matched_hd95_mm,d129,1.0,1
sub-verse124,3,common_matched_hd95_mm,d175,6.9814820538415345,1
sub-verse124,3,complete_label_set_indicator,d129,0.0,1
sub-verse124,3,complete_label_set_indicator,d175,0.0,1
sub-verse124,3,foreground_dice,d129,0.893198,1
sub-verse124,3,foreground_dice,d175,0.89281,1
sub-verse124,3,identification_rate,d129,1.0,1
sub-verse124,3,identification_rate,d175,1.0,1
sub-verse124,3,label_set_jaccard,d129,0.625,1
sub-verse124,3,label_set_jaccard,d175,0.7142857142857143,1
sub-verse124,3,macro_label_dice,d129,0.9701494775896012,1
sub-verse124,3,macro_label_dice,d175,0.9321104025038078,1
sub-verse124,3,missing_label_count,d129,0.0,1
sub-verse124,3,missing_label_count,d175,0.0,1
sub-verse124,4,common_matched_assd_mm,d129,0.49750394951834176,1
sub-verse124,4,common_matched_assd_mm,d175,0.7655237657706058,1
sub-verse124,4,common_matched_hd95_mm,d129,4.299021084361818,1
sub-verse124,4,common_matched_hd95_mm,d175,6.3606372152384925,1
sub-verse124,4,complete_label_set_indicator,d129,0.0,1
sub-verse124,4,complete_label_set_indicator,d175,0.0,1
sub-verse124,4,foreground_dice,d129,0.895797,1
sub-verse124,4,foreground_dice,d175,0.893186,1
sub-verse124,4,identification_rate,d129,1.0,1
sub-verse124,4,identification_rate,d175,1.0,1
sub-verse124,4,label_set_jaccard,d129,0.7142857142857143,1
sub-verse124,4,label_set_jaccard,d175,0.7142857142857143,1
sub-verse124,4,macro_label_dice,d129,0.9585857093517369,1
sub-verse124,4,macro_label_dice,d175,0.9457705015876838,1
sub-verse124,4,missing_label_count,d129,0.0,1
sub-verse124,4,missing_label_count,d175,0.0,1
sub-verse125,0,common_matched_assd_mm,d129,0.24575304791856092,1
sub-verse125,0,common_matched_assd_mm,d175,0.29057493520438293,1
sub-verse125,0,common_matched_hd95_mm,d129,1.0,1
sub-verse125,0,common_matched_hd95_mm,d175,1.5814404662094999,1
sub-verse125,0,complete_label_set_indicator,d129,0.0,1
sub-verse125,0,complete_label_set_indicator,d175,0.0,1
sub-verse125,0,foreground_dice,d129,0.883723,1
sub-verse125,0,foreground_dice,d175,0.879155,1
sub-verse125,0,identification_rate,d129,1.0,1
sub-verse125,0,identification_rate,d175,1.0,1
sub-verse125,0,label_set_jaccard,d129,0.8,1
sub-verse125,0,label_set_jaccard,d175,0.75,1
sub-verse125,0,macro_label_dice,d129,0.9479098229454054,1
sub-verse125,0,macro_label_dice,d175,0.9416856123471707,1
sub-verse125,0,missing_label_count,d129,0.0,1
sub-verse125,0,missing_label_count,d175,0.0,1
sub-verse125,1,common_matched_assd_mm,d129,0.22099949546498018,1
sub-verse125,1,common_matched_assd_mm,d175,0.3185881600953651,1
sub-verse125,1,common_matched_hd95_mm,d129,1.0,1
sub-verse125,1,common_matched_hd95_mm,d175,1.6687357269045642,1
sub-verse125,1,complete_label_set_indicator,d129,0.0,1
sub-verse125,1,complete_label_set_indicator,d175,0.0,1
sub-verse125,1,foreground_dice,d129,0.881182,1
sub-verse125,1,foreground_dice,d175,0.879007,1
sub-verse125,1,identification_rate,d129,1.0,1
sub-verse125,1,identification_rate,d175,1.0,1
sub-verse125,1,label_set_jaccard,d129,0.8,1
sub-verse125,1,label_set_jaccard,d175,0.7058823529411765,1
sub-verse125,1,macro_label_dice,d129,0.9487229279818239,1
sub-verse125,1,macro_label_dice,d175,0.9375763433472534,1
sub-verse125,1,missing_label_count,d129,0.0,1
sub-verse125,1,missing_label_count,d175,0.0,1
sub-verse125,2,common_matched_assd_mm,d129,0.26629250925150266,1
sub-verse125,2,common_matched_assd_mm,d175,0.2258182219285917,1
sub-verse125,2,common_matched_hd95_mm,d129,1.0690355937288492,1
sub-verse125,2,common_matched_hd95_mm,d175,1.0,1
sub-verse125,2,complete_label_set_indicator,d129,0.0,1
sub-verse125,2,complete_label_set_indicator,d175,0.0,1
sub-verse125,2,foreground_dice,d129,0.869407,1
sub-verse125,2,foreground_dice,d175,0.876528,1
sub-verse125,2,identification_rate,d129,1.0,1
sub-verse125,2,identification_rate,d175,1.0,1
sub-verse125,2,label_set_jaccard,d129,0.75,1
sub-verse125,2,label_set_jaccard,d175,0.7058823529411765,1
sub-verse125,2,macro_label_dice,d129,0.9435648530941595,1
sub-verse125,2,macro_label_dice,d175,0.9478994302624614,1
sub-verse125,2,missing_label_count,d129,0.0,1
sub-verse125,2,missing_label_count,d175,0.0,1
sub-verse125,3,common_matched_assd_mm,d129,0.37447764759784535,1
sub-verse125,3,common_matched_assd_mm,d175,0.22013189587165086,1
sub-verse125,3,common_matched_hd95_mm,d129,1.9464669837481055,1
sub-verse125,3,common_matched_hd95_mm,d175,1.0,1
sub-verse125,3,complete_label_set_indicator,d129,0.0,1
sub-verse125,3,complete_label_set_indicator,d175,0.0,1
sub-verse125,3,foreground_dice,d129,0.882627,1
sub-verse125,3,foreground_dice,d175,0.880054,1
sub-verse125,3,identification_rate,d129,1.0,1
sub-verse125,3,identification_rate,d175,1.0,1
sub-verse125,3,label_set_jaccard,d129,0.8,1
sub-verse125,3,label_set_jaccard,d175,0.7058823529411765,1
sub-verse125,3,macro_label_dice,d129,0.9283041614494428,1
sub-verse125,3,macro_label_dice,d175,0.9497278095411193,1
sub-verse125,3,missing_label_count,d129,0.0,1
sub-verse125,3,missing_label_count,d175,0.0,1
sub-verse125,4,common_matched_assd_mm,d129,0.33918113260544874,1
sub-verse125,4,common_matched_assd_mm,d175,0.28366737693830535,1
sub-verse125,4,common_matched_hd95_mm,d129,1.7039717454962018,1
sub-verse125,4,common_matched_hd95_mm,d175,1.3910108691585386,1
sub-verse125,4,complete_label_set_indicator,d129,0.0,1
sub-verse125,4,complete_label_set_indicator,d175,0.0,1
sub-verse125,4,foreground_dice,d129,0.882847,1
sub-verse125,4,foreground_dice,d175,0.879798,1
sub-verse125,4,identification_rate,d129,1.0,1
sub-verse125,4,identification_rate,d175,1.0,1
sub-verse125,4,label_set_jaccard,d129,0.8,1
sub-verse125,4,label_set_jaccard,d175,0.8,1
sub-verse125,4,macro_label_dice,d129,0.9340982456544041,1
sub-verse125,4,macro_label_dice,d175,0.9431765536012745,1
sub-verse125,4,missing_label_count,d129,0.0,1
sub-verse125,4,missing_label_count,d175,0.0,1
sub-verse150,0,common_matched_assd_mm,d129,1.1276601287365968,1
sub-verse150,0,common_matched_assd_mm,d175,2.0263769994585155,1
sub-verse150,0,common_matched_hd95_mm,d129,6.793313222926663,1
sub-verse150,0,common_matched_hd95_mm,d175,9.663805588556082,1
sub-verse150,0,complete_label_set_indicator,d129,0.0,1
sub-verse150,0,complete_label_set_indicator,d175,0.0,1
sub-verse150,0,foreground_dice,d129,0.85849,1
sub-verse150,0,foreground_dice,d175,0.85744,1
sub-verse150,0,identification_rate,d129,1.0,1
sub-verse150,0,identification_rate,d175,1.0,1
sub-verse150,0,label_set_jaccard,d129,0.75,1
sub-verse150,0,label_set_jaccard,d175,0.75,1
sub-verse150,0,macro_label_dice,d129,0.8805671581103686,1
sub-verse150,0,macro_label_dice,d175,0.8149696179073992,1
sub-verse150,0,missing_label_count,d129,0.0,1
sub-verse150,0,missing_label_count,d175,0.0,1
sub-verse150,1,common_matched_assd_mm,d129,1.638858339676256,1
sub-verse150,1,common_matched_assd_mm,d175,0.5671567440069056,1
sub-verse150,1,common_matched_hd95_mm,d129,8.119152841928667,1
sub-verse150,1,common_matched_hd95_mm,d175,2.7333890604003055,1
sub-verse150,1,complete_label_set_indicator,d129,0.0,1
sub-verse150,1,complete_label_set_indicator,d175,0.0,1
sub-verse150,1,foreground_dice,d129,0.858392,1
sub-verse150,1,foreground_dice,d175,0.862163,1
sub-verse150,1,identification_rate,d129,1.0,1
sub-verse150,1,identification_rate,d175,1.0,1
sub-verse150,1,label_set_jaccard,d129,0.8571428571428571,1
sub-verse150,1,label_set_jaccard,d175,0.75,1
sub-verse150,1,macro_label_dice,d129,0.8281399568983486,1
sub-verse150,1,macro_label_dice,d175,0.9232683485374439,1
sub-verse150,1,missing_label_count,d129,0.0,1
sub-verse150,1,missing_label_count,d175,0.0,1
sub-verse150,2,common_matched_assd_mm,d129,1.7696615278032086,1
sub-verse150,2,common_matched_assd_mm,d175,3.190801077603831,1
sub-verse150,2,common_matched_hd95_mm,d129,8.79788468571044,1
sub-verse150,2,common_matched_hd95_mm,d175,11.199605507918804,1
sub-verse150,2,complete_label_set_indicator,d129,0.0,1
sub-verse150,2,complete_label_set_indicator,d175,0.0,1
sub-verse150,2,foreground_dice,d129,0.856818,1
sub-verse150,2,foreground_dice,d175,0.855032,1
sub-verse150,2,identification_rate,d129,1.0,1
sub-verse150,2,identification_rate,d175,0.833333,1
sub-verse150,2,label_set_jaccard,d129,0.75,1
sub-verse150,2,label_set_jaccard,d175,0.8571428571428571,1
sub-verse150,2,macro_label_dice,d129,0.7920857110174749,1
sub-verse150,2,macro_label_dice,d175,0.6707638779291744,1
sub-verse150,2,missing_label_count,d129,0.0,1
sub-verse150,2,missing_label_count,d175,0.0,1
sub-verse150,3,common_matched_assd_mm,d129,3.16188213826584,1
sub-verse150,3,common_matched_assd_mm,d175,3.1940869715822475,1
sub-verse150,3,common_matched_hd95_mm,d129,12.402511403924679,1
sub-verse150,3,common_matched_hd95_mm,d175,13.21703711305355,1
sub-verse150,3,complete_label_set_indicator,d129,0.0,1
sub-verse150,3,complete_label_set_indicator,d175,0.0,1
sub-verse150,3,foreground_dice,d129,0.858269,1
sub-verse150,3,foreground_dice,d175,0.859006,1
sub-verse150,3,identification_rate,d129,0.666667,1
sub-verse150,3,identification_rate,d175,0.833333,1
sub-verse150,3,label_set_jaccard,d129,0.8571428571428571,1
sub-verse150,3,label_set_jaccard,d175,0.75,1
sub-verse150,3,macro_label_dice,d129,0.708705639569062,1
sub-verse150,3,macro_label_dice,d175,0.6919922946357934,1
sub-verse150,3,missing_label_count,d129,0.0,1
sub-verse150,3,missing_label_count,d175,0.0,1
sub-verse150,4,common_matched_assd_mm,d129,3.7357039216818126,1
sub-verse150,4,common_matched_assd_mm,d175,6.0723251566489935,1
sub-verse150,4,common_matched_hd95_mm,d129,14.690968579305625,1
sub-verse150,4,common_matched_hd95_mm,d175,16.46409122874909,1
sub-verse150,4,complete_label_set_indicator,d129,0.0,1
sub-verse150,4,complete_label_set_indicator,d175,0.0,1
sub-verse150,4,foreground_dice,d129,0.85904,1
sub-verse150,4,foreground_dice,d175,0.857211,1
sub-verse150,4,identification_rate,d129,0.833333,1
sub-verse150,4,identification_rate,d175,0.666667,1
sub-verse150,4,label_set_jaccard,d129,0.75,1
sub-verse150,4,label_set_jaccard,d175,0.75,1
sub-verse150,4,macro_label_dice,d129,0.6566733296278128,1
sub-verse150,4,macro_label_dice,d175,0.4894324987968068,1
sub-verse150,4,missing_label_count,d129,0.0,1
sub-verse150,4,missing_label_count,d175,0.0,1
sub-verse153,0,common_matched_assd_mm,d129,0.11935059959157747,1
sub-verse153,0,common_matched_assd_mm,d175,0.1178046382701669,1
sub-verse153,0,common_matched_hd95_mm,d129,1.0,1
sub-verse153,0,common_matched_hd95_mm,d175,1.0,1
sub-verse153,0,complete_label_set_indicator,d129,0.0,1
sub-verse153,0,complete_label_set_indicator,d175,0.0,1
sub-verse153,0,foreground_dice,d129,0.974166,1
sub-verse153,0,foreground_dice,d175,0.974012,1
sub-verse153,0,identification_rate,d129,1.0,1
sub-verse153,0,identification_rate,d175,1.0,1
sub-verse153,0,label_set_jaccard,d129,0.9,1
sub-verse153,0,label_set_jaccard,d175,0.8181818181818182,1
sub-verse153,0,macro_label_dice,d129,0.9727676674786814,1
sub-verse153,0,macro_label_dice,d175,0.9732090306228967,1
sub-verse153,0,missing_label_count,d129,0.0,1
sub-verse153,0,missing_label_count,d175,0.0,1
sub-verse153,1,common_matched_assd_mm,d129,0.15599036145919304,1
sub-verse153,1,common_matched_assd_mm,d175,0.20827721567892005,1
sub-verse153,1,common_matched_hd95_mm,d129,1.0,1
sub-verse153,1,common_matched_hd95_mm,d175,1.1571348402636774,1
sub-verse153,1,complete_label_set_indicator,d129,0.0,1
sub-verse153,1,complete_label_set_indicator,d175,0.0,1
sub-verse153,1,foreground_dice,d129,0.973945,1
sub-verse153,1,foreground_dice,d175,0.973939,1
sub-verse153,1,identification_rate,d129,1.0,1
sub-verse153,1,identification_rate,d175,1.0,1
sub-verse153,1,label_set_jaccard,d129,0.9,1
sub-verse153,1,label_set_jaccard,d175,0.9,1
sub-verse153,1,macro_label_dice,d129,0.9708546588379912,1
sub-verse153,1,macro_label_dice,d175,0.9680203956605479,1
sub-verse153,1,missing_label_count,d129,0.0,1
sub-verse153,1,missing_label_count,d175,0.0,1
sub-verse153,2,common_matched_assd_mm,d129,0.12078005406588638,1
sub-verse153,2,common_matched_assd_mm,d175,0.12558874038646706,1
sub-verse153,2,common_matched_hd95_mm,d129,1.0,1
sub-verse153,2,common_matched_hd95_mm,d175,1.0,1
sub-verse153,2,complete_label_set_indicator,d129,0.0,1
sub-verse153,2,complete_label_set_indicator,d175,0.0,1
sub-verse153,2,foreground_dice,d129,0.973571,1
sub-verse153,2,foreground_dice,d175,0.97214,1
sub-verse153,2,identification_rate,d129,1.0,1
sub-verse153,2,identification_rate,d175,1.0,1
sub-verse153,2,label_set_jaccard,d129,0.8181818181818182,1
sub-verse153,2,label_set_jaccard,d175,0.8181818181818182,1
sub-verse153,2,macro_label_dice,d129,0.9725230274353973,1
sub-verse153,2,macro_label_dice,d175,0.9719179704040679,1
sub-verse153,2,missing_label_count,d129,0.0,1
sub-verse153,2,missing_label_count,d175,0.0,1
sub-verse153,3,common_matched_assd_mm,d129,0.13726992061837692,1
sub-verse153,3,common_matched_assd_mm,d175,0.24214599964652386,1
sub-verse153,3,common_matched_hd95_mm,d129,1.0,1
sub-verse153,3,common_matched_hd95_mm,d175,1.9151376197305123,1
sub-verse153,3,complete_label_set_indicator,d129,0.0,1
sub-verse153,3,complete_label_set_indicator,d175,0.0,1
sub-verse153,3,foreground_dice,d129,0.971695,1
sub-verse153,3,foreground_dice,d175,0.97397,1
sub-verse153,3,identification_rate,d129,1.0,1
sub-verse153,3,identification_rate,d175,1.0,1
sub-verse153,3,label_set_jaccard,d129,0.9,1
sub-verse153,3,label_set_jaccard,d175,0.8181818181818182,1
sub-verse153,3,macro_label_dice,d129,0.971069127928602,1
sub-verse153,3,macro_label_dice,d175,0.9653858136309089,1
sub-verse153,3,missing_label_count,d129,0.0,1
sub-verse153,3,missing_label_count,d175,0.0,1
sub-verse153,4,common_matched_assd_mm,d129,0.21494710905344128,1
sub-verse153,4,common_matched_assd_mm,d175,0.14813980427120138,1
sub-verse153,4,common_matched_hd95_mm,d129,1.1111111111111112,1
sub-verse153,4,common_matched_hd95_mm,d175,1.0,1
sub-verse153,4,complete_label_set_indicator,d129,0.0,1
sub-verse153,4,complete_label_set_indicator,d175,0.0,1
sub-verse153,4,foreground_dice,d129,0.974085,1
sub-verse153,4,foreground_dice,d175,0.974251,1
sub-verse153,4,identification_rate,d129,1.0,1
sub-verse153,4,identification_rate,d175,1.0,1
sub-verse153,4,label_set_jaccard,d129,0.9,1
sub-verse153,4,label_set_jaccard,d175,0.8181818181818182,1
sub-verse153,4,macro_label_dice,d129,0.9675456605832162,1
sub-verse153,4,macro_label_dice,d175,0.9709266631724689,1
sub-verse153,4,missing_label_count,d129,0.0,1
sub-verse153,4,missing_label_count,d175,0.0,1
sub-verse205,0,common_matched_assd_mm,d129,0.14124988979158554,1
sub-verse205,0,common_matched_assd_mm,d175,0.42773046799821657,1
sub-verse205,0,common_matched_hd95_mm,d129,1.0,1
sub-verse205,0,common_matched_hd95_mm,d175,3.0258177125567345,1
sub-verse205,0,complete_label_set_indicator,d129,0.0,1
sub-verse205,0,complete_label_set_indicator,d175,0.0,1
sub-verse205,0,foreground_dice,d129,0.887837,1
sub-verse205,0,foreground_dice,d175,0.876368,1
sub-verse205,0,identification_rate,d129,1.0,1
sub-verse205,0,identification_rate,d175,1.0,1
sub-verse205,0,label_set_jaccard,d129,0.875,1
sub-verse205,0,label_set_jaccard,d175,0.875,1
sub-verse205,0,macro_label_dice,d129,0.9450107921180881,1
sub-verse205,0,macro_label_dice,d175,0.901862719328144,1
sub-verse205,0,missing_label_count,d129,0.0,1
sub-verse205,0,missing_label_count,d175,0.0,1
sub-verse205,1,common_matched_assd_mm,d129,0.1768898464725542,1
sub-verse205,1,common_matched_assd_mm,d175,0.21351505736745433,1
sub-verse205,1,common_matched_hd95_mm,d129,1.0,1
sub-verse205,1,common_matched_hd95_mm,d175,1.0591733660532994,1
sub-verse205,1,complete_label_set_indicator,d129,0.0,1
sub-verse205,1,complete_label_set_indicator,d175,0.0,1
sub-verse205,1,foreground_dice,d129,0.880584,1
sub-verse205,1,foreground_dice,d175,0.883663,1
sub-verse205,1,identification_rate,d129,1.0,1
sub-verse205,1,identification_rate,d175,1.0,1
sub-verse205,1,label_set_jaccard,d129,0.875,1
sub-verse205,1,label_set_jaccard,d175,0.7777777777777778,1
sub-verse205,1,macro_label_dice,d129,0.9409434971742083,1
sub-verse205,1,macro_label_dice,d175,0.9358635919376578,1
sub-verse205,1,missing_label_count,d129,0.0,1
sub-verse205,1,missing_label_count,d175,0.0,1
sub-verse205,2,common_matched_assd_mm,d129,0.19117371919611242,1
sub-verse205,2,common_matched_assd_mm,d175,0.13379640153848832,1
sub-verse205,2,common_matched_hd95_mm,d129,1.0,1
sub-verse205,2,common_matched_hd95_mm,d175,1.0,1
sub-verse205,2,complete_label_set_indicator,d129,0.0,1
sub-verse205,2,complete_label_set_indicator,d175,0.0,1
sub-verse205,2,foreground_dice,d129,0.85521,1
sub-verse205,2,foreground_dice,d175,0.857152,1
sub-verse205,2,identification_rate,d129,1.0,1
sub-verse205,2,identification_rate,d175,1.0,1
sub-verse205,2,label_set_jaccard,d129,0.7777777777777778,1
sub-verse205,2,label_set_jaccard,d175,0.7777777777777778,1
sub-verse205,2,macro_label_dice,d129,0.9389048313036116,1
sub-verse205,2,macro_label_dice,d175,0.9436684698156538,1
sub-verse205,2,missing_label_count,d129,0.0,1
sub-verse205,2,missing_label_count,d175,0.0,1
sub-verse205,3,common_matched_assd_mm,d129,0.14893151570454413,1
sub-verse205,3,common_matched_assd_mm,d175,0.13889119537924993,1
sub-verse205,3,common_matched_hd95_mm,d129,1.0,1
sub-verse205,3,common_matched_hd95_mm,d175,1.0,1
sub-verse205,3,complete_label_set_indicator,d129,0.0,1
sub-verse205,3,complete_label_set_indicator,d175,0.0,1
sub-verse205,3,foreground_dice,d129,0.920021,1
sub-verse205,3,foreground_dice,d175,0.94814,1
sub-verse205,3,identification_rate,d129,1.0,1
sub-verse205,3,identification_rate,d175,1.0,1
sub-verse205,3,label_set_jaccard,d129,0.875,1
sub-verse205,3,label_set_jaccard,d175,0.875,1
sub-verse205,3,macro_label_dice,d129,0.9408901472872795,1
sub-verse205,3,macro_label_dice,d175,0.9420973479464977,1
sub-verse205,3,missing_label_count,d129,0.0,1
sub-verse205,3,missing_label_count,d175,0.0,1
sub-verse205,4,common_matched_assd_mm,d129,0.20010311257159666,1
sub-verse205,4,common_matched_assd_mm,d175,0.21761438246747675,1
sub-verse205,4,common_matched_hd95_mm,d129,1.0,1
sub-verse205,4,common_matched_hd95_mm,d175,1.1428571428571428,1
sub-verse205,4,complete_label_set_indicator,d129,0.0,1
sub-verse205,4,complete_label_set_indicator,d175,0.0,1
sub-verse205,4,foreground_dice,d129,0.907029,1
sub-verse205,4,foreground_dice,d175,0.941483,1
sub-verse205,4,identification_rate,d129,1.0,1
sub-verse205,4,identification_rate,d175,1.0,1
sub-verse205,4,label_set_jaccard,d129,0.875,1
sub-verse205,4,label_set_jaccard,d175,0.7777777777777778,1
sub-verse205,4,macro_label_dice,d129,0.937354519817236,1
sub-verse205,4,macro_label_dice,d175,0.9340694644765474,1
sub-verse205,4,missing_label_count,d129,0.0,1
sub-verse205,4,missing_label_count,d175,0.0,1
sub-verse221,0,common_matched_assd_mm,d129,0.19272296878707257,1
sub-verse221,0,common_matched_assd_mm,d175,0.36080548105482113,1
sub-verse221,0,common_matched_hd95_mm,d129,1.0,1
sub-verse221,0,common_matched_hd95_mm,d175,2.172078292662316,1
sub-verse221,0,complete_label_set_indicator,d129,0.0,1
sub-verse221,0,complete_label_set_indicator,d175,0.0,1
sub-verse221,0,foreground_dice,d129,0.890874,1
sub-verse221,0,foreground_dice,d175,0.891768,1
sub-verse221,0,identification_rate,d129,1.0,1
sub-verse221,0,identification_rate,d175,1.0,1
sub-verse221,0,label_set_jaccard,d129,0.8181818181818182,1
sub-verse221,0,label_set_jaccard,d175,0.75,1
sub-verse221,0,macro_label_dice,d129,0.9488227334111404,1
sub-verse221,0,macro_label_dice,d175,0.93806158337153,1
sub-verse221,0,missing_label_count,d129,0.0,1
sub-verse221,0,missing_label_count,d175,0.0,1
sub-verse221,1,common_matched_assd_mm,d129,0.38130280258309956,1
sub-verse221,1,common_matched_assd_mm,d175,0.5493994792935272,1
sub-verse221,1,common_matched_hd95_mm,d129,1.922036191755371,1
sub-verse221,1,common_matched_hd95_mm,d175,1.7616075891601488,1
sub-verse221,1,complete_label_set_indicator,d129,0.0,1
sub-verse221,1,complete_label_set_indicator,d175,0.0,1
sub-verse221,1,foreground_dice,d129,0.886103,1
sub-verse221,1,foreground_dice,d175,0.890046,1
sub-verse221,1,identification_rate,d129,1.0,1
sub-verse221,1,identification_rate,d175,1.0,1
sub-verse221,1,label_set_jaccard,d129,0.8181818181818182,1
sub-verse221,1,label_set_jaccard,d175,0.75,1
sub-verse221,1,macro_label_dice,d129,0.934070949394452,1
sub-verse221,1,macro_label_dice,d175,0.933692081571832,1
sub-verse221,1,missing_label_count,d129,0.0,1
sub-verse221,1,missing_label_count,d175,0.0,1
sub-verse221,2,common_matched_assd_mm,d129,0.39082481415543535,1
sub-verse221,2,common_matched_assd_mm,d175,0.20130891805085926,1
sub-verse221,2,common_matched_hd95_mm,d129,1.0,1
sub-verse221,2,common_matched_hd95_mm,d175,1.0,1
sub-verse221,2,complete_label_set_indicator,d129,0.0,1
sub-verse221,2,complete_label_set_indicator,d175,0.0,1
sub-verse221,2,foreground_dice,d129,0.891994,1
sub-verse221,2,foreground_dice,d175,0.889373,1
sub-verse221,2,identification_rate,d129,1.0,1
sub-verse221,2,identification_rate,d175,1.0,1
sub-verse221,2,label_set_jaccard,d129,0.8181818181818182,1
sub-verse221,2,label_set_jaccard,d175,0.8181818181818182,1
sub-verse221,2,macro_label_dice,d129,0.9447788170732725,1
sub-verse221,2,macro_label_dice,d175,0.9486937655797073,1
sub-verse221,2,missing_label_count,d129,0.0,1
sub-verse221,2,missing_label_count,d175,0.0,1
sub-verse221,3,common_matched_assd_mm,d129,0.2408445197818677,1
sub-verse221,3,common_matched_assd_mm,d175,0.20487067670771714,1
sub-verse221,3,common_matched_hd95_mm,d129,1.0,1
sub-verse221,3,common_matched_hd95_mm,d175,1.0,1
sub-verse221,3,complete_label_set_indicator,d129,0.0,1
sub-verse221,3,complete_label_set_indicator,d175,0.0,1
sub-verse221,3,foreground_dice,d129,0.888306,1
sub-verse221,3,foreground_dice,d175,0.88802,1
sub-verse221,3,identification_rate,d129,1.0,1
sub-verse221,3,identification_rate,d175,1.0,1
sub-verse221,3,label_set_jaccard,d129,0.6923076923076923,1
sub-verse221,3,label_set_jaccard,d175,0.75,1
sub-verse221,3,macro_label_dice,d129,0.9444827289437812,1
sub-verse221,3,macro_label_dice,d175,0.9478934949583601,1
sub-verse221,3,missing_label_count,d129,0.0,1
sub-verse221,3,missing_label_count,d175,0.0,1
sub-verse221,4,common_matched_assd_mm,d129,0.21021484908100233,1
sub-verse221,4,common_matched_assd_mm,d175,0.33026643372959213,1
sub-verse221,4,common_matched_hd95_mm,d129,1.0460237291525663,1
sub-verse221,4,common_matched_hd95_mm,d175,1.0,1
sub-verse221,4,complete_label_set_indicator,d129,0.0,1
sub-verse221,4,complete_label_set_indicator,d175,0.0,1
sub-verse221,4,foreground_dice,d129,0.890471,1
sub-verse221,4,foreground_dice,d175,0.888164,1
sub-verse221,4,identification_rate,d129,1.0,1
sub-verse221,4,identification_rate,d175,1.0,1
sub-verse221,4,label_set_jaccard,d129,0.75,1
sub-verse221,4,label_set_jaccard,d175,0.75,1
sub-verse221,4,macro_label_dice,d129,0.9467575162662238,1
sub-verse221,4,macro_label_dice,d175,0.9465158427342075,1
sub-verse221,4,missing_label_count,d129,0.0,1
sub-verse221,4,missing_label_count,d175,0.0,1
sub-verse225,0,common_matched_assd_mm,d129,1.7371850480172661,1
sub-verse225,0,common_matched_assd_mm,d175,0.9728821393116139,1
sub-verse225,0,common_matched_hd95_mm,d129,3.719497600634889,1
sub-verse225,0,common_matched_hd95_mm,d175,3.0752661754492454,1
sub-verse225,0,complete_label_set_indicator,d129,0.0,1
sub-verse225,0,complete_label_set_indicator,d175,0.0,1
sub-verse225,0,foreground_dice,d129,0.877813,1
sub-verse225,0,foreground_dice,d175,0.876025,1
sub-verse225,0,identification_rate,d129,1.0,1
sub-verse225,0,identification_rate,d175,0.875,1
sub-verse225,0,label_set_jaccard,d129,0.8181818181818182,1
sub-verse225,0,label_set_jaccard,d175,0.75,1
sub-verse225,0,macro_label_dice,d129,0.8407530581536464,1
sub-verse225,0,macro_label_dice,d175,0.8531555486369007,1
sub-verse225,0,missing_label_count,d129,0.0,1
sub-verse225,0,missing_label_count,d175,0.0,1
sub-verse225,1,common_matched_assd_mm,d129,0.2379214752044092,1
sub-verse225,1,common_matched_assd_mm,d175,0.3371822505432013,1
sub-verse225,1,common_matched_hd95_mm,d129,1.1833646155414317,1
sub-verse225,1,common_matched_hd95_mm,d175,1.504956667512238,1
sub-verse225,1,complete_label_set_indicator,d129,0.0,1
sub-verse225,1,complete_label_set_indicator,d175,0.0,1
sub-verse225,1,foreground_dice,d129,0.900718,1
sub-verse225,1,foreground_dice,d175,0.904314,1
sub-verse225,1,identification_rate,d129,1.0,1
sub-verse225,1,identification_rate,d175,1.0,1
sub-verse225,1,label_set_jaccard,d129,0.75,1
sub-verse225,1,label_set_jaccard,d175,0.8181818181818182,1
sub-verse225,1,macro_label_dice,d129,0.9294276708620788,1
sub-verse225,1,macro_label_dice,d175,0.9164746750555685,1
sub-verse225,1,missing_label_count,d129,0.0,1
sub-verse225,1,missing_label_count,d175,0.0,1
sub-verse225,2,common_matched_assd_mm,d129,1.4606078500230137,1
sub-verse225,2,common_matched_assd_mm,d175,1.0036947344813143,1
sub-verse225,2,common_matched_hd95_mm,d129,3.756330644569764,1
sub-verse225,2,common_matched_hd95_mm,d175,3.5894816147977378,1
sub-verse225,2,complete_label_set_indicator,d129,1.0,1
sub-verse225,2,complete_label_set_indicator,d175,0.0,1
sub-verse225,2,foreground_dice,d129,0.881813,1
sub-verse225,2,foreground_dice,d175,0.888331,1
sub-verse225,2,identification_rate,d129,0.875,1
sub-verse225,2,identification_rate,d175,0.875,1
sub-verse225,2,label_set_jaccard,d129,1.0,1
sub-verse225,2,label_set_jaccard,d175,0.9,1
sub-verse225,2,macro_label_dice,d129,0.8409171207788354,1
sub-verse225,2,macro_label_dice,d175,0.859066000538045,1
sub-verse225,2,missing_label_count,d129,0.0,1
sub-verse225,2,missing_label_count,d175,0.0,1
sub-verse225,3,common_matched_assd_mm,d129,0.7622784630450427,1
sub-verse225,3,common_matched_assd_mm,d175,0.7571964390137835,1
sub-verse225,3,common_matched_hd95_mm,d129,2.4189395131082416,1
sub-verse225,3,common_matched_hd95_mm,d175,2.4055854712368494,1
sub-verse225,3,complete_label_set_indicator,d129,0.0,1
sub-verse225,3,complete_label_set_indicator,d175,0.0,1
sub-verse225,3,foreground_dice,d129,0.874178,1
sub-verse225,3,foreground_dice,d175,0.876429,1
sub-verse225,3,identification_rate,d129,0.875,1
sub-verse225,3,identification_rate,d175,1.0,1
sub-verse225,3,label_set_jaccard,d129,0.6923076923076923,1
sub-verse225,3,label_set_jaccard,d175,0.6923076923076923,1
sub-verse225,3,macro_label_dice,d129,0.8522478552528719,1
sub-verse225,3,macro_label_dice,d175,0.845108764339107,1
sub-verse225,3,missing_label_count,d129,0.0,1
sub-verse225,3,missing_label_count,d175,0.0,1
sub-verse225,4,common_matched_assd_mm,d129,0.4041002771637248,1
sub-verse225,4,common_matched_assd_mm,d175,1.360110260789857,1
sub-verse225,4,common_matched_hd95_mm,d129,1.6549949178645507,1
sub-verse225,4,common_matched_hd95_mm,d175,5.298485682018834,1
sub-verse225,4,complete_label_set_indicator,d129,0.0,1
sub-verse225,4,complete_label_set_indicator,d175,0.0,1
sub-verse225,4,foreground_dice,d129,0.893192,1
sub-verse225,4,foreground_dice,d175,0.874623,1
sub-verse225,4,identification_rate,d129,1.0,1
sub-verse225,4,identification_rate,d175,0.875,1
sub-verse225,4,label_set_jaccard,d129,0.75,1
sub-verse225,4,label_set_jaccard,d175,0.6923076923076923,1
sub-verse225,4,macro_label_dice,d129,0.8926005241297206,1
sub-verse225,4,macro_label_dice,d175,0.772944346129791,1
sub-verse225,4,missing_label_count,d129,0.0,1
sub-verse225,4,missing_label_count,d175,0.0,1
sub-verse230,0,common_matched_assd_mm,d129,0.35502992402928807,1
sub-verse230,0,common_matched_assd_mm,d175,0.3515733894699619,1
sub-verse230,0,common_matched_hd95_mm,d129,1.5647513922553575,1
sub-verse230,0,common_matched_hd95_mm,d175,2.1041380052845002,1
sub-verse230,0,complete_label_set_indicator,d129,0.0,1
sub-verse230,0,complete_label_set_indicator,d175,0.0,1
sub-verse230,0,foreground_dice,d129,0.904825,1
sub-verse230,0,foreground_dice,d175,0.940113,1
sub-verse230,0,identification_rate,d129,1.0,1
sub-verse230,0,identification_rate,d175,1.0,1
sub-verse230,0,label_set_jaccard,d129,0.9,1
sub-verse230,0,label_set_jaccard,d175,0.75,1
sub-verse230,0,macro_label_dice,d129,0.8944328043298287,1
sub-verse230,0,macro_label_dice,d175,0.9224938473976779,1
sub-verse230,0,missing_label_count,d129,0.0,1
sub-verse230,0,missing_label_count,d175,0.0,1
sub-verse230,1,common_matched_assd_mm,d129,0.18488625381031926,1
sub-verse230,1,common_matched_assd_mm,d175,0.18125708925920198,1
sub-verse230,1,common_matched_hd95_mm,d129,1.0460237291525663,1
sub-verse230,1,common_matched_hd95_mm,d175,1.0,1
sub-verse230,1,complete_label_set_indicator,d129,0.0,1
sub-verse230,1,complete_label_set_indicator,d175,0.0,1
sub-verse230,1,foreground_dice,d129,0.920273,1
sub-verse230,1,foreground_dice,d175,0.921751,1
sub-verse230,1,identification_rate,d129,1.0,1
sub-verse230,1,identification_rate,d175,1.0,1
sub-verse230,1,label_set_jaccard,d129,0.75,1
sub-verse230,1,label_set_jaccard,d175,0.75,1
sub-verse230,1,macro_label_dice,d129,0.9431278723273034,1
sub-verse230,1,macro_label_dice,d175,0.9438115541357148,1
sub-verse230,1,missing_label_count,d129,0.0,1
sub-verse230,1,missing_label_count,d175,0.0,1
sub-verse230,2,common_matched_assd_mm,d129,0.29426803755738207,1
sub-verse230,2,common_matched_assd_mm,d175,0.21016927566600027,1
sub-verse230,2,common_matched_hd95_mm,d129,2.0012258183213234,1
sub-verse230,2,common_matched_hd95_mm,d175,1.2222222222222223,1
sub-verse230,2,complete_label_set_indicator,d129,1.0,1
sub-verse230,2,complete_label_set_indicator,d175,0.0,1
sub-verse230,2,foreground_dice,d129,0.947298,1
sub-verse230,2,foreground_dice,d175,0.935181,1
sub-verse230,2,identification_rate,d129,1.0,1
sub-verse230,2,identification_rate,d175,1.0,1
sub-verse230,2,label_set_jaccard,d129,1.0,1
sub-verse230,2,label_set_jaccard,d175,0.8181818181818182,1
sub-verse230,2,macro_label_dice,d129,0.9290059483024863,1
sub-verse230,2,macro_label_dice,d175,0.9331552377433295,1
sub-verse230,2,missing_label_count,d129,0.0,1
sub-verse230,2,missing_label_count,d175,0.0,1
sub-verse230,3,common_matched_assd_mm,d129,0.5058880155673752,1
sub-verse230,3,common_matched_assd_mm,d175,0.3923457628328461,1
sub-verse230,3,common_matched_hd95_mm,d129,2.5535268906516198,1
sub-verse230,3,common_matched_hd95_mm,d175,1.600546483031963,1
sub-verse230,3,complete_label_set_indicator,d129,0.0,1
sub-verse230,3,complete_label_set_indicator,d175,0.0,1
sub-verse230,3,foreground_dice,d129,0.908073,1
sub-verse230,3,foreground_dice,d175,0.92823,1
sub-verse230,3,identification_rate,d129,1.0,1
sub-verse230,3,identification_rate,d175,1.0,1
sub-verse230,3,label_set_jaccard,d129,0.75,1
sub-verse230,3,label_set_jaccard,d175,0.6428571428571429,1
sub-verse230,3,macro_label_dice,d129,0.897971861808093,1
sub-verse230,3,macro_label_dice,d175,0.9130222344030697,1
sub-verse230,3,missing_label_count,d129,0.0,1
sub-verse230,3,missing_label_count,d175,0.0,1
sub-verse230,4,common_matched_assd_mm,d129,0.33481525742059537,1
sub-verse230,4,common_matched_assd_mm,d175,0.38661887513032417,1
sub-verse230,4,common_matched_hd95_mm,d129,1.4327031630819174,1
sub-verse230,4,common_matched_hd95_mm,d175,2.663395860941904,1
sub-verse230,4,complete_label_set_indicator,d129,0.0,1
sub-verse230,4,complete_label_set_indicator,d175,0.0,1
sub-verse230,4,foreground_dice,d129,0.939001,1
sub-verse230,4,foreground_dice,d175,0.943276,1
sub-verse230,4,identification_rate,d129,1.0,1
sub-verse230,4,identification_rate,d175,1.0,1
sub-verse230,4,label_set_jaccard,d129,0.75,1
sub-verse230,4,label_set_jaccard,d175,0.8181818181818182,1
sub-verse230,4,macro_label_dice,d129,0.9221112841052518,1
sub-verse230,4,macro_label_dice,d175,0.9184986985331369,1
sub-verse230,4,missing_label_count,d129,0.0,1
sub-verse230,4,missing_label_count,d175,0.0,1
sub-verse242,0,common_matched_assd_mm,d129,0.34465792114773597,1
sub-verse242,0,common_matched_assd_mm,d175,0.491043622285412,1
sub-verse242,0,common_matched_hd95_mm,d129,1.8561376912053604,1
sub-verse242,0,common_matched_hd95_mm,d175,2.858783220600752,1
sub-verse242,0,complete_label_set_indicator,d129,0.0,1
sub-verse242,0,complete_label_set_indicator,d175,0.0,1
sub-verse242,0,foreground_dice,d129,0.903712,1
sub-verse242,0,foreground_dice,d175,0.877463,1
sub-verse242,0,identification_rate,d129,1.0,1
sub-verse242,0,identification_rate,d175,1.0,1
sub-verse242,0,label_set_jaccard,d129,0.8888888888888888,1
sub-verse242,0,label_set_jaccard,d175,0.6666666666666666,1
sub-verse242,0,macro_label_dice,d129,0.9080499736550393,1
sub-verse242,0,macro_label_dice,d175,0.8860121588860604,1
sub-verse242,0,missing_label_count,d129,0.0,1
sub-verse242,0,missing_label_count,d175,0.0,1
sub-verse242,1,common_matched_assd_mm,d129,0.37113146028641697,1
sub-verse242,1,common_matched_assd_mm,d175,0.32681454305449514,1
sub-verse242,1,common_matched_hd95_mm,d129,2.0096456852503404,1
sub-verse242,1,common_matched_hd95_mm,d175,1.807942223440335,1
sub-verse242,1,complete_label_set_indicator,d129,0.0,1
sub-verse242,1,complete_label_set_indicator,d175,0.0,1
sub-verse242,1,foreground_dice,d129,0.877828,1
sub-verse242,1,foreground_dice,d175,0.914766,1
sub-verse242,1,identification_rate,d129,1.0,1
sub-verse242,1,identification_rate,d175,1.0,1
sub-verse242,1,label_set_jaccard,d129,0.8,1
sub-verse242,1,label_set_jaccard,d175,0.6666666666666666,1
sub-verse242,1,macro_label_dice,d129,0.8978768145011551,1
sub-verse242,1,macro_label_dice,d175,0.9070211432638817,1
sub-verse242,1,missing_label_count,d129,0.0,1
sub-verse242,1,missing_label_count,d175,0.0,1
sub-verse242,2,common_matched_assd_mm,d129,0.3677644791315593,1
sub-verse242,2,common_matched_assd_mm,d175,0.46208624683249144,1
sub-verse242,2,common_matched_hd95_mm,d129,2.1444703938804297,1
sub-verse242,2,common_matched_hd95_mm,d175,2.6571923936937774,1
sub-verse242,2,complete_label_set_indicator,d129,0.0,1
sub-verse242,2,complete_label_set_indicator,d175,0.0,1
sub-verse242,2,foreground_dice,d129,0.84992,1
sub-verse242,2,foreground_dice,d175,0.858507,1
sub-verse242,2,identification_rate,d129,1.0,1
sub-verse242,2,identification_rate,d175,1.0,1
sub-verse242,2,label_set_jaccard,d129,0.6666666666666666,1
sub-verse242,2,label_set_jaccard,d175,0.6153846153846154,1
sub-verse242,2,macro_label_dice,d129,0.9049581065946701,1
sub-verse242,2,macro_label_dice,d175,0.8900352833336524,1
sub-verse242,2,missing_label_count,d129,0.0,1
sub-verse242,2,missing_label_count,d175,0.0,1
sub-verse242,3,common_matched_assd_mm,d129,0.3212133157737044,1
sub-verse242,3,common_matched_assd_mm,d175,0.28864214382133646,1
sub-verse242,3,common_matched_hd95_mm,d129,1.6936590867676202,1
sub-verse242,3,common_matched_hd95_mm,d175,1.4570760568015413,1
sub-verse242,3,complete_label_set_indicator,d129,0.0,1
sub-verse242,3,complete_label_set_indicator,d175,0.0,1
sub-verse242,3,foreground_dice,d129,0.86777,1
sub-verse242,3,foreground_dice,d175,0.877336,1
sub-verse242,3,identification_rate,d129,1.0,1
sub-verse242,3,identification_rate,d175,1.0,1
sub-verse242,3,label_set_jaccard,d129,0.6153846153846154,1
sub-verse242,3,label_set_jaccard,d175,0.6666666666666666,1
sub-verse242,3,macro_label_dice,d129,0.9108631565786081,1
sub-verse242,3,macro_label_dice,d175,0.912630207929228,1
sub-verse242,3,missing_label_count,d129,0.0,1
sub-verse242,3,missing_label_count,d175,0.0,1
sub-verse242,4,common_matched_assd_mm,d129,0.33736380071972544,1
sub-verse242,4,common_matched_assd_mm,d175,0.3398095734081985,1
sub-verse242,4,common_matched_hd95_mm,d129,1.9308310561107027,1
sub-verse242,4,common_matched_hd95_mm,d175,1.8114658323330186,1
sub-verse242,4,complete_label_set_indicator,d129,0.0,1
sub-verse242,4,complete_label_set_indicator,d175,0.0,1
sub-verse242,4,foreground_dice,d129,0.916141,1
sub-verse242,4,foreground_dice,d175,0.912133,1
sub-verse242,4,identification_rate,d129,1.0,1
sub-verse242,4,identification_rate,d175,1.0,1
sub-verse242,4,label_set_jaccard,d129,0.6153846153846154,1
sub-verse242,4,label_set_jaccard,d175,0.7272727272727273,1
sub-verse242,4,macro_label_dice,d129,0.9027598537039071,1
sub-verse242,4,macro_label_dice,d175,0.9040507213622795,1
sub-verse242,4,missing_label_count,d129,0.0,1
sub-verse242,4,missing_label_count,d175,0.0,1
sub-verse252,0,common_matched_assd_mm,d129,7.353220311514165,1
sub-verse252,0,common_matched_assd_mm,d175,5.030394669877172,1
sub-verse252,0,common_matched_hd95_mm,d129,17.382250197844606,1
sub-verse252,0,common_matched_hd95_mm,d175,14.069256748490206,1
sub-verse252,0,complete_label_set_indicator,d129,0.0,1
sub-verse252,0,complete_label_set_indicator,d175,0.0,1
sub-verse252,0,foreground_dice,d129,0.964222,1
sub-verse252,0,foreground_dice,d175,0.964177,1
sub-verse252,0,identification_rate,d129,0.529412,1
sub-verse252,0,identification_rate,d175,0.647059,1
sub-verse252,0,label_set_jaccard,d129,0.85,1
sub-verse252,0,label_set_jaccard,d175,0.7727272727272727,1
sub-verse252,0,macro_label_dice,d129,0.5085845120183939,1
sub-verse252,0,macro_label_dice,d175,0.638569156943632,1
sub-verse252,0,missing_label_count,d129,0.0,1
sub-verse252,0,missing_label_count,d175,0.0,1
sub-verse252,1,common_matched_assd_mm,d129,9.522619727881498,1
sub-verse252,1,common_matched_assd_mm,d175,6.846164529607812,1
sub-verse252,1,common_matched_hd95_mm,d129,20.00023605792315,1
sub-verse252,1,common_matched_hd95_mm,d175,16.82626410875316,1
sub-verse252,1,complete_label_set_indicator,d129,0.0,1
sub-verse252,1,complete_label_set_indicator,d175,0.0,1
sub-verse252,1,foreground_dice,d129,0.967996,1
sub-verse252,1,foreground_dice,d175,0.966287,1
sub-verse252,1,identification_rate,d129,0.411765,1
sub-verse252,1,identification_rate,d175,0.588235,1
sub-verse252,1,label_set_jaccard,d129,0.8947368421052632,1
sub-verse252,1,label_set_jaccard,d175,0.85,1
sub-verse252,1,macro_label_dice,d129,0.36518759906841514,1
sub-verse252,1,macro_label_dice,d175,0.5051179587790121,1
sub-verse252,1,missing_label_count,d129,0.0,1
sub-verse252,1,missing_label_count,d175,0.0,1
sub-verse252,2,common_matched_assd_mm,d129,7.634378177833914,1
sub-verse252,2,common_matched_assd_mm,d175,8.088383077305695,1
sub-verse252,2,common_matched_hd95_mm,d129,16.923926660319115,1
sub-verse252,2,common_matched_hd95_mm,d175,17.466369706889026,1
sub-verse252,2,complete_label_set_indicator,d129,0.0,1
sub-verse252,2,complete_label_set_indicator,d175,0.0,1
sub-verse252,2,foreground_dice,d129,0.963536,1
sub-verse252,2,foreground_dice,d175,0.963504,1
sub-verse252,2,identification_rate,d129,0.529412,1
sub-verse252,2,identification_rate,d175,0.470588,1
sub-verse252,2,label_set_jaccard,d129,0.8095238095238095,1
sub-verse252,2,label_set_jaccard,d175,0.8095238095238095,1
sub-verse252,2,macro_label_dice,d129,0.5008242787859652,1
sub-verse252,2,macro_label_dice,d175,0.46704069502263296,1
sub-verse252,2,missing_label_count,d129,0.0,1
sub-verse252,2,missing_label_count,d175,0.0,1
sub-verse252,3,common_matched_assd_mm,d129,11.050857676165705,1
sub-verse252,3,common_matched_assd_mm,d175,10.274188514839215,1
sub-verse252,3,common_matched_hd95_mm,d129,21.752109211030806,1
sub-verse252,3,common_matched_hd95_mm,d175,20.75047822074779,1
sub-verse252,3,complete_label_set_indicator,d129,0.0,1
sub-verse252,3,complete_label_set_indicator,d175,0.0,1
sub-verse252,3,foreground_dice,d129,0.966598,1
sub-verse252,3,foreground_dice,d175,0.965236,1
sub-verse252,3,identification_rate,d129,0.294118,1
sub-verse252,3,identification_rate,d175,0.411765,1
sub-verse252,3,label_set_jaccard,d129,0.8095238095238095,1
sub-verse252,3,label_set_jaccard,d175,0.8095238095238095,1
sub-verse252,3,macro_label_dice,d129,0.2850650318523476,1
sub-verse252,3,macro_label_dice,d175,0.35960322301748354,1
sub-verse252,3,missing_label_count,d129,0.0,1
sub-verse252,3,missing_label_count,d175,0.0,1
sub-verse252,4,common_matched_assd_mm,d129,6.387482223300284,1
sub-verse252,4,common_matched_assd_mm,d175,7.766518668079755,1
sub-verse252,4,common_matched_hd95_mm,d129,16.065276375829857,1
sub-verse252,4,common_matched_hd95_mm,d175,17.45834843657565,1
sub-verse252,4,complete_label_set_indicator,d129,0.0,1
sub-verse252,4,complete_label_set_indicator,d175,0.0,1
sub-verse252,4,foreground_dice,d129,0.964646,1
sub-verse252,4,foreground_dice,d175,0.965075,1
sub-verse252,4,identification_rate,d129,0.647059,1
sub-verse252,4,identification_rate,d175,0.470588,1
sub-verse252,4,label_set_jaccard,d129,0.8095238095238095,1
sub-verse252,4,label_set_jaccard,d175,0.7727272727272727,1
sub-verse252,4,macro_label_dice,d129,0.5636733529987213,1
sub-verse252,4,macro_label_dice,d175,0.46302073798945115,1
sub-verse252,4,missing_label_count,d129,0.0,1
sub-verse252,4,missing_label_count,d175,0.0,1
sub-verse264,0,common_matched_assd_mm,d129,0.20215488969386608,1
sub-verse264,0,common_matched_assd_mm,d175,0.2334544934031523,1
sub-verse264,0,common_matched_hd95_mm,d129,1.097075384698405,1
sub-verse264,0,common_matched_hd95_mm,d175,1.0,1
sub-verse264,0,complete_label_set_indicator,d129,0.0,1
sub-verse264,0,complete_label_set_indicator,d175,0.0,1
sub-verse264,0,foreground_dice,d129,0.960253,1
sub-verse264,0,foreground_dice,d175,0.959397,1
sub-verse264,0,identification_rate,d129,1.0,1
sub-verse264,0,identification_rate,d175,1.0,1
sub-verse264,0,label_set_jaccard,d129,0.85,1
sub-verse264,0,label_set_jaccard,d175,0.8947368421052632,1
sub-verse264,0,macro_label_dice,d129,0.9648922702878603,1
sub-verse264,0,macro_label_dice,d175,0.9648495503233212,1
sub-verse264,0,missing_label_count,d129,0.0,1
sub-verse264,0,missing_label_count,d175,0.0,1
sub-verse264,1,common_matched_assd_mm,d129,0.2160388740404885,1
sub-verse264,1,common_matched_assd_mm,d175,2.0040327021348796,1
sub-verse264,1,common_matched_hd95_mm,d129,1.0,1
sub-verse264,1,common_matched_hd95_mm,d175,26.36237967969182,1
sub-verse264,1,complete_label_set_indicator,d129,0.0,1
sub-verse264,1,complete_label_set_indicator,d175,0.0,1
sub-verse264,1,foreground_dice,d129,0.959627,1
sub-verse264,1,foreground_dice,d175,0.956833,1
sub-verse264,1,identification_rate,d129,1.0,1
sub-verse264,1,identification_rate,d175,0.882353,1
sub-verse264,1,label_set_jaccard,d129,0.8947368421052632,1
sub-verse264,1,label_set_jaccard,d175,0.8095238095238095,1
sub-verse264,1,macro_label_dice,d129,0.9642286277484582,1
sub-verse264,1,macro_label_dice,d175,0.9247384277219102,1
sub-verse264,1,missing_label_count,d129,0.0,1
sub-verse264,1,missing_label_count,d175,0.0,1
sub-verse264,2,common_matched_assd_mm,d129,1.1766602267133421,1
sub-verse264,2,common_matched_assd_mm,d175,0.837731968570981,1
sub-verse264,2,common_matched_hd95_mm,d129,4.372243144728607,1
sub-verse264,2,common_matched_hd95_mm,d175,4.098000055056679,1
sub-verse264,2,complete_label_set_indicator,d129,0.0,1
sub-verse264,2,complete_label_set_indicator,d175,0.0,1
sub-verse264,2,foreground_dice,d129,0.958492,1
sub-verse264,2,foreground_dice,d175,0.958479,1
sub-verse264,2,identification_rate,d129,1.0,1
sub-verse264,2,identification_rate,d175,1.0,1
sub-verse264,2,label_set_jaccard,d129,0.85,1
sub-verse264,2,label_set_jaccard,d175,0.8947368421052632,1
sub-verse264,2,macro_label_dice,d129,0.9080794376624486,1
sub-verse264,2,macro_label_dice,d175,0.9045539388241948,1
sub-verse264,2,missing_label_count,d129,0.0,1
sub-verse264,2,missing_label_count,d175,0.0,1
sub-verse264,3,common_matched_assd_mm,d129,1.8010719079204036,1
sub-verse264,3,common_matched_assd_mm,d175,2.0303179565199625,1
sub-verse264,3,common_matched_hd95_mm,d129,12.765183974183207,1
sub-verse264,3,common_matched_hd95_mm,d175,6.987704945636042,1
sub-verse264,3,complete_label_set_indicator,d129,0.0,1
sub-verse264,3,complete_label_set_indicator,d175,0.0,1
sub-verse264,3,foreground_dice,d129,0.956807,1
sub-verse264,3,foreground_dice,d175,0.958876,1
sub-verse264,3,identification_rate,d129,0.941176,1
sub-verse264,3,identification_rate,d175,0.823529,1
sub-verse264,3,label_set_jaccard,d129,0.8947368421052632,1
sub-verse264,3,label_set_jaccard,d175,0.8947368421052632,1
sub-verse264,3,macro_label_dice,d129,0.8563002845856463,1
sub-verse264,3,macro_label_dice,d175,0.7989138320528493,1
sub-verse264,3,missing_label_count,d129,0.0,1
sub-verse264,3,missing_label_count,d175,0.0,1
sub-verse264,4,common_matched_assd_mm,d129,1.5104885480748178,1
sub-verse264,4,common_matched_assd_mm,d175,0.9494050743843739,1
sub-verse264,4,common_matched_hd95_mm,d129,6.789475833275,1
sub-verse264,4,common_matched_hd95_mm,d175,1.0831890330807703,1
sub-verse264,4,complete_label_set_indicator,d129,0.0,1
sub-verse264,4,complete_label_set_indicator,d175,0.0,1
sub-verse264,4,foreground_dice,d129,0.959326,1
sub-verse264,4,foreground_dice,d175,0.959617,1
sub-verse264,4,identification_rate,d129,0.882353,1
sub-verse264,4,identification_rate,d175,1.0,1
sub-verse264,4,label_set_jaccard,d129,0.85,1
sub-verse264,4,label_set_jaccard,d175,0.85,1
sub-verse264,4,macro_label_dice,d129,0.8639969059593405,1
sub-verse264,4,macro_label_dice,d175,0.963745818803086,1
sub-verse264,4,missing_label_count,d129,0.0,1
sub-verse264,4,missing_label_count,d175,0.0,1
sub-verse269,0,common_matched_assd_mm,d129,2.3277345032653924,1
sub-verse269,0,common_matched_assd_mm,d175,2.365994722742804,1
sub-verse269,0,common_matched_hd95_mm,d129,7.295491167011319,1
sub-verse269,0,common_matched_hd95_mm,d175,7.418405227715322,1
sub-verse269,0,complete_label_set_indicator,d129,0.0,1
sub-verse269,0,complete_label_set_indicator,d175,0.0,1
sub-verse269,0,foreground_dice,d129,0.957272,1
sub-verse269,0,foreground_dice,d175,0.955961,1
sub-verse269,0,identification_rate,d129,0.8125,1
sub-verse269,0,identification_rate,d175,0.75,1
sub-verse269,0,label_set_jaccard,d129,0.8421052631578947,1
sub-verse269,0,label_set_jaccard,d175,0.8888888888888888,1
sub-verse269,0,macro_label_dice,d129,0.7858216611057384,1
sub-verse269,0,macro_label_dice,d175,0.77529073228466,1
sub-verse269,0,missing_label_count,d129,0.0,1
sub-verse269,0,missing_label_count,d175,0.0,1
sub-verse269,1,common_matched_assd_mm,d129,1.892452938843219,1
sub-verse269,1,common_matched_assd_mm,d175,1.365302552648357,1
sub-verse269,1,common_matched_hd95_mm,d129,7.056329864820844,1
sub-verse269,1,common_matched_hd95_mm,d175,5.439444329498475,1
sub-verse269,1,complete_label_set_indicator,d129,0.0,1
sub-verse269,1,complete_label_set_indicator,d175,0.0,1
sub-verse269,1,foreground_dice,d129,0.955157,1
sub-verse269,1,foreground_dice,d175,0.957429,1
sub-verse269,1,identification_rate,d129,0.875,1
sub-verse269,1,identification_rate,d175,0.875,1
sub-verse269,1,label_set_jaccard,d129,0.8888888888888888,1
sub-verse269,1,label_set_jaccard,d175,0.8888888888888888,1
sub-verse269,1,macro_label_dice,d129,0.8031680733396113,1
sub-verse269,1,macro_label_dice,d175,0.847412965774726,1
sub-verse269,1,missing_label_count,d129,0.0,1
sub-verse269,1,missing_label_count,d175,0.0,1
sub-verse269,2,common_matched_assd_mm,d129,2.423305445419796,1
sub-verse269,2,common_matched_assd_mm,d175,1.7166630190319991,1
sub-verse269,2,common_matched_hd95_mm,d129,7.498381452622322,1
sub-verse269,2,common_matched_hd95_mm,d175,5.850854486140946,1
sub-verse269,2,complete_label_set_indicator,d129,0.0,1
sub-verse269,2,complete_label_set_indicator,d175,0.0,1
sub-verse269,2,foreground_dice,d129,0.955455,1
sub-verse269,2,foreground_dice,d175,0.95574,1
sub-verse269,2,identification_rate,d129,0.75,1
sub-verse269,2,identification_rate,d175,0.875,1
sub-verse269,2,label_set_jaccard,d129,0.8421052631578947,1
sub-verse269,2,label_set_jaccard,d175,0.8888888888888888,1
sub-verse269,2,macro_label_dice,d129,0.7640616855803117,1
sub-verse269,2,macro_label_dice,d175,0.8281891579486244,1
sub-verse269,2,missing_label_count,d129,0.0,1
sub-verse269,2,missing_label_count,d175,0.0,1
sub-verse269,3,common_matched_assd_mm,d129,2.072196844026179,1
sub-verse269,3,common_matched_assd_mm,d175,2.1655618207736924,1
sub-verse269,3,common_matched_hd95_mm,d129,7.175730085353636,1
sub-verse269,3,common_matched_hd95_mm,d175,6.998757466770094,1
sub-verse269,3,complete_label_set_indicator,d129,0.0,1
sub-verse269,3,complete_label_set_indicator,d175,0.0,1
sub-verse269,3,foreground_dice,d129,0.955507,1
sub-verse269,3,foreground_dice,d175,0.954788,1
sub-verse269,3,identification_rate,d129,0.8125,1
sub-verse269,3,identification_rate,d175,0.8125,1
sub-verse269,3,label_set_jaccard,d129,0.8888888888888888,1
sub-verse269,3,label_set_jaccard,d175,0.8888888888888888,1
sub-verse269,3,macro_label_dice,d129,0.7999868575623877,1
sub-verse269,3,macro_label_dice,d175,0.7918426987652578,1
sub-verse269,3,missing_label_count,d129,0.0,1
sub-verse269,3,missing_label_count,d175,0.0,1
sub-verse269,4,common_matched_assd_mm,d129,2.1747622209002437,1
sub-verse269,4,common_matched_assd_mm,d175,2.3037895740533125,1
sub-verse269,4,common_matched_hd95_mm,d129,6.7713758630997605,1
sub-verse269,4,common_matched_hd95_mm,d175,7.404325897054116,1
sub-verse269,4,complete_label_set_indicator,d129,0.0,1
sub-verse269,4,complete_label_set_indicator,d175,0.0,1
sub-verse269,4,foreground_dice,d129,0.958469,1
sub-verse269,4,foreground_dice,d175,0.958749,1
sub-verse269,4,identification_rate,d129,0.875,1
sub-verse269,4,identification_rate,d175,0.8125,1
sub-verse269,4,label_set_jaccard,d129,0.8888888888888888,1
sub-verse269,4,label_set_jaccard,d175,0.8421052631578947,1
sub-verse269,4,macro_label_dice,d129,0.7881315450170554,1
sub-verse269,4,macro_label_dice,d175,0.7682151028382194,1
sub-verse269,4,missing_label_count,d129,0.0,1
sub-verse269,4,missing_label_count,d175,0.0,1
sub-verse276,0,common_matched_assd_mm,d129,0.2023672572897432,1
sub-verse276,0,common_matched_assd_mm,d175,0.17906651147181746,1
sub-verse276,0,common_matched_hd95_mm,d129,1.0686704431944327,1
sub-verse276,0,common_matched_hd95_mm,d175,1.0230118645762831,1
sub-verse276,0,complete_label_set_indicator,d129,0.0,1
sub-verse276,0,complete_label_set_indicator,d175,0.0,1
sub-verse276,0,foreground_dice,d129,0.952467,1
sub-verse276,0,foreground_dice,d175,0.953008,1
sub-verse276,0,identification_rate,d129,1.0,1
sub-verse276,0,identification_rate,d175,1.0,1
sub-verse276,0,label_set_jaccard,d129,0.9,1
sub-verse276,0,label_set_jaccard,d175,0.9,1
sub-verse276,0,macro_label_dice,d129,0.9518270754627581,1
sub-verse276,0,macro_label_dice,d175,0.9535401381647072,1
sub-verse276,0,missing_label_count,d129,0.0,1
sub-verse276,0,missing_label_count,d175,0.0,1
sub-verse276,1,common_matched_assd_mm,d129,0.23623787610537095,1
sub-verse276,1,common_matched_assd_mm,d175,0.23709349664208412,1
sub-verse276,1,common_matched_hd95_mm,d129,1.547969081165799,1
sub-verse276,1,common_matched_hd95_mm,d175,1.5555919277812427,1
sub-verse276,1,complete_label_set_indicator,d129,0.0,1
sub-verse276,1,complete_label_set_indicator,d175,0.0,1
sub-verse276,1,foreground_dice,d129,0.95318,1
sub-verse276,1,foreground_dice,d175,0.952841,1
sub-verse276,1,identification_rate,d129,1.0,1
sub-verse276,1,identification_rate,d175,1.0,1
sub-verse276,1,label_set_jaccard,d129,0.9,1
sub-verse276,1,label_set_jaccard,d175,0.9,1
sub-verse276,1,macro_label_dice,d129,0.9476642464836957,1
sub-verse276,1,macro_label_dice,d175,0.9482504902933626,1
sub-verse276,1,missing_label_count,d129,0.0,1
sub-verse276,1,missing_label_count,d175,0.0,1
sub-verse276,2,common_matched_assd_mm,d129,0.17557086576045622,1
sub-verse276,2,common_matched_assd_mm,d175,0.19873817673538177,1
sub-verse276,2,common_matched_hd95_mm,d129,1.0,1
sub-verse276,2,common_matched_hd95_mm,d175,1.0,1
sub-verse276,2,complete_label_set_indicator,d129,0.0,1
sub-verse276,2,complete_label_set_indicator,d175,0.0,1
sub-verse276,2,foreground_dice,d129,0.951226,1
sub-verse276,2,foreground_dice,d175,0.952442,1
sub-verse276,2,identification_rate,d129,1.0,1
sub-verse276,2,identification_rate,d175,1.0,1
sub-verse276,2,label_set_jaccard,d129,0.9,1
sub-verse276,2,label_set_jaccard,d175,0.9,1
sub-verse276,2,macro_label_dice,d129,0.9528806152624261,1
sub-verse276,2,macro_label_dice,d175,0.9538234169363502,1
sub-verse276,2,missing_label_count,d129,0.0,1
sub-verse276,2,missing_label_count,d175,0.0,1
sub-verse276,3,common_matched_assd_mm,d129,0.20585836620607942,1
sub-verse276,3,common_matched_assd_mm,d175,0.23177945921461418,1
sub-verse276,3,common_matched_hd95_mm,d129,1.0785674201318387,1
sub-verse276,3,common_matched_hd95_mm,d175,1.13416742750692,1
sub-verse276,3,complete_label_set_indicator,d129,0.0,1
sub-verse276,3,complete_label_set_indicator,d175,0.0,1
sub-verse276,3,foreground_dice,d129,0.951482,1
sub-verse276,3,foreground_dice,d175,0.952896,1
sub-verse276,3,identification_rate,d129,1.0,1
sub-verse276,3,identification_rate,d175,1.0,1
sub-verse276,3,label_set_jaccard,d129,0.9,1
sub-verse276,3,label_set_jaccard,d175,0.9,1
sub-verse276,3,macro_label_dice,d129,0.949973938647126,1
sub-verse276,3,macro_label_dice,d175,0.9497411473123657,1
sub-verse276,3,missing_label_count,d129,0.0,1
sub-verse276,3,missing_label_count,d175,0.0,1
sub-verse276,4,common_matched_assd_mm,d129,0.19185207510881966,1
sub-verse276,4,common_matched_assd_mm,d175,0.17550381147814895,1
sub-verse276,4,common_matched_hd95_mm,d129,1.0555777814653184,1
sub-verse276,4,common_matched_hd95_mm,d175,1.0230118645762831,1
sub-verse276,4,complete_label_set_indicator,d129,0.0,1
sub-verse276,4,complete_label_set_indicator,d175,0.0,1
sub-verse276,4,foreground_dice,d129,0.952322,1
sub-verse276,4,foreground_dice,d175,0.952517,1
sub-verse276,4,identification_rate,d129,1.0,1
sub-verse276,4,identification_rate,d175,1.0,1
sub-verse276,4,label_set_jaccard,d129,0.9,1
sub-verse276,4,label_set_jaccard,d175,0.9,1
sub-verse276,4,macro_label_dice,d129,0.951636086731867,1
sub-verse276,4,macro_label_dice,d175,0.9527155048668143,1
sub-verse276,4,missing_label_count,d129,0.0,1
sub-verse276,4,missing_label_count,d175,0.0,1
sub-verse400,0,common_matched_assd_mm,d129,0.216707470269771,2
sub-verse400,0,common_matched_assd_mm,d175,0.2227798638512734,2
sub-verse400,0,common_matched_hd95_mm,d129,1.1333333333333333,2
sub-verse400,0,common_matched_hd95_mm,d175,1.1364425073268318,2
sub-verse400,0,complete_label_set_indicator,d129,0.0,2
sub-verse400,0,complete_label_set_indicator,d175,0.0,2
sub-verse400,0,foreground_dice,d129,0.946936,2
sub-verse400,0,foreground_dice,d175,0.9465835,2
sub-verse400,0,identification_rate,d129,1.0,2
sub-verse400,0,identification_rate,d175,1.0,2
sub-verse400,0,label_set_jaccard,d129,0.8611111111111112,2
sub-verse400,0,label_set_jaccard,d175,0.8391812865497076,2
sub-verse400,0,macro_label_dice,d129,0.9544810814457327,2
sub-verse400,0,macro_label_dice,d175,0.9532202578459095,2
sub-verse400,0,missing_label_count,d129,0.0,2
sub-verse400,0,missing_label_count,d175,0.0,2
sub-verse400,1,common_matched_assd_mm,d129,0.23049949343503984,2
sub-verse400,1,common_matched_assd_mm,d175,0.19311116839407882,2
sub-verse400,1,common_matched_hd95_mm,d129,1.0333333333333332,2
sub-verse400,1,common_matched_hd95_mm,d175,1.01380711874577,2
sub-verse400,1,complete_label_set_indicator,d129,0.0,2
sub-verse400,1,complete_label_set_indicator,d175,0.0,2
sub-verse400,1,foreground_dice,d129,0.94757,2
sub-verse400,1,foreground_dice,d175,0.9458059999999999,2
sub-verse400,1,identification_rate,d129,1.0,2
sub-verse400,1,identification_rate,d175,1.0,2
sub-verse400,1,label_set_jaccard,d129,0.8611111111111112,2
sub-verse400,1,label_set_jaccard,d175,0.8611111111111112,2
sub-verse400,1,macro_label_dice,d129,0.9529584278433569,2
sub-verse400,1,macro_label_dice,d175,0.9550021390956163,2
sub-verse400,1,missing_label_count,d129,0.0,2
sub-verse400,1,missing_label_count,d175,0.0,2
sub-verse400,2,common_matched_assd_mm,d129,0.35528010176995206,2
sub-verse400,2,common_matched_assd_mm,d175,0.6987049749575225,2
sub-verse400,2,common_matched_hd95_mm,d129,2.1823833516222697,2
sub-verse400,2,common_matched_hd95_mm,d175,4.130769250419325,2
sub-verse400,2,complete_label_set_indicator,d129,0.0,2
sub-verse400,2,complete_label_set_indicator,d175,0.0,2
sub-verse400,2,foreground_dice,d129,0.9223805,2
sub-verse400,2,foreground_dice,d175,0.9234295,2
sub-verse400,2,identification_rate,d129,1.0,2
sub-verse400,2,identification_rate,d175,1.0,2
sub-verse400,2,label_set_jaccard,d129,0.8611111111111112,2
sub-verse400,2,label_set_jaccard,d175,0.8611111111111112,2
sub-verse400,2,macro_label_dice,d129,0.9320096883423377,2
sub-verse400,2,macro_label_dice,d175,0.8979518640128743,2
sub-verse400,2,missing_label_count,d129,0.0,2
sub-verse400,2,missing_label_count,d175,0.0,2
sub-verse400,3,common_matched_assd_mm,d129,0.19308445792867213,2
sub-verse400,3,common_matched_assd_mm,d175,0.2606263950732372,2
sub-verse400,3,common_matched_hd95_mm,d129,1.0,2
sub-verse400,3,common_matched_hd95_mm,d175,1.5987781338664628,2
sub-verse400,3,complete_label_set_indicator,d129,0.0,2
sub-verse400,3,complete_label_set_indicator,d175,0.0,2
sub-verse400,3,foreground_dice,d129,0.9381299999999999,2
sub-verse400,3,foreground_dice,d175,0.9386415,2
sub-verse400,3,identification_rate,d129,1.0,2
sub-verse400,3,identification_rate,d175,1.0,2
sub-verse400,3,label_set_jaccard,d129,0.8391812865497076,2
sub-verse400,3,label_set_jaccard,d175,0.8391812865497076,2
sub-verse400,3,macro_label_dice,d129,0.9543968101902773,2
sub-verse400,3,macro_label_dice,d175,0.94934132351689,2
sub-verse400,3,missing_label_count,d129,0.0,2
sub-verse400,3,missing_label_count,d175,0.0,2
sub-verse400,4,common_matched_assd_mm,d129,0.2550358977130582,2
sub-verse400,4,common_matched_assd_mm,d175,0.19495725673782896,2
sub-verse400,4,common_matched_hd95_mm,d129,1.3430034610067727,2
sub-verse400,4,common_matched_hd95_mm,d175,1.0483163247594391,2
sub-verse400,4,complete_label_set_indicator,d129,0.0,2
sub-verse400,4,complete_label_set_indicator,d175,0.0,2
sub-verse400,4,foreground_dice,d129,0.930731,2
sub-verse400,4,foreground_dice,d175,0.9265075,2
sub-verse400,4,identification_rate,d129,1.0,2
sub-verse400,4,identification_rate,d175,1.0,2
sub-verse400,4,label_set_jaccard,d129,0.8166666666666667,2
sub-verse400,4,label_set_jaccard,d175,0.8611111111111112,2
sub-verse400,4,macro_label_dice,d129,0.9504241751793956,2
sub-verse400,4,macro_label_dice,d175,0.9553991455924795,2
sub-verse400,4,missing_label_count,d129,0.0,2
sub-verse400,4,missing_label_count,d175,0.0,2
sub-verse404,0,common_matched_assd_mm,d129,0.18689026102154482,2
sub-verse404,0,common_matched_assd_mm,d175,0.16990021761275953,2
sub-verse404,0,common_matched_hd95_mm,d129,1.5453062185810937,2
sub-verse404,0,common_matched_hd95_mm,d175,1.2869049321638375,2
sub-verse404,0,complete_label_set_indicator,d129,0.5,2
sub-verse404,0,complete_label_set_indicator,d175,0.5,2
sub-verse404,0,foreground_dice,d129,0.956781,2
sub-verse404,0,foreground_dice,d175,0.9587805,2
sub-verse404,0,identification_rate,d129,1.0,2
sub-verse404,0,identification_rate,d175,1.0,2
sub-verse404,0,label_set_jaccard,d129,0.9736842105263157,2
sub-verse404,0,label_set_jaccard,d175,0.9736842105263157,2
sub-verse404,0,macro_label_dice,d129,0.9567249614937776,2
sub-verse404,0,macro_label_dice,d175,0.9584851016625027,2
sub-verse404,0,missing_label_count,d129,0.0,2
sub-verse404,0,missing_label_count,d175,0.0,2
sub-verse404,1,common_matched_assd_mm,d129,0.209483598792877,2
sub-verse404,1,common_matched_assd_mm,d175,0.12144216607192275,2
sub-verse404,1,common_matched_hd95_mm,d129,1.5946469257380567,2
sub-verse404,1,common_matched_hd95_mm,d175,1.0,2
sub-verse404,1,complete_label_set_indicator,d129,0.5,2
sub-verse404,1,complete_label_set_indicator,d175,0.5,2
sub-verse404,1,foreground_dice,d129,0.9558344999999999,2
sub-verse404,1,foreground_dice,d175,0.965122,2
sub-verse404,1,identification_rate,d129,1.0,2
sub-verse404,1,identification_rate,d175,1.0,2
sub-verse404,1,label_set_jaccard,d129,0.9736842105263157,2
sub-verse404,1,label_set_jaccard,d175,0.9736842105263157,2
sub-verse404,1,macro_label_dice,d129,0.9556531633724206,2
sub-verse404,1,macro_label_dice,d175,0.9630260223978944,2
sub-verse404,1,missing_label_count,d129,0.0,2
sub-verse404,1,missing_label_count,d175,0.0,2
sub-verse404,2,common_matched_assd_mm,d129,0.12567400144267526,2
sub-verse404,2,common_matched_assd_mm,d175,0.15877787814134914,2
sub-verse404,2,common_matched_hd95_mm,d129,1.0,2
sub-verse404,2,common_matched_hd95_mm,d175,1.2165749539448618,2
sub-verse404,2,complete_label_set_indicator,d129,0.5,2
sub-verse404,2,complete_label_set_indicator,d175,0.5,2
sub-verse404,2,foreground_dice,d129,0.9650685,2
sub-verse404,2,foreground_dice,d175,0.9620744999999999,2
sub-verse404,2,identification_rate,d129,1.0,2
sub-verse404,2,identification_rate,d175,1.0,2
sub-verse404,2,label_set_jaccard,d129,0.9736842105263157,2
sub-verse404,2,label_set_jaccard,d175,0.9736842105263157,2
sub-verse404,2,macro_label_dice,d129,0.9629261699964724,2
sub-verse404,2,macro_label_dice,d175,0.9610026996997845,2
sub-verse404,2,missing_label_count,d129,0.0,2
sub-verse404,2,missing_label_count,d175,0.0,2
sub-verse404,3,common_matched_assd_mm,d129,0.20852571902661987,2
sub-verse404,3,common_matched_assd_mm,d175,0.13890936065242912,2
sub-verse404,3,common_matched_hd95_mm,d129,1.0670614878436973,2
sub-verse404,3,common_matched_hd95_mm,d175,1.0,2
sub-verse404,3,complete_label_set_indicator,d129,0.5,2
sub-verse404,3,complete_label_set_indicator,d175,0.0,2
sub-verse404,3,foreground_dice,d129,0.962655,2
sub-verse404,3,foreground_dice,d175,0.9668355,2
sub-verse404,3,identification_rate,d129,1.0,2
sub-verse404,3,identification_rate,d175,1.0,2
sub-verse404,3,label_set_jaccard,d129,0.9090909090909092,2
sub-verse404,3,label_set_jaccard,d175,0.9236842105263158,2
sub-verse404,3,macro_label_dice,d129,0.960000109336582,2
sub-verse404,3,macro_label_dice,d175,0.9628085762541922,2
sub-verse404,3,missing_label_count,d129,0.0,2
sub-verse404,3,missing_label_count,d175,0.0,2
sub-verse404,4,common_matched_assd_mm,d129,0.1647592017172734,2
sub-verse404,4,common_matched_assd_mm,d175,0.13605321420697855,2
sub-verse404,4,common_matched_hd95_mm,d129,1.0,2
sub-verse404,4,common_matched_hd95_mm,d175,1.101564121940333,2
sub-verse404,4,complete_label_set_indicator,d129,0.5,2
sub-verse404,4,complete_label_set_indicator,d175,0.0,2
sub-verse404,4,foreground_dice,d129,0.9672505,2
sub-verse404,4,foreground_dice,d175,0.959789,2
sub-verse404,4,identification_rate,d129,1.0,2
sub-verse404,4,identification_rate,d175,1.0,2
sub-verse404,4,label_set_jaccard,d129,0.9736842105263157,2
sub-verse404,4,label_set_jaccard,d175,0.9236842105263158,2
sub-verse404,4,macro_label_dice,d129,0.9635866662629258,2
sub-verse404,4,macro_label_dice,d175,0.9591342135748492,2
sub-verse404,4,missing_label_count,d129,0.0,2
sub-verse404,4,missing_label_count,d175,0.0,2
sub-verse412,0,common_matched_assd_mm,d129,0.5249168929101728,2
sub-verse412,0,common_matched_assd_mm,d175,0.6791452200911319,2
sub-verse412,0,common_matched_hd95_mm,d129,2.473644523640615,2
sub-verse412,0,common_matched_hd95_mm,d175,3.484880312981551,2
sub-verse412,0,complete_label_set_indicator,d129,0.0,2
sub-verse412,0,complete_label_set_indicator,d175,0.0,2
sub-verse412,0,foreground_dice,d129,0.9290894999999999,2
sub-verse412,0,foreground_dice,d175,0.9358155,2
sub-verse412,0,identification_rate,d129,0.973684,2
sub-verse412,0,identification_rate,d175,1.0,2
sub-verse412,0,label_set_jaccard,d129,0.8409090909090909,2
sub-verse412,0,label_set_jaccard,d175,0.8273809523809523,2
sub-verse412,0,macro_label_dice,d129,0.9299027719288544,2
sub-verse412,0,macro_label_dice,d175,0.9159587945574346,2
sub-verse412,0,missing_label_count,d129,0.0,2
sub-verse412,0,missing_label_count,d175,0.0,2
sub-verse412,1,common_matched_assd_mm,d129,1.1143055873145487,2
sub-verse412,1,common_matched_assd_mm,d175,0.7147208224718767,2
sub-verse412,1,common_matched_hd95_mm,d129,5.906841038159591,2
sub-verse412,1,common_matched_hd95_mm,d175,4.606195216475609,2
sub-verse412,1,complete_label_set_indicator,d129,0.0,2
sub-verse412,1,complete_label_set_indicator,d175,0.0,2
sub-verse412,1,foreground_dice,d129,0.9251535,2
sub-verse412,1,foreground_dice,d175,0.9251125,2
sub-verse412,1,identification_rate,d129,0.9473685000000001,2
sub-verse412,1,identification_rate,d175,1.0,2
sub-verse412,1,label_set_jaccard,d129,0.7738095238095238,2
sub-verse412,1,label_set_jaccard,d175,0.8614718614718615,2
sub-verse412,1,macro_label_dice,d129,0.9021465433248734,2
sub-verse412,1,macro_label_dice,d175,0.929257610795549,2
sub-verse412,1,missing_label_count,d129,0.0,2
sub-verse412,1,missing_label_count,d175,0.0,2
sub-verse412,2,common_matched_assd_mm,d129,0.8621834249671106,2
sub-verse412,2,common_matched_assd_mm,d175,0.5381999356368736,2
sub-verse412,2,common_matched_hd95_mm,d129,3.3612795862731337,2
sub-verse412,2,common_matched_hd95_mm,d175,3.0611421677030872,2
sub-verse412,2,complete_label_set_indicator,d129,0.0,2
sub-verse412,2,complete_label_set_indicator,d175,0.0,2
sub-verse412,2,foreground_dice,d129,0.9468194999999999,2
sub-verse412,2,foreground_dice,d175,0.9276530000000001,2
sub-verse412,2,identification_rate,d129,0.9210525,2
sub-verse412,2,identification_rate,d175,0.973684,2
sub-verse412,2,label_set_jaccard,d129,0.8409090909090909,2
sub-verse412,2,label_set_jaccard,d175,0.8221343873517787,2
sub-verse412,2,macro_label_dice,d129,0.8962743297395314,2
sub-verse412,2,macro_label_dice,d175,0.9230552918122742,2
sub-verse412,2,missing_label_count,d129,0.0,2
sub-verse412,2,missing_label_count,d175,0.0,2
sub-verse412,3,common_matched_assd_mm,d129,0.7421803694728909,2
sub-verse412,3,common_matched_assd_mm,d175,0.6364738357435287,2
sub-verse412,3,common_matched_hd95_mm,d129,2.722591348574957,2
sub-verse412,3,common_matched_hd95_mm,d175,3.4547991015876294,2
sub-verse412,3,complete_label_set_indicator,d129,0.0,2
sub-verse412,3,complete_label_set_indicator,d175,0.0,2
sub-verse412,3,foreground_dice,d129,0.9274450000000001,2
sub-verse412,3,foreground_dice,d175,0.9357805,2
sub-verse412,3,identification_rate,d129,0.9473685000000001,2
sub-verse412,3,identification_rate,d175,0.973684,2
sub-verse412,3,label_set_jaccard,d129,0.8409090909090909,2
sub-verse412,3,label_set_jaccard,d175,0.7779720279720279,2
sub-verse412,3,macro_label_dice,d129,0.903835833709334,2
sub-verse412,3,macro_label_dice,d175,0.9167295213398218,2
sub-verse412,3,missing_label_count,d129,0.0,2
sub-verse412,3,missing_label_count,d175,0.0,2
sub-verse412,4,common_matched_assd_mm,d129,0.7123135765240467,2
sub-verse412,4,common_matched_assd_mm,d175,0.8857287100794036,2
sub-verse412,4,common_matched_hd95_mm,d129,4.393652787008526,2
sub-verse412,4,common_matched_hd95_mm,d175,4.737812901359243,2
sub-verse412,4,complete_label_set_indicator,d129,0.0,2
sub-verse412,4,complete_label_set_indicator,d175,0.0,2
sub-verse412,4,foreground_dice,d129,0.938048,2
sub-verse412,4,foreground_dice,d175,0.935476,2
sub-verse412,4,identification_rate,d129,0.973684,2
sub-verse412,4,identification_rate,d175,0.9473685000000001,2
sub-verse412,4,label_set_jaccard,d129,0.8273809523809523,2
sub-verse412,4,label_set_jaccard,d175,0.8068181818181819,2
sub-verse412,4,macro_label_dice,d129,0.9105039055405779,2
sub-verse412,4,macro_label_dice,d175,0.8898207273338663,2
sub-verse412,4,missing_label_count,d129,0.0,2
sub-verse412,4,missing_label_count,d175,0.0,2
