background,delta,simulation,mean_estimate,ci_low,ci_high,detected,subjects,folds,bootstrap_repetitions,seed
D175_minus_D129_foreground_dice,0.0,0,-0.0012819378378378329,-0.003422616081081076,0.000758453918918928,False,37,5,2000,20260716
D175_minus_D129_foreground_dice,0.0,1,0.003264143243243249,0.000769562094594603,0.007095944864864866,True,37,5,2000,20260716
D175_minus_D129_foreground_dice,0.0,2,0.0004129864864864767,-0.001945710608108125,0.0022739918243242976,False,37,5,2000,20260716
D175_minus_D129_foreground_dice,0.0,3,0.0015652297297297257,-0.00038370445945946473,0.0035810794594594467,False,37,5,2000,20260716
D175_minus_D129_foreground_dice,0.0,4,-6.579729729730091e-05,-0.0035970622972972995,0.003455449932432422,False,37,5,2000,20260716
D175_minus_D129_foreground_dice,0.0,5,0.001327175675675673,-0.00036130675675675235,0.0034567945945945837,False,37,5,2000,20260716
D175_minus_D129_foreground_dice,0.0,6,0.0018727540540540532,0.00029674378378378936,0.0037822193918918895,True,37,5,2000,20260716
D175_minus_D129_foreground_dice,0.0,7,-0.003771094594594588,-0.007728865270270256,-0.00047772554054054334,True,37,5,2000,20260716
D175_minus_D129_foreground_dice,0.0,8,-0.002936370270270269,-0.006721571486486491,0.00045714702702702865,False,37,5,2000,20260716
D175_minus_D129_foreground_dice,0.0,9,0.0010943891891891822,-0.00091880405405406,0.003968539391891868,False,37,5,2000,20260716
D175_minus_D129_foreground_dice,0.0,10,-0.0017670459459459414,-0.005409581418918911,0.0009175924324324197,False,37,5,2000,20260716
D175_minus_D129_foreground_dice,0.0,11,-0.0006501432432432426,-0.004081869459459451,0.0023688701351351326,False,37,5,2000,20260716
D175_minus_D129_foreground_dice,0.0,12,0.0013562189189189223,-0.0004788882432432353,0.0036841732432432565,False,37,5,2000,20260716
D175_minus_D129_foreground_dice,0.0,13,0.0009596351351351287,-0.0002858241216216188,0.002301282297297287,False,37,5,2000,20260716
D175_minus_D129_foreground_dice,0.0,14,0.0004521027027027065,-0.0027583733783783913,0.0037618071621621707,False,37,5,2000,20260716
D175_minus_D129_foreground_dice,0.0,15,0.000594918918918922,-0.0024168506081081033,0.004217809797297291,False,37,5,2000,20260716
D175_minus_D129_foreground_dice,0.0,16,-0.00042458918918919026,-0.0033845950675675677,0.0021630332432432346,False,37,5,2000,20260716
D175_minus_D129_foreground_dice,0.0,17,1.4054054054109367e-06,-0.0032264693918918853,0.0028047527702702753,False,37,5,2000,20260716
D175_minus_D129_foreground_dice,0.0,18,0.0004092297297297317,-0.0028230004729729724,0.003395944459459456,False,37,5,2000,20260716
D175_minus_D129_foreground_dice,0.0,19,-0.000597716216216215,-0.00344256256756757,0.0020692548648648655,False,37,5,2000,20260716
D175_minus_D129_foreground_dice,0.0,20,-0.002282756756756755,-0.006174390540540543,0.0012297763513513433,False,37,5,2000,20260716
D175_minus_D129_foreground_dice,0.0,21,-0.00020786756756756172,-0.002737333175675671,0.0019450323648648657,False,37,5,2000,20260716
D175_minus_D129_foreground_dice,0.0,22,-0.0012366297297297239,-0.005206396891891891,0.002988444864864865,False,37,5,2000,20260716
D175_minus_D129_foreground_dice,0.0,23,0.0003027216216216225,-0.00175641297297298,0.002092541351351354,False,37,5,2000,20260716
D175_minus_D129_foreground_dice,0.0,24,-0.0017542081081081112,-0.005633542567567569,0.0017479816891891882,False,37,5,2000,20260716
D175_minus_D129_foreground_dice,0.0,25,0.0029338378378378307,0.0002638375000000067,0.00661231493243241,True,37,5,2000,20260716
D175_minus_D129_foreground_dice,0.0,26,-0.002049840540540536,-0.005357389189189186,0.0013558643243243233,False,37,5,2000,20260716
D175_minus_D129_foreground_dice,0.0,27,0.0007197027027027006,-0.0012729049324324347,0.002835797162162165,False,37,5,2000,20260716
D175_minus_D129_foreground_dice,0.0,28,0.0019148297297297318,0.0004800873648648654,0.003630034054054031,True,37,5,2000,20260716
D175_minus_D129_foreground_dice,0.0,29,0.0002092432432432299,-0.0011796120945945978,0.0015815656081080833,False,37,5,2000,20260716
D175_minus_D129_foreground_dice,0.0,30,0.0023885216216216233,0.00013467689189189497,0.005403506283783778,True,37,5,2000,20260716
D175_minus_D129_foreground_dice,0.0,31,0.0001588027027027029,-0.0022424160135134943,0.0023608103378378294,False,37,5,2000,20260716
D175_minus_D129_foreground_dice,0.0,32,7.718648648648687e-05,-0.002394812162162166,0.001978043986486481,False,37,5,2000,20260716
D175_minus_D129_foreground_dice,0.0,33,0.0011314918918918855,-0.00039920513513513255,0.0025119881081080877,False,37,5,2000,20260716
D175_minus_D129_foreground_dice,0.0,34,0.001026599999999997,-0.0019839149999999984,0.004048382094594581,False,37,5,2000,20260716
D175_minus_D129_foreground_dice,0.0,35,0.001209697297297296,0.0001546684459459506,0.0023220176351351294,True,37,5,2000,20260716
D175_minus_D129_foreground_dice,0.0,36,-0.0009852810810810836,-0.004005429459459469,0.0017172006756756674,False,37,5,2000,20260716
D175_minus_D129_foreground_dice,0.0,37,-0.0024134432432432406,-0.004985515810810804,0.00014187006756756653,False,37,5,2000,20260716
D175_minus_D129_foreground_dice,0.0,38,0.0005508810810810835,-0.0022130543243243242,0.0035104751351351313,False,37,5,2000,20260716
D175_minus_D129_foreground_dice,0.0,39,0.0005420378378378412,-0.0014525502027026905,0.0025142758108108085,False,37,5,2000,20260716
D175_minus_D129_foreground_dice,0.0,40,-0.00016550270270269336,-0.0031017227027026906,0.0025404018918918953,False,37,5,2000,20260716
D175_minus_D129_foreground_dice,0.0,41,-0.001735613513513513,-0.005184693445945957,0.0010911692567567549,False,37,5,2000,20260716
D175_minus_D129_foreground_dice,0.0,42,-7.032432432432219e-05,-0.001803609729729727,0.001455225135135138,False,37,5,2000,20260716
D175_minus_D129_foreground_dice,0.0,43,-0.0018933837837837799,-0.004594103513513507,0.0004433787162162151,False,37,5,2000,20260716
D175_minus_D129_foreground_dice,0.0,44,-0.00106124594594595,-0.004275928243243247,0.0013092478378378303,False,37,5,2000,20260716
D175_minus_D129_foreground_dice,0.0,45,-0.0011029540540540596,-0.004567521824324328,0.0020583222972972914,False,37,5,2000,20260716
D175_minus_D129_foreground_dice,0.0,46,0.00047855945945945067,-0.00322708216216216,0.003967201216216192,False,37,5,2000,20260716
D175_minus_D129_foreground_dice,0.0,47,-1.2602702702698952e-05,-0.002396523310810792,0.003168874797297285,False,37,5,2000,20260716
D175_minus_D129_foreground_dice,0.0,48,-0.001747829729729728,-0.00515736905405405,0.0010412965540540506,False,37,5,2000,20260716
D175_minus_D129_foreground_dice,0.0,49,-0.0019002162162162024,-0.004696221013513505,0.0004678187837837879,False,37,5,2000,20260716
D175_minus_D129_foreground_dice,0.0,50,0.0007180081081081145,-0.0018615221621621548,0.0030476631081081066,False,37,5,2000,20260716
D175_minus_D129_foreground_dice,0.0,51,0.0003442675675675714,-0.0012748372297297279,0.00188829141891892,False,37,5,2000,20260716
D175_minus_D129_foreground_dice,0.0,52,-0.001163978378378379,-0.0036055781081081087,0.0009181329054054005,False,37,5,2000,20260716
D175_minus_D129_foreground_dice,0.0,53,0.00022851081081082264,-0.0017209206756756566,0.002249991554054061,False,37,5,2000,20260716
D175_minus_D129_foreground_dice,0.0,54,-0.0002400054054054021,-0.0023035929054054053,0.0013192916216216316,False,37,5,2000,20260716
D175_minus_D129_foreground_dice,0.0,55,-0.0006434081081080994,-0.0032142401351351324,0.0018096057432432373,False,37,5,2000,20260716
D175_minus_D129_foreground_dice,0.0,56,-0.002167854054054052,-0.005361307837837832,0.0007761639189189146,False,37,5,2000,20260716
D175_minus_D129_foreground_dice,0.0,57,-0.0014793162162162177,-0.004136752567567563,0.0008187837162162035,False,37,5,2000,20260716
D175_minus_D129_foreground_dice,0.0,58,-0.0001887162162162119,-0.001772892972972956,0.001104582770270262,False,37,5,2000,20260716
D175_minus_D129_foreground_dice,0.0,59,-0.0006130135135135185,-0.003606293783783787,0.0014960295945945967,False,37,5,2000,20260716
D175_minus_D129_foreground_dice,0.0,60,0.000841837837837846,-0.0020109279054054004,0.0038422394594594582,False,37,5,2000,20260716
D175_minus_D129_foreground_dice,0.0,61,-0.0012891540540540542,-0.003979484932432438,0.0013722531081081042,False,37,5,2000,20260716
D175_minus_D129_foreground_dice,0.0,62,0.0023405864864864834,-0.00014063135135135348,0.004993031891891895,False,37,5,2000,20260716
D175_minus_D129_foreground_dice,0.0,63,-0.0012897243243243197,-0.0035742227702702687,0.0007531141891891972,False,37,5,2000,20260716
D175_minus_D129_foreground_dice,0.0,64,0.0009976270270270276,-0.0008649773648648581,0.003095398378378365,False,37,5,2000,20260716
D175_minus_D129_foreground_dice,0.0,65,-0.0006838864864864905,-0.0033271506756756973,0.0013926674999999683,False,37,5,2000,20260716
D175_minus_D129_foreground_dice,0.0,66,-0.00016609729729729735,-0.002861357905405391,0.003119103581081077,False,37,5,2000,20260716
D175_minus_D129_foreground_dice,0.0,67,0.0013270945945946,-0.0002147985135135141,0.0031205223648648863,False,37,5,2000,20260716
D175_minus_D129_foreground_dice,0.0,68,-0.001859181081081087,-0.0052994544594594534,0.0010795894594594483,False,37,5,2000,20260716
D175_minus_D129_foreground_dice,0.0,69,0.0011318000000000003,-0.00035688378378377454,0.0025299645945945945,False,37,5,2000,20260716
D175_minus_D129_foreground_dice,0.0,70,0.0006536027027026982,-0.0022867187162162097,0.0036306404729729565,False,37,5,2000,20260716
D175_minus_D129_foreground_dice,0.0,71,0.0005184513513513554,-0.0013735425675675656,0.002570935945945953,False,37,5,2000,20260716
D175_minus_D129_foreground_dice,0.0,72,-0.00046519729729729587,-0.0026348848648648586,0.0011841704054054091,False,37,5,2000,20260716
D175_minus_D129_foreground_dice,0.0,73,0.0005580216216216203,-0.0010885744594594552,0.002289747905405396,False,37,5,2000,20260716
D175_minus_D129_foreground_dice,0.0,74,-0.0009263972972973064,-0.005446348918918922,0.0034404704729729613,False,37,5,2000,20260716
D175_minus_D129_foreground_dice,0.0,75,-0.0007999243243243182,-0.0028760865540540435,0.0013931786486486518,False,37,5,2000,20260716
D175_minus_D129_foreground_dice,0.0,76,-0.0010001432432432567,-0.0032646272297297435,0.0011255931081080937,False,37,5,2000,20260716
D175_minus_D129_foreground_dice,0.0,77,-0.000802786486486485,-0.0031191158108108095,0.001180275270270269,False,37,5,2000,20260716
D175_minus_D129_foreground_dice,0.0,78,0.0014310108108108199,-0.002011066621621617,0.005080423378378385,False,37,5,2000,20260716
D175_minus_D129_foreground_dice,0.0,79,-0.0017501513513513527,-0.0053428354729729705,0.0016998683108107955,False,37,5,2000,20260716
D175_minus_D129_foreground_dice,0.0,80,0.00014385675675674723,-0.002714856824324325,0.0026125738513513505,False,37,5,2000,20260716
D175_minus_D129_foreground_dice,0.0,81,-0.0006273162162162213,-0.003969601081081082,0.0020273895945945876,False,37,5,2000,20260716
D175_minus_D129_foreground_dice,0.0,82,6.520810810810442e-05,-0.0020225052027027,0.0016769643918918766,False,37,5,2000,20260716
D175_minus_D129_foreground_dice,0.0,83,-0.0004754270270270268,-0.0034048050675675686,0.002959895675675678,False,37,5,2000,20260716
D175_minus_D129_foreground_dice,0.0,84,0.0007363783783783845,-0.0008629429729729767,0.002586844324324326,False,37,5,2000,20260716
D175_minus_D129_foreground_dice,0.0,85,-0.0018850918918918837,-0.004956629256756752,0.0006213971621621673,False,37,5,2000,20260716
D175_minus_D129_foreground_dice,0.0,86,0.0004677864864864869,-0.0018350732432432357,0.0028731406756756675,False,37,5,2000,20260716
D175_minus_D129_foreground_dice,0.0,87,-0.0021318108108108187,-0.006347857837837847,0.0011617027702702563,False,37,5,2000,20260716
D175_minus_D129_foreground_dice,0.0,88,0.001194040540540544,-0.0004982033783783729,0.0031787186486486674,False,37,5,2000,20260716
D175_minus_D129_foreground_dice,0.0,89,6.14189189189168e-05,-0.0026142187837837794,0.0021804763513513445,False,37,5,2000,20260716
D175_minus_D129_foreground_dice,0.0,90,0.0006460567567567551,-0.0026141964864864814,0.004167477027026997,False,37,5,2000,20260716
D175_minus_D129_foreground_dice,0.0,91,0.003772448648648646,0.0009027839864864862,0.00741281081081078,True,37,5,2000,20260716
D175_minus_D129_foreground_dice,0.0,92,0.0002780837837837943,-0.0023976972297297156,0.002871585810810813,False,37,5,2000,20260716
D175_minus_D129_foreground_dice,0.0,93,0.0007079216216216139,-0.0017463159459459436,0.00263909135135134,False,37,5,2000,20260716
D175_minus_D129_foreground_dice,0.0,94,0.0012537594594594606,-5.9329391891882424e-05,0.002678423513513504,False,37,5,2000,20260716
D175_minus_D129_foreground_dice,0.0,95,-0.0008492270270270332,-0.0035285088513513493,0.0011581614864864898,False,37,5,2000,20260716
D175_minus_D129_foreground_dice,0.0,96,-0.00214229459459459,-0.005053893175675665,0.0005325291216216222,False,37,5,2000,20260716
D175_minus_D129_foreground_dice,0.0,97,-9.61837837837772e-05,-0.00313137513513513,0.002728876283783787,False,37,5,2000,20260716
D175_minus_D129_foreground_dice,0.0,98,-0.0001800432432432347,-0.002185490540540535,0.0013969276351351561,False,37,5,2000,20260716
D175_minus_D129_foreground_dice,0.0,99,-3.8756756756685995e-06,-0.0017788297972972868,0.002046238175675677,False,37,5,2000,20260716
D175_minus_D129_foreground_dice,0.0,100,-0.0008107486486486501,-0.004144343175675678,0.002880455878378361,False,37,5,2000,20260716
D175_minus_D129_foreground_dice,0.0,101,-0.0018636702702702665,-0.0056628768918918874,0.0017832937837837788,False,37,5,2000,20260716
D175_minus_D129_foreground_dice,0.0,102,-0.004445578378378382,-0.00952905148648649,0.0003162318918918784,False,37,5,2000,20260716
D175_minus_D129_foreground_dice,0.0,103,0.0013947162162162114,-0.0009025237837837828,0.003980346554054044,False,37,5,2000,20260716
D175_minus_D129_foreground_dice,0.0,104,-0.0003545027027027007,-0.003582483175675668,0.0023595566891891915,False,37,5,2000,20260716
D175_minus_D129_foreground_dice,0.0,105,-0.0014775351351351287,-0.004418420135135123,0.0011266335135135242,False,37,5,2000,20260716
D175_minus_D129_foreground_dice,0.0,106,0.0017546891891891867,-0.0013447435135135167,0.0050246087837837695,False,37,5,2000,20260716
D175_minus_D129_foreground_dice,0.0,107,0.0016925351351351366,-0.0003490108108107896,0.0038028860135135064,False,37,5,2000,20260716
D175_minus_D129_foreground_dice,0.0,108,-8.89108108108103e-05,-0.0018961131081081082,0.0013509161486486524,False,37,5,2000,20260716
D175_minus_D129_foreground_dice,0.0,109,0.00431535675675675,0.0020366837837837736,0.006763455067567549,True,37,5,2000,20260716
D175_minus_D129_foreground_dice,0.0,110,0.0004523432432432489,-0.0031061320270270184,0.0037909655405405397,False,37,5,2000,20260716
D175_minus_D129_foreground_dice,0.0,111,0.00013072162162161314,-0.0025254294594594514,0.0024621629729729712,False,37,5,2000,20260716
D175_minus_D129_foreground_dice,0.0,112,-0.0006672351351351295,-0.0030544477702702617,0.0016018993243243293,False,37,5,2000,20260716
D175_minus_D129_foreground_dice,0.0,113,6.533783783783369e-05,-0.0017247297972973025,0.0016683229729729698,False,37,5,2000,20260716
D175_minus_D129_foreground_dice,0.0,114,-0.0004405162162162165,-0.003853754324324328,0.003090678648648637,False,37,5,2000,20260716
D175_minus_D129_foreground_dice,0.0,115,0.0028820891891891804,0.0013597952702702593,0.004842360810810796,True,37,5,2000,20260716
D175_minus_D129_foreground_dice,0.0,116,0.00069317567567567,-0.0014774960810810815,0.0028619025675675662,False,37,5,2000,20260716
D175_minus_D129_foreground_dice,0.0,117,-0.0008568243243243182,-0.0031028730405405366,0.001230066351351343,False,37,5,2000,20260716
D175_minus_D129_foreground_dice,0.0,118,0.00014955405405405435,-0.002159901418918919,0.0022396181081081146,False,37,5,2000,20260716
D175_minus_D129_foreground_dice,0.0,119,0.0008947000000000009,-0.001501650000000005,0.0031733289864864823,False,37,5,2000,20260716
D175_minus_D129_foreground_dice,0.0,120,-0.0006397756756756775,-0.003117684324324326,0.0012689048648648704,False,37,5,2000,20260716
D175_minus_D129_foreground_dice,0.0,121,0.0004799999999999956,-0.0021396795945945904,0.002911689999999987,False,37,5,2000,20260716
D175_minus_D129_foreground_dice,0.0,122,-0.0015938540540540564,-0.004008449121621614,0.0008191557432432337,False,37,5,2000,20260716
D175_minus_D129_foreground_dice,0.0,123,0.0005041324324324371,-0.002235560472972969,0.0029253144594594688,False,37,5,2000,20260716
D175_minus_D129_foreground_dice,0.0,124,0.0005011378378378302,-0.0022074556081081095,0.002600607905405398,False,37,5,2000,20260716
D175_minus_D129_foreground_dice,0.0,125,-0.0008344297297297325,-0.0036364991891891896,0.0018351208783783668,False,37,5,2000,20260716
D175_minus_D129_foreground_dice,0.0,126,-0.0004299837837837871,-0.0029739077027027072,0.0018444591891891857,False,37,5,2000,20260716
D175_minus_D129_foreground_dice,0.0,127,-0.0012531324324324255,-0.003622055945945942,0.0005072893918918888,False,37,5,2000,20260716
D175_minus_D129_foreground_dice,0.0,128,0.0006556459459459419,-0.0006092195945946032,0.0019089558108108082,False,37,5,2000,20260716
D175_minus_D129_foreground_dice,0.0,129,0.0004119378378378396,-0.0020383340540540405,0.0026403726351351357,False,37,5,2000,20260716
D175_minus_D129_foreground_dice,0.0,130,-0.0005674513513513427,-0.004357933378378366,0.003228964864864883,False,37,5,2000,20260716
D175_minus_D129_foreground_dice,0.0,131,0.0013018648648648698,3.580837837839619e-05,0.0023537380405405416,True,37,5,2000,20260716
D175_minus_D129_foreground_dice,0.0,132,0.0011058513513513457,-0.0006731739864864897,0.002909783108108083,False,37,5,2000,20260716
D175_minus_D129_foreground_dice,0.0,133,0.0007227594594594628,-0.0025830064864864823,0.00398705412162163,False,37,5,2000,20260716
D175_minus_D129_foreground_dice,0.0,134,-0.0008242486486486523,-0.004255240337837836,0.002412163648648651,False,37,5,2000,20260716
D175_minus_D129_foreground_dice,0.0,135,0.0009451270270270217,-0.002812056283783787,0.0041508166216216065,False,37,5,2000,20260716
D175_minus_D129_foreground_dice,0.0,136,-0.0009008567567567491,-0.003243702027027022,0.0011996850675675733,False,37,5,2000,20260716
D175_minus_D129_foreground_dice,0.0,137,-0.0028205594594594577,-0.006085586824324325,-0.00021320371621622156,True,37,5,2000,20260716
D175_minus_D129_foreground_dice,0.0,138,0.00044038648648648697,-0.00247406614864865,0.0032227400675675644,False,37,5,2000,20260716
D175_minus_D129_foreground_dice,0.0,139,0.0003767810810810814,-0.0021418914864864856,0.0026714114864864794,False,37,5,2000,20260716
D175_minus_D129_foreground_dice,0.0,140,-0.0002110864864864797,-0.0033466835135135056,0.0027845140540540677,False,37,5,2000,20260716
D175_minus_D129_foreground_dice,0.0,141,-0.0006802027027027061,-0.0030926803378378393,0.0017551125675675594,False,37,5,2000,20260716
D175_minus_D129_foreground_dice,0.0,142,0.00016930540540540588,-0.0019166297297297326,0.0019266943243243246,False,37,5,2000,20260716
D175_minus_D129_foreground_dice,0.0,143,0.0023158243243243167,-0.0006651599999999913,0.005168031486486478,False,37,5,2000,20260716
D175_minus_D129_foreground_dice,0.0,144,0.0017702243243243228,-0.0006739085810810662,0.004266806756756744,False,37,5,2000,20260716
D175_minus_D129_foreground_dice,0.0,145,-2.6402702702703228e-05,-0.00394435216216216,0.003509115472972967,False,37,5,2000,20260716
D175_minus_D129_foreground_dice,0.0,146,0.001505072972972972,-0.0012992629729729744,0.0038201189189189114,False,37,5,2000,20260716
D175_minus_D129_foreground_dice,0.0,147,-0.0008643513513513493,-0.0033142356081081008,0.0012631781756756856,False,37,5,2000,20260716
D175_minus_D129_foreground_dice,0.0,148,0.0007445000000000047,-0.0021220801351351263,0.0035314499324324263,False,37,5,2000,20260716
D175_minus_D129_foreground_dice,0.0,149,-0.00016099189189189725,-0.0032752371621621703,0.002322159189189183,False,37,5,2000,20260716
D175_minus_D129_foreground_dice,0.0,150,0.0015976729729729757,-0.001385947297297297,0.004851066891891896,False,37,5,2000,20260716
D175_minus_D129_foreground_dice,0.0,151,-0.0011695729729729704,-0.0038745363513513396,0.0011973835810810923,False,37,5,2000,20260716
D175_minus_D129_foreground_dice,0.0,152,-0.001385024324324314,-0.004623735067567563,0.002166022162162167,False,37,5,2000,20260716
D175_minus_D129_foreground_dice,0.0,153,-0.0007471729729729665,-0.004261454662162161,0.002278095743243244,False,37,5,2000,20260716
D175_minus_D129_foreground_dice,0.0,154,-0.0006757108108108076,-0.003258677770270266,0.0016206966216216168,False,37,5,2000,20260716
D175_minus_D129_foreground_dice,0.0,155,0.00019416756756756649,-0.0021543521621621674,0.002457226891891894,False,37,5,2000,20260716
D175_minus_D129_foreground_dice,0.0,156,0.00022986216216217098,-0.0032474708783783593,0.0036348610135135263,False,37,5,2000,20260716
D175_minus_D129_foreground_dice,0.0,157,0.001212286486486481,-0.0006865831756756717,0.002741047364864857,False,37,5,2000,20260716
D175_minus_D129_foreground_dice,0.0,158,0.0009874972972972974,-0.0012189402027027146,0.0033235794594594723,False,37,5,2000,20260716
D175_minus_D129_foreground_dice,0.0,159,-0.0008258216216216262,-0.004006752364864864,0.0019845842567567493,False,37,5,2000,20260716
D175_minus_D129_foreground_dice,0.0,160,0.001872099999999997,-0.00011945459459460208,0.004628666081081077,False,37,5,2000,20260716
D175_minus_D129_foreground_dice,0.0,161,0.0011589540540540577,-0.0015736979729729648,0.0045627418918918845,False,37,5,2000,20260716
D175_minus_D129_foreground_dice,0.0,162,0.0008888702702702712,-0.001176993108108105,0.0030550118918918965,False,37,5,2000,20260716
D175_minus_D129_foreground_dice,0.0,163,-0.0012646567567567613,-0.004450322972972965,0.0018774909459459382,False,37,5,2000,20260716
D175_minus_D129_foreground_dice,0.0,164,-0.0010891891891891914,-0.004180262972972968,0.001211502297297286,False,37,5,2000,20260716
D175_minus_D129_foreground_dice,0.0,165,-0.00034956486486486046,-0.003415464256756759,0.002437968918918912,False,37,5,2000,20260716
D175_minus_D129_foreground_dice,0.0,166,0.0016391162162162109,-0.0010145797972972992,0.004289890135135125,False,37,5,2000,20260716
D175_minus_D129_foreground_dice,0.0,167,0.00192304324324324,-0.0012331391891891945,0.004869711216216208,False,37,5,2000,20260716
D175_minus_D129_foreground_dice,0.0,168,-0.0004348567567567541,-0.0034543224324324285,0.00231410135135135,False,37,5,2000,20260716
D175_minus_D129_foreground_dice,0.0,169,0.00035071081081080663,-0.0012812618243243279,0.0016869128378378406,False,37,5,2000,20260716
D175_minus_D129_foreground_dice,0.0,170,-0.0002500027027027043,-0.003090963108108108,0.0024485337837837798,False,37,5,2000,20260716
D175_minus_D129_foreground_dice,0.0,171,-0.0004964756756756702,-0.0027239702702702676,0.0012742197972972957,False,37,5,2000,20260716
D175_minus_D129_foreground_dice,0.0,172,0.0009885540540540577,-0.0011113564189189121,0.0035521714864864837,False,37,5,2000,20260716
D175_minus_D129_foreground_dice,0.0,173,0.000536808108108115,-0.0018938868918918794,0.003342451013513519,False,37,5,2000,20260716
D175_minus_D129_foreground_dice,0.0,174,-0.0018232837837837792,-0.005084994121621617,0.0006666391891891983,False,37,5,2000,20260716
D175_minus_D129_foreground_dice,0.0,175,0.002451435135135132,7.971959459463438e-06,0.005054374999999987,True,37,5,2000,20260716
D175_minus_D129_foreground_dice,0.0,176,-0.0018398351351351402,-0.005800914662162161,0.0018484672972972774,False,37,5,2000,20260716
D175_minus_D129_foreground_dice,0.0,177,-0.001350391891891891,-0.005024502567567562,0.0016086927702702613,False,37,5,2000,20260716
D175_minus_D129_foreground_dice,0.0,178,-0.0005849621621621612,-0.0042631418243243195,0.003343331081081076,False,37,5,2000,20260716
D175_minus_D129_foreground_dice,0.0,179,-0.0024259162162162196,-0.0064042045945945925,0.0012490610810810636,False,37,5,2000,20260716
D175_minus_D129_foreground_dice,0.0,180,0.001149083783783782,-0.0003969685810810724,0.0030427835810810655,False,37,5,2000,20260716
D175_minus_D129_foreground_dice,0.0,181,4.8278378378372126e-05,-0.0030246414864864906,0.0032282986486486345,False,37,5,2000,20260716
D175_minus_D129_foreground_dice,0.0,182,-0.0011769918918918853,-0.004446772094594583,0.002171664121621623,False,37,5,2000,20260716
D175_minus_D129_foreground_dice,0.0,183,0.0007977189189189148,-0.002122491351351346,0.003945416216216202,False,37,5,2000,20260716
D175_minus_D129_foreground_dice,0.0,184,0.0003711459459459405,-0.0023680570270270336,0.002865884054054054,False,37,5,2000,20260716
D175_minus_D129_foreground_dice,0.0,185,2.7621621621604985e-06,-0.0017129558783783787,0.0016877770270270222,False,37,5,2000,20260716
D175_minus_D129_foreground_dice,0.0,186,0.002001459459459454,0.00016692729729728638,0.004019512770270263,True,37,5,2000,20260716
D175_minus_D129_foreground_dice,0.0,187,-0.0005457216216216219,-0.003583828918918909,0.002046368986486475,False,37,5,2000,20260716
D175_minus_D129_foreground_dice,0.0,188,0.0011307054054054114,-0.0008912562837837797,0.0040883918918918965,False,37,5,2000,20260716
D175_minus_D129_foreground_dice,0.0,189,-2.6394594594595187e-05,-0.003105828310810814,0.00284805418918918,False,37,5,2000,20260716
D175_minus_D129_foreground_dice,0.0,190,-0.0003626216216216163,-0.0020695528378378196,0.0008084895270270333,False,37,5,2000,20260716
D175_minus_D129_foreground_dice,0.0,191,-0.001940248648648648,-0.005554882770270281,0.0008749089864864873,False,37,5,2000,20260716
D175_minus_D129_foreground_dice,0.0,192,0.0009111756756756787,-0.00014551040540540156,0.002022716891891891,False,37,5,2000,20260716
D175_minus_D129_foreground_dice,0.0,193,0.0006501054054054054,-0.0016509530405405342,0.0028736240540540524,False,37,5,2000,20260716
D175_minus_D129_foreground_dice,0.0,194,-0.0022942864864864813,-0.005472386891891879,5.0303918918925716e-05,False,37,5,2000,20260716
D175_minus_D129_foreground_dice,0.0,195,0.0010125756756756597,-0.0013769405405405458,0.003181751081081062,False,37,5,2000,20260716
D175_minus_D129_foreground_dice,0.0,196,0.00020186486486485273,-0.003088187567567577,0.00362947168918917,False,37,5,2000,20260716
D175_minus_D129_foreground_dice,0.0,197,-0.00016792702702702513,-0.003586673918918911,0.0031896856756756693,False,37,5,2000,20260716
D175_minus_D129_foreground_dice,0.0,198,-0.0007053243243243265,-0.0040357055405405426,0.00227630959459458,False,37,5,2000,20260716
D175_minus_D129_foreground_dice,0.0,199,-0.0006389810810810752,-0.0032792697972972686,0.0017418182432432255,False,37,5,2000,20260716
D175_minus_D129_foreground_dice,0.0,200,-0.0009500216216216196,-0.0040092902702702675,0.0018089598648648635,False,37,5,2000,20260716
D175_minus_D129_foreground_dice,0.0,201,0.0005377756756756801,-0.0012733713513513423,0.001932056216216228,False,37,5,2000,20260716
D175_minus_D129_foreground_dice,0.0,202,-0.0018890648648648525,-0.0049748510135135034,0.0009460115540540594,False,37,5,2000,20260716
D175_minus_D129_foreground_dice,0.0,203,-0.000402551351351346,-0.00320664891891891,0.0018004238513513464,False,37,5,2000,20260716
D175_minus_D129_foreground_dice,0.0,204,-0.00012837297297296803,-0.0018892552702702607,0.0012643933108108106,False,37,5,2000,20260716
D175_minus_D129_foreground_dice,0.0,205,0.00014601081081080605,-0.002787549864864867,0.0024482165540540544,False,37,5,2000,20260716
D175_minus_D129_foreground_dice,0.0,206,-0.0018934918918918988,-0.00529154702702703,0.0009788945945945874,False,37,5,2000,20260716
D175_minus_D129_foreground_dice,0.0,207,-6.967297297297868e-05,-0.003199289256756758,0.0029089089864864745,False,37,5,2000,20260716
D175_minus_D129_foreground_dice,0.0,208,0.0017837810810810732,0.0001372932432432401,0.00366978729729729,True,37,5,2000,20260716
D175_minus_D129_foreground_dice,0.0,209,-0.0001367270270270255,-0.0021470779054053994,0.0019035960810810768,False,37,5,2000,20260716
D175_minus_D129_foreground_dice,0.0,210,0.0017510594594594645,-0.0006361641891891849,0.004939592432432432,False,37,5,2000,20260716
D175_minus_D129_foreground_dice,0.0,211,0.00027227567567567756,-0.001818311148648653,0.002140490608108106,False,37,5,2000,20260716
D175_minus_D129_foreground_dice,0.0,212,-0.0008643135135135014,-0.003866557297297293,0.0021906544594594577,False,37,5,2000,20260716
D175_minus_D129_foreground_dice,0.0,213,-0.0002816513513513524,-0.0029801210810810872,0.0018539236486486473,False,37,5,2000,20260716
D175_minus_D129_foreground_dice,0.0,214,0.0001632783783783813,-0.0024782025675675573,0.002359101621621622,False,37,5,2000,20260716
D175_minus_D129_foreground_dice,0.0,215,0.0015586675675675684,4.573743243243778e-05,0.003541868648648638,True,37,5,2000,20260716
D175_minus_D129_foreground_dice,0.0,216,-0.0025365459459459347,-0.004950545878378381,-0.00047242182432431665,True,37,5,2000,20260716
D175_minus_D129_foreground_dice,0.0,217,-0.0019334837837837932,-0.005467012500000002,0.0011951854054053953,False,37,5,2000,20260716
D175_minus_D129_foreground_dice,0.0,218,0.0006708432432432393,-0.0023451409459459525,0.003375898175675671,False,37,5,2000,20260716
D175_minus_D129_foreground_dice,0.0,219,0.0009597918918918882,-0.0005700174324324343,0.0024519217567567377,False,37,5,2000,20260716
D175_minus_D129_foreground_dice,0.0,220,-7.814864864864991e-05,-0.002724776351351348,0.0022180920945945957,False,37,5,2000,20260716
D175_minus_D129_foreground_dice,0.0,221,-0.0007899918918918969,-0.0032520900000000074,0.0015262764864864735,False,37,5,2000,20260716
D175_minus_D129_foreground_dice,0.0,222,0.00121844054054054,-0.0011609168918918988,0.003527310270270264,False,37,5,2000,20260716
D175_minus_D129_foreground_dice,0.0,223,-0.002066732432432427,-0.005762411216216208,0.0009913289864864922,False,37,5,2000,20260716
D175_minus_D129_foreground_dice,0.0,224,-0.0007816810810810844,-0.004625823783783772,0.0026429463513513445,False,37,5,2000,20260716
D175_minus_D129_foreground_dice,0.0,225,0.0007505756756756812,-0.0009117016216216033,0.002309191959459451,False,37,5,2000,20260716
D175_minus_D129_foreground_dice,0.0,226,0.0014001162162162123,-0.0010329349324324384,0.00393240378378378,False,37,5,2000,20260716
D175_minus_D129_foreground_dice,0.0,227,0.0006984945945945999,-0.002165331351351345,0.0034777868918919037,False,37,5,2000,20260716
D175_minus_D129_foreground_dice,0.0,228,-3.401621621622068e-05,-0.0035840286486486447,0.003714297297297286,False,37,5,2000,20260716
D175_minus_D129_foreground_dice,0.0,229,-0.00047383243243243815,-0.0035686969594594595,0.0019541436486486524,False,37,5,2000,20260716
D175_minus_D129_foreground_dice,0.0,230,-0.0006862891891891892,-0.003631499324324318,0.0020462745270270247,False,37,5,2000,20260716
D175_minus_D129_foreground_dice,0.0,231,0.0010777324324324341,-0.00047455283783783865,0.0027356463513513556,False,37,5,2000,20260716
D175_minus_D129_foreground_dice,0.0,232,0.001218048648648644,-0.0005980185135135091,0.002760704324324318,False,37,5,2000,20260716
D175_minus_D129_foreground_dice,0.0,233,-0.00019172432432432239,-0.003955061351351341,0.0033466521621621603,False,37,5,2000,20260716
D175_minus_D129_foreground_dice,0.0,234,-0.0006581675675675629,-0.0032896864189189082,0.001623851756756757,False,37,5,2000,20260716
D175_minus_D129_foreground_dice,0.0,235,0.000418370270270286,-0.0013815705405405324,0.002390049121621644,False,37,5,2000,20260716
D175_minus_D129_foreground_dice,0.0,236,0.000995183783783768,-0.001470421351351363,0.003448542635135123,False,37,5,2000,20260716
D175_minus_D129_foreground_dice,0.0,237,-0.001594721621621619,-0.004427658986486483,0.0006926320945945933,False,37,5,2000,20260716
D175_minus_D129_foreground_dice,0.0,238,0.0012845864864864849,-0.0015397572972972937,0.004335810202702681,False,37,5,2000,20260716
D175_minus_D129_foreground_dice,0.0,239,0.0009448567567567506,-0.0016118915540540531,0.003445458243243235,False,37,5,2000,20260716
D175_minus_D129_foreground_dice,0.0,240,-0.0003915783783783768,-0.003498570270270263,0.002045236689189171,False,37,5,2000,20260716
D175_minus_D129_foreground_dice,0.0,241,-0.0010757756756756716,-0.003546138243243244,0.0012023755405405326,False,37,5,2000,20260716
D175_minus_D129_foreground_dice,0.0,242,-0.0011421459459459507,-0.003982694527027035,0.001504054189189204,False,37,5,2000,20260716
D175_minus_D129_foreground_dice,0.0,243,-0.000993324324324316,-0.00447557655405405,0.0021279072297297474,False,37,5,2000,20260716
D175_minus_D129_foreground_dice,0.0,244,0.0009606216216216288,-0.0017569954054053886,0.004122893581081078,False,37,5,2000,20260716
D175_minus_D129_foreground_dice,0.0,245,0.001763667567567573,-3.964141891891434e-05,0.003911476824324334,False,37,5,2000,20260716
D175_minus_D129_foreground_dice,0.0,246,-0.0015712027027027014,-0.005248035810810803,0.0015835928378378369,False,37,5,2000,20260716
D175_minus_D129_foreground_dice,0.0,247,0.0029381108108108007,0.001020994459459446,0.005578187432432407,True,37,5,2000,20260716
D175_minus_D129_foreground_dice,0.0,248,-0.0006961162162162126,-0.003909423040540534,0.0022005954729729742,False,37,5,2000,20260716
D175_minus_D129_foreground_dice,0.0,249,-0.00046574054054055434,-0.0033780968918919,0.002241505472972958,False,37,5,2000,20260716
D175_minus_D129_foreground_dice,0.0,250,0.0004387540540540531,-0.0023325216216216267,0.0028657266216216204,False,37,5,2000,20260716
D175_minus_D129_foreground_dice,0.0,251,0.0011696513513513409,-0.0005037102702702701,0.0029188118243243144,False,37,5,2000,20260716
D175_minus_D129_foreground_dice,0.0,252,0.00040215135135135026,-0.0013312758108108066,0.0020881182432432354,False,37,5,2000,20260716
D175_minus_D129_foreground_dice,0.0,253,0.00011985135135135494,-0.0029012793243243214,0.0032316043243243225,False,37,5,2000,20260716
D175_minus_D129_foreground_dice,0.0,254,0.0001724162162162152,-0.0027425706081081022,0.0028331820945945857,False,37,5,2000,20260716
D175_minus_D129_foreground_dice,0.0,255,0.0007870945945945999,-0.0014995216891891792,0.0025477691891891982,False,37,5,2000,20260716
D175_minus_D129_foreground_dice,0.0,256,-0.0012599783783783657,-0.004029668445945938,0.0011225796621621678,False,37,5,2000,20260716
D175_minus_D129_foreground_dice,0.0,257,-0.0014670594594594596,-0.004414058445945943,0.0012070984459459392,False,37,5,2000,20260716
D175_minus_D129_foreground_dice,0.0,258,0.00015878108108107825,-0.002638835067567569,0.0025232610135135004,False,37,5,2000,20260716
D175_minus_D129_foreground_dice,0.0,259,-0.0007536135135135135,-0.0032138391216216195,0.0014609539189189133,False,37,5,2000,20260716
D175_minus_D129_foreground_dice,0.0,260,-9.044594594593423e-05,-0.0020663466216216085,0.0027046338513513537,False,37,5,2000,20260716
D175_minus_D129_foreground_dice,0.0,261,0.0016748405405405417,-0.00018105824324323718,0.004060017027027034,False,37,5,2000,20260716
D175_minus_D129_foreground_dice,0.0,262,0.001651551351351351,-0.0014671285135135091,0.004981186148648644,False,37,5,2000,20260716
D175_minus_D129_foreground_dice,0.0,263,0.0011930972972973052,-0.0004526297972972774,0.002966458513513513,False,37,5,2000,20260716
D175_minus_D129_foreground_dice,0.0,264,0.0009464891891891938,-0.0013432028378378262,0.003248900270270266,False,37,5,2000,20260716
D175_minus_D129_foreground_dice,0.0,265,-0.0001304378378378349,-0.0031695186486486366,0.002154867297297261,False,37,5,2000,20260716
D175_minus_D129_foreground_dice,0.0,266,7.812702702702265e-05,-0.002292626216216209,0.0022281229729729725,False,37,5,2000,20260716
D175_minus_D129_foreground_dice,0.0,267,0.0005532567567567644,-0.00168445114864864,0.0024424797297297463,False,37,5,2000,20260716
D175_minus_D129_foreground_dice,0.0,268,-0.001809781081081067,-0.00481415047297295,0.0007320991216216377,False,37,5,2000,20260716
D175_minus_D129_foreground_dice,0.0,269,-0.00135121351351352,-0.005179741081081086,0.0021462077027026858,False,37,5,2000,20260716
D175_minus_D129_foreground_dice,0.0,270,0.0015192270270270223,-0.0020490576351351146,0.004836573378378366,False,37,5,2000,20260716
D175_minus_D129_foreground_dice,0.0,271,0.0003845729729729761,-0.0024600981756756784,0.0031083233783783756,False,37,5,2000,20260716
D175_minus_D129_foreground_dice,0.0,272,0.0006472135135135173,-0.0009606856756756689,0.0022844207432432474,False,37,5,2000,20260716
D175_minus_D129_foreground_dice,0.0,273,0.0017716513513513419,5.5500540540537644e-05,0.0037911568243243006,True,37,5,2000,20260716
D175_minus_D129_foreground_dice,0.0,274,9.014054054053354e-05,-0.0034827163513513593,0.003823126216216208,False,37,5,2000,20260716
D175_minus_D129_foreground_dice,0.0,275,0.00019811081081080723,-0.002190222027027027,0.002584879054054057,False,37,5,2000,20260716
D175_minus_D129_foreground_dice,0.0,276,0.00010985135135134235,-0.0032282498648648706,0.0031355095270269987,False,37,5,2000,20260716
D175_minus_D129_foreground_dice,0.0,277,0.0012120675675675676,-0.0008959379729729732,0.0035363498648648675,False,37,5,2000,20260716
D175_minus_D129_foreground_dice,0.0,278,0.0009340594594594568,-0.0008291912162162126,0.002492749391891882,False,37,5,2000,20260716
D175_minus_D129_foreground_dice,0.0,279,0.0002001918918918913,-0.002676082364864862,0.002704007837837834,False,37,5,2000,20260716
D175_minus_D129_foreground_dice,0.0,280,2.3243243243251524e-05,-0.0035742543918918764,0.0036503203378378413,False,37,5,2000,20260716
D175_minus_D129_foreground_dice,0.0,281,0.0007600729729729829,-0.0024192562162162184,0.004427290540540553,False,37,5,2000,20260716
D175_minus_D129_foreground_dice,0.0,282,-0.0012204513513513443,-0.0038438231081080903,0.001085608243243238,False,37,5,2000,20260716
D175_minus_D129_foreground_dice,0.0,283,-0.0011910783783783796,-0.004399212432432433,0.0015429455405405262,False,37,5,2000,20260716
D175_minus_D129_foreground_dice,0.0,284,-0.00030040270270270187,-0.0034225117567567545,0.00230425756756757,False,37,5,2000,20260716
D175_minus_D129_foreground_dice,0.0,285,-0.0014573243243243225,-0.004651930202702712,0.0014118666216216204,False,37,5,2000,20260716
D175_minus_D129_foreground_dice,0.0,286,-0.0004541945945945898,-0.002448591891891877,0.0014182998648648588,False,37,5,2000,20260716
D175_minus_D129_foreground_dice,0.0,287,0.00013440270270269702,-0.0024320001351351424,0.002616737162162148,False,37,5,2000,20260716
D175_minus_D129_foreground_dice,0.0,288,0.0005260027027026982,-0.002295835743243242,0.003377185405405386,False,37,5,2000,20260716
D175_minus_D129_foreground_dice,0.0,289,0.00046643243243242236,-0.0007635750000000058,0.001679489729729719,False,37,5,2000,20260716
D175_minus_D129_foreground_dice,0.0,290,-0.001516935135135138,-0.004530730608108103,0.0009901741216216215,False,37,5,2000,20260716
D175_minus_D129_foreground_dice,0.0,291,0.00022843783783783466,-0.0021638024324324343,0.0027230926351351327,False,37,5,2000,20260716
D175_minus_D129_foreground_dice,0.0,292,-0.0004024675675675625,-0.002913072162162162,0.0021010068918919096,False,37,5,2000,20260716
D175_minus_D129_foreground_dice,0.0,293,-0.0002069972972973041,-0.0033650059459459556,0.0029738294594594404,False,37,5,2000,20260716
D175_minus_D129_foreground_dice,0.0,294,-0.0008316486486486451,-0.0036812369594594477,0.0019692404729729726,False,37,5,2000,20260716
D175_minus_D129_foreground_dice,0.0,295,-0.0003278135135135086,-0.0022662681081080972,0.0012201563513513586,False,37,5,2000,20260716
D175_minus_D129_foreground_dice,0.0,296,-0.001044697297297295,-0.0037937303378378197,0.0014255141216216207,False,37,5,2000,20260716
D175_minus_D129_foreground_dice,0.0,297,-0.0005119729729729719,-0.0032356768243243213,0.0021293364864864764,False,37,5,2000,20260716
D175_minus_D129_foreground_dice,0.0,298,0.001209102702702689,-0.0014589443918919009,0.003596894459459436,False,37,5,2000,20260716
D175_minus_D129_foreground_dice,0.0,299,-0.00027458918918918986,-0.003029790810810814,0.002618514729729721,False,37,5,2000,20260716
D175_minus_D129_foreground_dice,0.001,0,0.0005580459459459449,-0.0023427603378378447,0.003039072027027035,False,37,5,2000,20260716
D175_minus_D129_foreground_dice,0.001,1,-0.001546045945945949,-0.0049889656756756705,0.0017147485810810755,False,37,5,2000,20260716
D175_minus_D129_foreground_dice,0.001,2,0.0023345945945946007,0.0007633890540540689,0.0042985911486486525,True,37,5,2000,20260716
D175_minus_D129_foreground_dice,0.001,3,-0.003301708108108109,-0.007915621283783782,0.0004442682432432298,False,37,5,2000,20260716
D175_minus_D129_foreground_dice,0.001,4,0.0012044864864864842,-0.0012483308108108013,0.003948654662162152,False,37,5,2000,20260716
D175_minus_D129_foreground_dice,0.001,5,0.0001999243243243257,-0.0029906553378378324,0.0025262568243243186,False,37,5,2000,20260716
D175_minus_D129_foreground_dice,0.001,6,0.0003065459459459508,-0.0023106608783783665,0.002401897905405401,False,37,5,2000,20260716
D175_minus_D129_foreground_dice,0.001,7,0.00217876756756756,-0.0012149514189189173,0.006000639594594579,False,37,5,2000,20260716
D175_minus_D129_foreground_dice,0.001,8,-0.0005086135135135115,-0.003337696756756743,0.002389486486486472,False,37,5,2000,20260716
D175_minus_D129_foreground_dice,0.001,9,-3.527027027026563e-05,-0.002617986216216207,0.002174377972972968,False,37,5,2000,20260716
D175_minus_D129_foreground_dice,0.001,10,-1.464864864864612e-05,-0.0025945968243243278,0.0019111942567567673,False,37,5,2000,20260716
D175_minus_D129_foreground_dice,0.001,11,0.0019270270270270308,0.00015453074324324725,0.0038826289864864736,True,37,5,2000,20260716
D175_minus_D129_foreground_dice,0.001,12,-0.00012689189189188922,-0.0029136068243243224,0.002285812364864851,False,37,5,2000,20260716
D175_minus_D129_foreground_dice,0.001,13,0.0020404405405405387,0.0005951291891891896,0.003917498040540539,True,37,5,2000,20260716
D175_minus_D129_foreground_dice,0.001,14,0.002045478378378378,-0.0009475702027026986,0.004900507027027013,False,37,5,2000,20260716
D175_minus_D129_foreground_dice,0.001,15,0.0024281162162162026,-0.0010914666891891872,0.00589261263513512,False,37,5,2000,20260716
D175_minus_D129_foreground_dice,0.001,16,0.0009717594594594517,-0.0003432791216216185,0.002168142364864853,False,37,5,2000,20260716
D175_minus_D129_foreground_dice,0.001,17,-0.00042868918918919594,-0.004147922567567577,0.002271834189189176,False,37,5,2000,20260716
D175_minus_D129_foreground_dice,0.001,18,-0.0011955864864864748,-0.004691206081081068,0.0021252913513513582,False,37,5,2000,20260716
D175_minus_D129_foreground_dice,0.001,19,0.0017658594594594569,0.0003934920270270249,0.0033528322297297153,True,37,5,2000,20260716
D175_minus_D129_foreground_dice,0.001,20,-0.0011310351351351325,-0.004831398716216209,0.0023743948648648665,False,37,5,2000,20260716
D175_minus_D129_foreground_dice,0.001,21,0.0012086432432432534,-0.0017524324324324288,0.0038170764864865095,False,37,5,2000,20260716
D175_minus_D129_foreground_dice,0.001,22,0.00014914324324323945,-0.003667211081081077,0.003701443783783784,False,37,5,2000,20260716
D175_minus_D129_foreground_dice,0.001,23,-0.00046883243243242307,-0.0028390815540540394,0.0017615677702702802,False,37,5,2000,20260716
D175_minus_D129_foreground_dice,0.001,24,0.0006740243243243304,-0.0023117627027026896,0.003361689932432423,False,37,5,2000,20260716
D175_minus_D129_foreground_dice,0.001,25,0.001680283783783781,-4.491121621621514e-05,0.003563244797297304,False,37,5,2000,20260716
D175_minus_D129_foreground_dice,0.001,26,-0.0005310351351351348,-0.0038145464189189046,0.0023348672972972975,False,37,5,2000,20260716
D175_minus_D129_foreground_dice,0.001,27,0.0004993297297297222,-0.0012245116216216274,0.0021677287162162086,False,37,5,2000,20260716
D175_minus_D129_foreground_dice,0.001,28,0.0018065648648648634,-0.00016413452702703453,0.004117419189189178,False,37,5,2000,20260716
D175_minus_D129_foreground_dice,0.001,29,0.0016071810810810742,-0.0007869002702702712,0.003970553310810797,False,37,5,2000,20260716
D175_minus_D129_foreground_dice,0.001,30,0.0007648324324324315,-0.0016697526351351407,0.0028039989864864757,False,37,5,2000,20260716
D175_minus_D129_foreground_dice,0.001,31,0.001671970270270263,-0.00034881648648649877,0.0035001883108107972,False,37,5,2000,20260716
D175_minus_D129_foreground_dice,0.001,32,-0.001440129729729723,-0.004997049797297299,0.0016399462837837862,False,37,5,2000,20260716
D175_minus_D129_foreground_dice,0.001,33,0.0005458972972973042,-0.0028686586486486474,0.003515625540540534,False,37,5,2000,20260716
D175_minus_D129_foreground_dice,0.001,34,0.000741935135135139,-0.0021495762162162106,0.003490976283783783,False,37,5,2000,20260716
D175_minus_D129_foreground_dice,0.001,35,0.0005203189189189192,-0.0026164969594594492,0.0032727836486486535,False,37,5,2000,20260716
D175_minus_D129_foreground_dice,0.001,36,0.001767981081081086,-0.00012186358108106805,0.003813719391891874,False,37,5,2000,20260716
D175_minus_D129_foreground_dice,0.001,37,0.0006703756756756764,-0.0020597754054054026,0.0029046820945946073,False,37,5,2000,20260716
D175_minus_D129_foreground_dice,0.001,38,0.0012373108108108082,-0.0017796046621621749,0.003918350743243245,False,37,5,2000,20260716
D175_minus_D129_foreground_dice,0.001,39,0.0014992189189189182,-0.0004026969594594579,0.003470747027027018,False,37,5,2000,20260716
D175_minus_D129_foreground_dice,0.001,40,0.0005086837837837906,-0.0014912371621621525,0.002323038310810832,False,37,5,2000,20260716
D175_minus_D129_foreground_dice,0.001,41,-0.0009021837837837841,-0.003775434189189177,0.00127921675675675,False,37,5,2000,20260716
D175_minus_D129_foreground_dice,0.001,42,0.001452640540540539,-0.0017403245270270202,0.004142772499999987,False,37,5,2000,20260716
D175_minus_D129_foreground_dice,0.001,43,0.0009150378378378393,-0.0015515137162162157,0.0029009473648648576,False,37,5,2000,20260716
D175_minus_D129_foreground_dice,0.001,44,-0.0005719108108108044,-0.0033560716891891836,0.0018770766891892002,False,37,5,2000,20260716
D175_minus_D129_foreground_dice,0.001,45,0.0018622162162162245,-0.0010639933783783756,0.004603593783783781,False,37,5,2000,20260716
D175_minus_D129_foreground_dice,0.001,46,-0.0011051837837837807,-0.0048584616891891915,0.002159981013513514,False,37,5,2000,20260716
D175_minus_D129_foreground_dice,0.001,47,0.002696416216216217,-6.305810810810797e-05,0.005348588986486487,False,37,5,2000,20260716
D175_minus_D129_foreground_dice,0.001,48,0.0014670459459459556,-0.00021717885135135657,0.0035192212837838006,False,37,5,2000,20260716
D175_minus_D129_foreground_dice,0.001,49,0.0010929378378378275,-0.002269518243243245,0.004038699256756747,False,37,5,2000,20260716
D175_minus_D129_foreground_dice,0.001,50,0.002467916216216212,0.0007096237162162164,0.004269595270270264,True,37,5,2000,20260716
D175_minus_D129_foreground_dice,0.001,51,0.0031187621621621593,0.0015443454054053967,0.0052345133783783734,True,37,5,2000,20260716
D175_minus_D129_foreground_dice,0.001,52,0.0007937081081081156,-0.0017719424324324161,0.0028009628378378518,False,37,5,2000,20260716
D175_minus_D129_foreground_dice,0.001,53,0.0023498891891891812,0.00012764898648649274,0.0050522139189189096,True,37,5,2000,20260716
D175_minus_D129_foreground_dice,0.001,54,0.0017863729729729692,0.0006545475000000031,0.003206503918918911,True,37,5,2000,20260716
D175_minus_D129_foreground_dice,0.001,55,4.588378378378894e-05,-0.002098595675675673,0.0019349800675675644,False,37,5,2000,20260716
D175_minus_D129_foreground_dice,0.001,56,0.0006183324324324395,-0.0013599578378378214,0.0026061334459459486,False,37,5,2000,20260716
D175_minus_D129_foreground_dice,0.001,57,-0.0002464270270270195,-0.0030890654729729735,0.0021843801351351393,False,37,5,2000,20260716
D175_minus_D129_foreground_dice,0.001,58,-0.0013466729729729732,-0.005042541756756754,0.0016242391216216184,False,37,5,2000,20260716
D175_minus_D129_foreground_dice,0.001,59,0.0017884999999999952,-0.0007059091891892023,0.004124028783783782,False,37,5,2000,20260716
D175_minus_D129_foreground_dice,0.001,60,0.0004229567567567579,-0.0022013131081081057,0.002789293513513513,False,37,5,2000,20260716
D175_minus_D129_foreground_dice,0.001,61,0.0027174675675675684,-0.00012835567567567128,0.005685282094594581,False,37,5,2000,20260716
D175_minus_D129_foreground_dice,0.001,62,0.000578662162162164,-0.0033144218918918825,0.004441713918918919,False,37,5,2000,20260716
D175_minus_D129_foreground_dice,0.001,63,0.00019964864864864578,-0.0029759454054054187,0.0031711418918918756,False,37,5,2000,20260716
D175_minus_D129_foreground_dice,0.001,64,0.0004481405405405476,-0.0030107488513513403,0.003220063040540537,False,37,5,2000,20260716
D175_minus_D129_foreground_dice,0.001,65,0.0017683810810810781,-0.0008269485810810803,0.0040312501351351315,False,37,5,2000,20260716
D175_minus_D129_foreground_dice,0.001,66,0.001156283783783791,-0.0020073911486486306,0.004104869459459444,False,37,5,2000,20260716
D175_minus_D129_foreground_dice,0.001,67,0.0006534810810810901,-0.0015390167567567526,0.0027936535135135135,False,37,5,2000,20260716
D175_minus_D129_foreground_dice,0.001,68,0.003877156756756754,0.001764313513513513,0.006584779121621619,True,37,5,2000,20260716
D175_minus_D129_foreground_dice,0.001,69,-0.0005498945945945905,-0.002860688851351343,0.0014288756081081034,False,37,5,2000,20260716
D175_minus_D129_foreground_dice,0.001,70,0.0019417540540540568,-0.00012142783783783365,0.003987005202702709,False,37,5,2000,20260716
D175_minus_D129_foreground_dice,0.001,71,0.0027119864864864787,0.0004164606756756733,0.005345315878378369,True,37,5,2000,20260716
D175_minus_D129_foreground_dice,0.001,72,0.003830159459459453,0.001670383648648644,0.006556360743243238,True,37,5,2000,20260716
D175_minus_D129_foreground_dice,0.001,73,0.0006463270270270274,-0.002409337972972966,0.0031658924999999997,False,37,5,2000,20260716
D175_minus_D129_foreground_dice,0.001,74,0.003530478378378377,0.0016430710810810775,0.005999315810810788,True,37,5,2000,20260716
D175_minus_D129_foreground_dice,0.001,75,0.0009496783783783793,-0.002771789864864859,0.004380902432432421,False,37,5,2000,20260716
D175_minus_D129_foreground_dice,0.001,76,0.0006353216216216145,-0.0019786285135135213,0.0029980732432432385,False,37,5,2000,20260716
D175_minus_D129_foreground_dice,0.001,77,0.0017071162162162086,-6.04035135135089e-05,0.003532182094594574,False,37,5,2000,20260716
D175_minus_D129_foreground_dice,0.001,78,0.001857381081081079,0.0003446162837837767,0.003598555878378372,True,37,5,2000,20260716
D175_minus_D129_foreground_dice,0.001,79,0.003180748648648643,0.00037695999999999444,0.006441426891891877,True,37,5,2000,20260716
D175_minus_D129_foreground_dice,0.001,80,-0.0010196756756756702,-0.004589170067567559,0.0019556178378378466,False,37,5,2000,20260716
D175_minus_D129_foreground_dice,0.001,81,0.002988232432432429,0.0013628674324324146,0.004880988716216204,True,37,5,2000,20260716
D175_minus_D129_foreground_dice,0.001,82,0.0017970756756756775,0.0004526839864864831,0.0030326288513513448,True,37,5,2000,20260716
D175_minus_D129_foreground_dice,0.001,83,0.0004782675675675703,-0.001492180135135128,0.0022842283108108034,False,37,5,2000,20260716
D175_minus_D129_foreground_dice,0.001,84,0.0004084405405405348,-0.0026357068918919048,0.0029759650675675532,False,37,5,2000,20260716
D175_minus_D129_foreground_dice,0.001,85,-1.3027027027023364e-05,-0.002865018513513514,0.002378163581081078,False,37,5,2000,20260716
D175_minus_D129_foreground_dice,0.001,86,0.0020398000000000057,-0.00020326993243242528,0.004573113918918919,False,37,5,2000,20260716
D175_minus_D129_foreground_dice,0.001,87,0.0020399000000000038,-0.0009258145270270109,0.005283952837837842,False,37,5,2000,20260716
D175_minus_D129_foreground_dice,0.001,88,0.0032040108108108115,0.0006788435810810839,0.006013369932432428,True,37,5,2000,20260716
D175_minus_D129_foreground_dice,0.001,89,-0.0003800621621621527,-0.0038546859459459245,0.002589624324324327,False,37,5,2000,20260716
D175_minus_D129_foreground_dice,0.001,90,0.0030259405405405264,0.0007414642567567542,0.005624385945945922,True,37,5,2000,20260716
D175_minus_D129_foreground_dice,0.001,91,0.0008339891891891931,-0.0012335818243243146,0.003009553716216219,False,37,5,2000,20260716
D175_minus_D129_foreground_dice,0.001,92,0.0018208378378378415,-0.0007082773648648483,0.004486813378378368,False,37,5,2000,20260716
D175_minus_D129_foreground_dice,0.001,93,0.003613205405405407,-0.0008043064189189063,0.00798798445945946,False,37,5,2000,20260716
D175_minus_D129_foreground_dice,0.001,94,0.00034314594594594613,-0.002072160743243241,0.0025585026351351158,False,37,5,2000,20260716
D175_minus_D129_foreground_dice,0.001,95,0.0012859999999999994,-0.0018764329729729716,0.004390081621621623,False,37,5,2000,20260716
D175_minus_D129_foreground_dice,0.001,96,0.001743675675675675,6.452891891891058e-05,0.003685396148648647,True,37,5,2000,20260716
D175_minus_D129_foreground_dice,0.001,97,0.0003895729729729727,-0.002805153108108112,0.003030097702702706,False,37,5,2000,20260716
D175_minus_D129_foreground_dice,0.001,98,-2.0232432432434962e-05,-0.004236066418918921,0.003761782972972961,False,37,5,2000,20260716
D175_minus_D129_foreground_dice,0.001,99,-0.0002231567567567565,-0.0031279955405405474,0.0024244189189189078,False,37,5,2000,20260716
D175_minus_D129_foreground_dice,0.001,100,0.000859162162162166,-0.0018492109459459288,0.003031966959459453,False,37,5,2000,20260716
D175_minus_D129_foreground_dice,0.001,101,0.0020648405405405317,-0.001308011216216219,0.0052891352702702545,False,37,5,2000,20260716
D175_minus_D129_foreground_dice,0.001,102,0.0023910216216216145,-0.0007075116891892011,0.005132577162162142,False,37,5,2000,20260716
D175_minus_D129_foreground_dice,0.001,103,0.0019602027027027036,-0.0008023924324324168,0.0048091958108108105,False,37,5,2000,20260716
D175_minus_D129_foreground_dice,0.001,104,0.00048421891891892204,-0.0025329755405405544,0.00336082108108109,False,37,5,2000,20260716
D175_minus_D129_foreground_dice,0.001,105,0.0016197594594594506,-0.0014618736486486557,0.004634646081081055,False,37,5,2000,20260716
D175_minus_D129_foreground_dice,0.001,106,0.0011068432432432456,-0.0007639666216216269,0.002550610608108127,False,37,5,2000,20260716
D175_minus_D129_foreground_dice,0.001,107,0.0022058432432432436,0.00020763918918919008,0.0044629220945946015,True,37,5,2000,20260716
D175_minus_D129_foreground_dice,0.001,108,-0.002426210810810813,-0.005922492364864864,0.00036434858108107466,False,37,5,2000,20260716
D175_minus_D129_foreground_dice,0.001,109,0.001691354054054058,-0.0007853964864864861,0.003937255067567562,False,37,5,2000,20260716
D175_minus_D129_foreground_dice,0.001,110,0.0005977162162162213,-0.0021188329729729684,0.0029487396621621664,False,37,5,2000,20260716
D175_minus_D129_foreground_dice,0.001,111,-0.00043805135135134435,-0.0027869421621621567,0.0016958912837837833,False,37,5,2000,20260716
D175_minus_D129_foreground_dice,0.001,112,0.0013272486486486427,-0.001954232297297303,0.004322710202702702,False,37,5,2000,20260716
D175_minus_D129_foreground_dice,0.001,113,0.0032785054054053986,0.0010397749999999963,0.006286857702702706,True,37,5,2000,20260716
D175_minus_D129_foreground_dice,0.001,114,0.0008398810810810902,-0.0004434006756756538,0.0021462320945945966,False,37,5,2000,20260716
D175_minus_D129_foreground_dice,0.001,115,0.0012931945945945926,-0.0009786370270270205,0.0035257224999999805,False,37,5,2000,20260716
D175_minus_D129_foreground_dice,0.001,116,-0.0004124567567567588,-0.0036019894594594612,0.002165308716216212,False,37,5,2000,20260716
D175_minus_D129_foreground_dice,0.001,117,0.0009475054054054071,-0.000969601959459457,0.002517423648648647,False,37,5,2000,20260716
D175_minus_D129_foreground_dice,0.001,118,0.002308721621621626,0.00039084790540541866,0.004521072567567566,True,37,5,2000,20260716
D175_minus_D129_foreground_dice,0.001,119,0.002432205405405404,-0.00019725581081080144,0.005057348445945916,False,37,5,2000,20260716
D175_minus_D129_foreground_dice,0.001,120,0.0008068999999999957,-0.0015668386486486468,0.002478790540540529,False,37,5,2000,20260716
D175_minus_D129_foreground_dice,0.001,121,0.0014449459459459429,-3.071351351351721e-05,0.0027813762837837755,False,37,5,2000,20260716
D175_minus_D129_foreground_dice,0.001,122,0.0003249864864864878,-0.003031327770270243,0.0033567858108108106,False,37,5,2000,20260716
D175_minus_D129_foreground_dice,0.001,123,0.002286951351351351,0.0004337136486486517,0.0045213120270270225,True,37,5,2000,20260716
D175_minus_D129_foreground_dice,0.001,124,0.0014628567567567582,-0.0008012616891891777,0.004000409054054047,False,37,5,2000,20260716
D175_minus_D129_foreground_dice,0.001,125,0.0009668891891891884,-0.0014560091891891753,0.003311519121621616,False,37,5,2000,20260716
D175_minus_D129_foreground_dice,0.001,126,0.0017237432432432444,0.0001311321621621785,0.003658593310810804,True,37,5,2000,20260716
D175_minus_D129_foreground_dice,0.001,127,0.00033195135135135196,-0.002054544662162171,0.002208037905405403,False,37,5,2000,20260716
D175_minus_D129_foreground_dice,0.001,128,0.0026549972972972915,-0.0005681002027027004,0.005831560202702695,False,37,5,2000,20260716
D175_minus_D129_foreground_dice,0.001,129,0.0006618405405405427,-0.0023497744594594538,0.004033655540540526,False,37,5,2000,20260716
D175_minus_D129_foreground_dice,0.001,130,0.0009767837837837804,-0.0013110272297297365,0.002666866756756744,False,37,5,2000,20260716
D175_minus_D129_foreground_dice,0.001,131,-0.0006236135135135164,-0.00359353702702703,0.0017788945270270132,False,37,5,2000,20260716
D175_minus_D129_foreground_dice,0.001,132,0.0024883810810810854,0.0004832729729729753,0.004476742027027026,True,37,5,2000,20260716
D175_minus_D129_foreground_dice,0.001,133,0.0019440108108108067,-0.0009743174324324332,0.0048494460810810745,False,37,5,2000,20260716
D175_minus_D129_foreground_dice,0.001,134,0.0013061567567567572,-0.0015441148648648484,0.004129873175675667,False,37,5,2000,20260716
D175_minus_D129_foreground_dice,0.001,135,0.0027869648648648645,0.00011842648648648981,0.005575830608108099,True,37,5,2000,20260716
D175_minus_D129_foreground_dice,0.001,136,0.0013420189189189181,-0.0022501016891891827,0.00524818898648649,False,37,5,2000,20260716
D175_minus_D129_foreground_dice,0.001,137,0.0002581216216216222,-0.002102157162162171,0.0019092249324324233,False,37,5,2000,20260716
D175_minus_D129_foreground_dice,0.001,138,0.0006190621621621649,-0.003413554594594579,0.004685022702702696,False,37,5,2000,20260716
D175_minus_D129_foreground_dice,0.001,139,-0.00042430540540540075,-0.003632117027027024,0.0025928182432432565,False,37,5,2000,20260716
D175_minus_D129_foreground_dice,0.001,140,0.0013338324324324328,-0.002129179324324316,0.004350089459459449,False,37,5,2000,20260716
D175_minus_D129_foreground_dice,0.001,141,0.0011585918918918952,-0.0012515549324324375,0.003924524797297281,False,37,5,2000,20260716
D175_minus_D129_foreground_dice,0.001,142,0.0007816621621621644,-0.0018511216216216242,0.003345998851351346,False,37,5,2000,20260716
D175_minus_D129_foreground_dice,0.001,143,0.0015622405405405423,-0.00022673405405405274,0.0030753838513513485,False,37,5,2000,20260716
D175_minus_D129_foreground_dice,0.001,144,-0.0004208864864864886,-0.0034658715540540536,0.0022651360810810725,False,37,5,2000,20260716
D175_minus_D129_foreground_dice,0.001,145,0.00021275405405406217,-0.002875859594594583,0.002963508445945947,False,37,5,2000,20260716
D175_minus_D129_foreground_dice,0.001,146,2.169729729730598e-05,-0.0037825023648648624,0.002998131756756772,False,37,5,2000,20260716
D175_minus_D129_foreground_dice,0.001,147,0.00246174324324324,-4.153689189189365e-05,0.005339275472972961,False,37,5,2000,20260716
D175_minus_D129_foreground_dice,0.001,148,-0.00011200540540540767,-0.0026196916891891896,0.0019808152027026974,False,37,5,2000,20260716
D175_minus_D129_foreground_dice,0.001,149,0.0007638729729729748,-0.002236363648648643,0.0034366793918919,False,37,5,2000,20260716
D175_minus_D129_foreground_dice,0.001,150,0.0008637297297297289,-0.0021942179054054074,0.004044770135135122,False,37,5,2000,20260716
D175_minus_D129_foreground_dice,0.001,151,0.0020731810810810858,-0.0010054529054054032,0.005235052702702701,False,37,5,2000,20260716
D175_minus_D129_foreground_dice,0.001,152,0.001964805405405405,-0.0005922957432432437,0.004658903986486491,False,37,5,2000,20260716
D175_minus_D129_foreground_dice,0.001,153,8.198918918917757e-05,-0.0037900864189189232,0.003646260472972957,False,37,5,2000,20260716
D175_minus_D129_foreground_dice,0.001,154,-3.4216216216183298e-06,-0.0036274112162162056,0.003978036351351353,False,37,5,2000,20260716
D175_minus_D129_foreground_dice,0.001,155,0.0004039891891891809,-0.00201870918918918,0.0028113439864864836,False,37,5,2000,20260716
D175_minus_D129_foreground_dice,0.001,156,0.0017818945945945908,0.00024277898648649335,0.0036799336486486455,True,37,5,2000,20260716
D175_minus_D129_foreground_dice,0.001,157,0.0009542378378378404,-0.001733916621621626,0.0033490820270270162,False,37,5,2000,20260716
D175_minus_D129_foreground_dice,0.001,158,0.001464754054054064,-0.0022014001351351093,0.005458836013513522,False,37,5,2000,20260716
D175_minus_D129_foreground_dice,0.001,159,0.0025227513513513488,0.0010823954729729831,0.004424115878378369,True,37,5,2000,20260716
D175_minus_D129_foreground_dice,0.001,160,-0.0017794243243243212,-0.006414252635135125,0.0021327883783783825,False,37,5,2000,20260716
D175_minus_D129_foreground_dice,0.001,161,0.001601567567567569,-0.00011836243243243498,0.0036209921621621587,False,37,5,2000,20260716
D175_minus_D129_foreground_dice,0.001,162,0.00022240810810811402,-0.0028961483783783637,0.0029622266216216254,False,37,5,2000,20260716
D175_minus_D129_foreground_dice,0.001,163,0.0017319810810810811,-0.00015626621621621478,0.0034854248648648685,False,37,5,2000,20260716
D175_minus_D129_foreground_dice,0.001,164,0.003046970270270267,0.00040138027027026625,0.005929562162162144,True,37,5,2000,20260716
D175_minus_D129_foreground_dice,0.001,165,0.001407321621621624,-0.0006646610135135213,0.0036006570270270236,False,37,5,2000,20260716
D175_minus_D129_foreground_dice,0.001,166,-0.001432748648648643,-0.005640221013513502,0.002114406959459463,False,37,5,2000,20260716
D175_minus_D129_foreground_dice,0.001,167,-0.0015185378378378357,-0.004673927635135128,0.0010824586486486488,False,37,5,2000,20260716
D175_minus_D129_foreground_dice,0.001,168,0.000494581081081078,-0.0018996652702702624,0.0026642501351351183,False,37,5,2000,20260716
D175_minus_D129_foreground_dice,0.001,169,-0.0003144729729729722,-0.0032590588513513475,0.00247642405405405,False,37,5,2000,20260716
D175_minus_D129_foreground_dice,0.001,170,0.0019581324324324297,5.4099662162169766e-05,0.003926671689189175,True,37,5,2000,20260716
D175_minus_D129_foreground_dice,0.001,171,-0.0004057324324324242,-0.0035723143243243044,0.0022353408108108153,False,37,5,2000,20260716
D175_minus_D129_foreground_dice,0.001,172,0.000837597297297291,-0.0019465528378378447,0.00353188648648647,False,37,5,2000,20260716
D175_minus_D129_foreground_dice,0.001,173,0.002284197297297294,-0.0004553448648648524,0.005225375743243233,False,37,5,2000,20260716
D175_minus_D129_foreground_dice,0.001,174,0.002856143243243244,-0.00013197283783784134,0.0059217335135135,False,37,5,2000,20260716
D175_minus_D129_foreground_dice,0.001,175,0.002195513513513506,-0.0004550739864864885,0.004543254797297284,False,37,5,2000,20260716
D175_minus_D129_foreground_dice,0.001,176,0.0015952567567567562,0.00018144547297296943,0.003269234999999997,True,37,5,2000,20260716
D175_minus_D129_foreground_dice,0.001,177,0.0012898891891891951,-0.0008259616216216142,0.0030518270270270325,False,37,5,2000,20260716
D175_minus_D129_foreground_dice,0.001,178,0.0025138594594594655,0.000819797229729743,0.00455514486486487,True,37,5,2000,20260716
D175_minus_D129_foreground_dice,0.001,179,0.001679502702702707,-0.0006824064864864881,0.004208000405405403,False,37,5,2000,20260716
D175_minus_D129_foreground_dice,0.001,180,0.00013661351351350814,-0.0036795275000000007,0.003624299527027025,False,37,5,2000,20260716
D175_minus_D129_foreground_dice,0.001,181,-0.000810172972972976,-0.004527679324324334,0.002081257837837833,False,37,5,2000,20260716
D175_minus_D129_foreground_dice,0.001,182,0.0019927891891891774,-0.0006939932432432559,0.004610767297297269,False,37,5,2000,20260716
D175_minus_D129_foreground_dice,0.001,183,0.0028019702702702693,0.0013132806756756875,0.0043187691891891904,True,37,5,2000,20260716
D175_minus_D129_foreground_dice,0.001,184,0.0005775378378378393,-0.0012690562162162155,0.0022670771621621593,False,37,5,2000,20260716
D175_minus_D129_foreground_dice,0.001,185,0.0020294972972972987,0.0005077512162162289,0.003587527905405409,True,37,5,2000,20260716
D175_minus_D129_foreground_dice,0.001,186,0.0007651972972972969,-0.0018440260810810838,0.003178843581081074,False,37,5,2000,20260716
D175_minus_D129_foreground_dice,0.001,187,0.0013392270270270316,-0.001286517972972967,0.0035785766891891987,False,37,5,2000,20260716
D175_minus_D129_foreground_dice,0.001,188,0.0025748945945945835,0.00035146040540541117,0.004491357905405375,True,37,5,2000,20260716
D175_minus_D129_foreground_dice,0.001,189,0.001593975675675677,-0.0008302190540540469,0.004064372567567568,False,37,5,2000,20260716
D175_minus_D129_foreground_dice,0.001,190,0.00040526756756756777,-0.0022646267567567645,0.00291044351351352,False,37,5,2000,20260716
D175_minus_D129_foreground_dice,0.001,191,0.0003116486486486505,-0.0032328408108107947,0.0035070180405405394,False,37,5,2000,20260716
D175_minus_D129_foreground_dice,0.001,192,-0.0002254216216216065,-0.002754540540540535,0.0024426994594594588,False,37,5,2000,20260716
D175_minus_D129_foreground_dice,0.001,193,0.00248794324324324,0.0005873274999999905,0.004992420135135121,True,37,5,2000,20260716
D175_minus_D129_foreground_dice,0.001,194,8.455405405404976e-05,-0.003466516486486489,0.0035883556756756718,False,37,5,2000,20260716
D175_minus_D129_foreground_dice,0.001,195,0.0013949324324324251,-0.0006085901351351402,0.0035027618918918773,False,37,5,2000,20260716
D175_minus_D129_foreground_dice,0.001,196,0.001671686486486482,-0.0010445321621621662,0.004380084459459444,False,37,5,2000,20260716
D175_minus_D129_foreground_dice,0.001,197,0.0018970432432432473,-0.00035696601351351085,0.004710715405405405,False,37,5,2000,20260716
D175_minus_D129_foreground_dice,0.001,198,0.0020453513513513525,-0.00023347540540539393,0.00485779351351352,False,37,5,2000,20260716
D175_minus_D129_foreground_dice,0.001,199,0.0020161486486486445,-0.0010526905405405362,0.0051339758108108,False,37,5,2000,20260716
D175_minus_D129_foreground_dice,0.001,200,0.0010243324324324288,-0.0017948427702702517,0.0037146349324324187,False,37,5,2000,20260716
D175_minus_D129_foreground_dice,0.001,201,0.00021747567567567924,-0.0021124635810810715,0.002392549189189196,False,37,5,2000,20260716
D175_minus_D129_foreground_dice,0.001,202,0.00023884594594595168,-0.001242546621621613,0.001975681351351353,False,37,5,2000,20260716
D175_minus_D129_foreground_dice,0.001,203,0.0003179918918918952,-0.0032502451351351298,0.0036291138513513442,False,37,5,2000,20260716
D175_minus_D129_foreground_dice,0.001,204,0.0022435432432432417,-9.696621621586215e-07,0.00508033797297296,False,37,5,2000,20260716
D175_minus_D129_foreground_dice,0.001,205,0.0012975270270270281,-0.0014516658108107983,0.0035357207432432486,False,37,5,2000,20260716
D175_minus_D129_foreground_dice,0.001,206,0.0014769216216216207,-0.00012287527027026216,0.003120730878378376,False,37,5,2000,20260716
D175_minus_D129_foreground_dice,0.001,207,0.0006123567567567554,-0.001900069797297294,0.0028987591216216146,False,37,5,2000,20260716
D175_minus_D129_foreground_dice,0.001,208,0.003066402702702703,0.0011937758783783757,0.005369919594594591,True,37,5,2000,20260716
D175_minus_D129_foreground_dice,0.001,209,-0.0003724351351351359,-0.0035574606756756688,0.0024291370270270248,False,37,5,2000,20260716
D175_minus_D129_foreground_dice,0.001,210,-0.0003169756756756849,-0.003495557297297304,0.0025720270945945784,False,37,5,2000,20260716
D175_minus_D129_foreground_dice,0.001,211,0.00037797837837837427,-0.0031049672972972998,0.003246206486486487,False,37,5,2000,20260716
D175_minus_D129_foreground_dice,0.001,212,0.002139845945945939,-0.0007792739189189152,0.005069289864864848,False,37,5,2000,20260716
D175_minus_D129_foreground_dice,0.001,213,0.0004379081081081093,-0.001490707027027013,0.002647318378378387,False,37,5,2000,20260716
D175_minus_D129_foreground_dice,0.001,214,0.0011100675675675712,-0.0018119408108107993,0.003507037162162154,False,37,5,2000,20260716
D175_minus_D129_foreground_dice,0.001,215,0.0012877594594594575,-0.000601725067567561,0.0032657980405405326,False,37,5,2000,20260716
D175_minus_D129_foreground_dice,0.001,216,0.0033929891891891855,0.0011379594594594525,0.0061240895270270185,True,37,5,2000,20260716
D175_minus_D129_foreground_dice,0.001,217,0.00013804864864865263,-0.0022858213513513464,0.002517259527027021,False,37,5,2000,20260716
D175_minus_D129_foreground_dice,0.001,218,0.0012741108108108093,-3.11726351351407e-05,0.002393424527027015,False,37,5,2000,20260716
D175_minus_D129_foreground_dice,0.001,219,0.0003774891891891905,-0.0019490770945945932,0.0025035574324324284,False,37,5,2000,20260716
D175_minus_D129_foreground_dice,0.001,220,0.0014325270270270263,-0.00073118986486487,0.003908331013513507,False,37,5,2000,20260716
D175_minus_D129_foreground_dice,0.001,221,-0.0021026162162162145,-0.006014759864864881,0.0011903329729729781,False,37,5,2000,20260716
D175_minus_D129_foreground_dice,0.001,222,0.0016459729729729723,-0.000797728108108105,0.004031553581081087,False,37,5,2000,20260716
D175_minus_D129_foreground_dice,0.001,223,0.00044519189189189253,-0.0033653463513513447,0.004081662567567562,False,37,5,2000,20260716
D175_minus_D129_foreground_dice,0.001,224,0.0019420864864864882,-0.00024744959459458636,0.004367523040540543,False,37,5,2000,20260716
D175_minus_D129_foreground_dice,0.001,225,-0.0003353027027027024,-0.0029323354054054023,0.0015576935135135244,False,37,5,2000,20260716
D175_minus_D129_foreground_dice,0.001,226,0.0010643486486486536,-0.0021789890540540565,0.0038808058108108097,False,37,5,2000,20260716
D175_minus_D129_foreground_dice,0.001,227,0.00348379459459459,0.0011302966891891771,0.005960524054054045,True,37,5,2000,20260716
D175_minus_D129_foreground_dice,0.001,228,-0.0005933027027027064,-0.004400300810810816,0.003069278040540534,False,37,5,2000,20260716
D175_minus_D129_foreground_dice,0.001,229,0.0015995783783783754,-0.0010597787162162184,0.004006922905405402,False,37,5,2000,20260716
D175_minus_D129_foreground_dice,0.001,230,0.0011321108108108067,-0.0021921547972972967,0.0038393775675675517,False,37,5,2000,20260716
D175_minus_D129_foreground_dice,0.001,231,0.0014058513513513545,-0.001980713175675665,0.004489817905405398,False,37,5,2000,20260716
D175_minus_D129_foreground_dice,0.001,232,0.0001619486486486434,-0.0028922495270270357,0.002778832770270243,False,37,5,2000,20260716
D175_minus_D129_foreground_dice,0.001,233,0.0002708810810810836,-0.0031101236486486402,0.0034335875675675495,False,37,5,2000,20260716
D175_minus_D129_foreground_dice,0.001,234,-5.620810810811181e-05,-0.002482937837837841,0.0023690730405405225,False,37,5,2000,20260716
D175_minus_D129_foreground_dice,0.001,235,0.001746556756756752,-0.0007644124324324255,0.004359337702702687,False,37,5,2000,20260716
D175_minus_D129_foreground_dice,0.001,236,-7.308108108107465e-06,-0.003211690202702699,0.0032957702702702653,False,37,5,2000,20260716
D175_minus_D129_foreground_dice,0.001,237,0.001062832432432437,-0.0017108541216216118,0.003515560135135127,False,37,5,2000,20260716
D175_minus_D129_foreground_dice,0.001,238,-3.319189189189936e-05,-0.0035680387837837856,0.002846179729729725,False,37,5,2000,20260716
D175_minus_D129_foreground_dice,0.001,239,0.0015298351351351331,-0.0009294659459459449,0.0038991602702702593,False,37,5,2000,20260716
D175_minus_D129_foreground_dice,0.001,240,0.001228345945945941,-0.0013005509459459448,0.0034146743243243303,False,37,5,2000,20260716
D175_minus_D129_foreground_dice,0.001,241,-0.00014634054054053688,-0.002214668851351342,0.0017708497297297243,False,37,5,2000,20260716
D175_minus_D129_foreground_dice,0.001,242,-0.0008369621621621672,-0.004139473513513518,0.0018232352027027054,False,37,5,2000,20260716
D175_minus_D129_foreground_dice,0.001,243,9.574594594595048e-05,-0.0030889262162162195,0.003125371216216208,False,37,5,2000,20260716
D175_minus_D129_foreground_dice,0.001,244,9.410270270270271e-05,-0.0022614915540540583,0.0023619395270270283,False,37,5,2000,20260716
D175_minus_D129_foreground_dice,0.001,245,0.0007061540540540552,-0.0011177485135135114,0.0025361212162162143,False,37,5,2000,20260716
D175_minus_D129_foreground_dice,0.001,246,0.002279678378378379,0.0003466075000000018,0.00460459898648648,True,37,5,2000,20260716
D175_minus_D129_foreground_dice,0.001,247,0.00041648918918918854,-0.002929427837837839,0.0034667344594594388,False,37,5,2000,20260716
D175_minus_D129_foreground_dice,0.001,248,0.00460377567567567,0.0022960088513513505,0.007265728378378368,True,37,5,2000,20260716
D175_minus_D129_foreground_dice,0.001,249,0.0023679162162162032,0.000695099999999982,0.0042919777702702545,True,37,5,2000,20260716
D175_minus_D129_foreground_dice,0.001,250,-0.00026754864864865426,-0.003437804189189189,0.0023484127027027066,False,37,5,2000,20260716
D175_minus_D129_foreground_dice,0.001,251,-0.000960040540540541,-0.0040225250000000025,0.0014961666216216204,False,37,5,2000,20260716
D175_minus_D129_foreground_dice,0.001,252,-0.0003363864864864799,-0.0035599956081081062,0.002027880878378377,False,37,5,2000,20260716
D175_minus_D129_foreground_dice,0.001,253,0.0006127351351351376,-0.002598808513513509,0.003307312500000001,False,37,5,2000,20260716
D175_minus_D129_foreground_dice,0.001,254,-0.0014259378378378344,-0.00448669898648648,0.0011466545945945901,False,37,5,2000,20260716
D175_minus_D129_foreground_dice,0.001,255,0.0008632000000000041,-0.0016817606081080997,0.0031752537162162133,False,37,5,2000,20260716
D175_minus_D129_foreground_dice,0.001,256,0.003264464864864866,0.0012374599999999975,0.005550990945945955,True,37,5,2000,20260716
D175_minus_D129_foreground_dice,0.001,257,0.0015107324324324318,-0.0007076222297297171,0.003787223513513498,False,37,5,2000,20260716
D175_minus_D129_foreground_dice,0.001,258,0.0008045945945945962,-0.0018992950675675601,0.002981669527027027,False,37,5,2000,20260716
D175_minus_D129_foreground_dice,0.001,259,0.0004645297297297321,-0.002246758851351353,0.0025129354729729846,False,37,5,2000,20260716
D175_minus_D129_foreground_dice,0.001,260,0.0014738162162162088,-0.0011597550000000043,0.004398774391891885,False,37,5,2000,20260716
D175_minus_D129_foreground_dice,0.001,261,0.003080770270270273,0.0011887508108108158,0.005411870405405405,True,37,5,2000,20260716
D175_minus_D129_foreground_dice,0.001,262,0.0023907864864864898,0.0009200446621621729,0.004010213986486483,True,37,5,2000,20260716
D175_minus_D129_foreground_dice,0.001,263,0.0011793540540540534,-0.0008103919594594501,0.0032317996621621624,False,37,5,2000,20260716
D175_minus_D129_foreground_dice,0.001,264,-0.0006458459459459429,-0.0036227551351351345,0.0015038046621621668,False,37,5,2000,20260716
D175_minus_D129_foreground_dice,0.001,265,0.0010246243243243298,-0.0020709179729729503,0.0038871750675675714,False,37,5,2000,20260716
D175_minus_D129_foreground_dice,0.001,266,0.0011304351351351311,-0.0019260441891891884,0.004732011756756742,False,37,5,2000,20260716
D175_minus_D129_foreground_dice,0.001,267,0.001346710810810811,0.00013874587837837455,0.0026867788513513266,True,37,5,2000,20260716
D175_minus_D129_foreground_dice,0.001,268,0.002009105405405399,0.0010486104054054062,0.0030058142567567464,True,37,5,2000,20260716
D175_minus_D129_foreground_dice,0.001,269,0.0010748297297297391,-0.0010462322297297205,0.0026280515540540563,False,37,5,2000,20260716
D175_minus_D129_foreground_dice,0.001,270,0.0015526027027027115,-0.001268166216216205,0.0038641220945945906,False,37,5,2000,20260716
D175_minus_D129_foreground_dice,0.001,271,-0.00017472432432432224,-0.0032963508108108082,0.0025163147972972946,False,37,5,2000,20260716
D175_minus_D129_foreground_dice,0.001,272,-4.2954054054052754e-05,-0.0025595415540540433,0.0019461759459459432,False,37,5,2000,20260716
D175_minus_D129_foreground_dice,0.001,273,0.0002755270270270346,-0.0028582874324324307,0.002662856283783791,False,37,5,2000,20260716
D175_minus_D129_foreground_dice,0.001,274,0.0015688540540540526,-0.00016905891891891102,0.0034504846621621625,False,37,5,2000,20260716
D175_minus_D129_foreground_dice,0.001,275,0.0007333783783783812,-0.0019632088513513502,0.003401664054054045,False,37,5,2000,20260716
D175_minus_D129_foreground_dice,0.001,276,0.0020183027027027007,0.0006233265540540656,0.0032160232432432378,True,37,5,2000,20260716
D175_minus_D129_foreground_dice,0.001,277,0.002728854054054051,0.0004081895270270249,0.005420929594594583,True,37,5,2000,20260716
D175_minus_D129_foreground_dice,0.001,278,0.0006718567567567579,-0.0013046802702702638,0.002564644999999992,False,37,5,2000,20260716
D175_minus_D129_foreground_dice,0.001,279,-2.7808108108111237e-05,-0.004329307500000017,0.004167932702702705,False,37,5,2000,20260716
D175_minus_D129_foreground_dice,0.001,280,-0.0002670216216216321,-0.0028629726351351473,0.001953237364864856,False,37,5,2000,20260716
D175_minus_D129_foreground_dice,0.001,281,0.0009069891891891848,-0.001722292567567572,0.003196366959459459,False,37,5,2000,20260716
D175_minus_D129_foreground_dice,0.001,282,0.0031011135135135125,0.0007952102702702694,0.006483001756756755,True,37,5,2000,20260716
D175_minus_D129_foreground_dice,0.001,283,0.001884002702702696,-0.0022176010135135185,0.00654757952702701,False,37,5,2000,20260716
D175_minus_D129_foreground_dice,0.001,284,0.0013795702702702752,-0.0004335881756756731,0.0031935674324324293,False,37,5,2000,20260716
D175_minus_D129_foreground_dice,0.001,285,0.0018359054054054055,4.587641891891426e-05,0.003811350405405404,True,37,5,2000,20260716
D175_minus_D129_foreground_dice,0.001,286,0.00021281621621621502,-0.002779224594594586,0.002691759527027017,False,37,5,2000,20260716
D175_minus_D129_foreground_dice,0.001,287,0.0019909324324324284,-0.0003913721621621702,0.004523680270270263,False,37,5,2000,20260716
D175_minus_D129_foreground_dice,0.001,288,0.001637967567567573,1.2157432432456456e-06,0.0035346585135135095,True,37,5,2000,20260716
D175_minus_D129_foreground_dice,0.001,289,0.001191929729729736,-0.0012876645945945856,0.0034967620945946082,False,37,5,2000,20260716
D175_minus_D129_foreground_dice,0.001,290,0.0011146567567567552,-0.0018370009459459421,0.004069800540540537,False,37,5,2000,20260716
D175_minus_D129_foreground_dice,0.001,291,0.001286267567567569,-0.00058341425675674,0.0031895360135135095,False,37,5,2000,20260716
D175_minus_D129_foreground_dice,0.001,292,0.003570605405405398,0.0009682779729729715,0.007050424391891878,True,37,5,2000,20260716
D175_minus_D129_foreground_dice,0.001,293,0.0007320459459459502,-0.0012979963513513432,0.0024497494594594655,False,37,5,2000,20260716
D175_minus_D129_foreground_dice,0.001,294,0.0011290540540540514,-0.0008151593243243312,0.002828023918918908,False,37,5,2000,20260716
D175_minus_D129_foreground_dice,0.001,295,0.0018486135135135063,-0.0011679010135135087,0.004705981959459451,False,37,5,2000,20260716
D175_minus_D129_foreground_dice,0.001,296,-0.0011227702702702727,-0.004965780067567567,0.0020341047297297303,False,37,5,2000,20260716
D175_minus_D129_foreground_dice,0.001,297,0.0013321783783783777,-0.0017803335810810796,0.004600778378378374,False,37,5,2000,20260716
D175_minus_D129_foreground_dice,0.001,298,0.00183051891891892,-0.0011470926351351285,0.004795348783783775,False,37,5,2000,20260716
D175_minus_D129_foreground_dice,0.001,299,0.0018543000000000036,-0.0011682295945945958,0.004853087364864858,False,37,5,2000,20260716
D175_minus_D129_foreground_dice,0.003,0,0.0007139432432432421,-0.0019382524999999938,0.003035604864864858,False,37,5,2000,20260716
D175_minus_D129_foreground_dice,0.003,1,0.005218213513513519,0.003255778513513524,0.007974754797297293,True,37,5,2000,20260716
D175_minus_D129_foreground_dice,0.003,2,0.0017032189189189221,-0.0013905188513513432,0.00453740297297299,False,37,5,2000,20260716
D175_minus_D129_foreground_dice,0.003,3,0.003937454054054049,0.0015479211486486397,0.005902743716216201,True,37,5,2000,20260716
D175_minus_D129_foreground_dice,0.003,4,0.00398594054054054,0.0007642620945945976,0.007037278716216203,True,37,5,2000,20260716
D175_minus_D129_foreground_dice,0.003,5,0.0018135702702702788,-0.0005660843243243083,0.004315878108108109,False,37,5,2000,20260716
D175_minus_D129_foreground_dice,0.003,6,0.002167183783783791,4.81177702702857e-05,0.003803756756756757,True,37,5,2000,20260716
D175_minus_D129_foreground_dice,0.003,7,0.0013882351351351381,-0.0017799531756756504,0.0044564378378378336,False,37,5,2000,20260716
D175_minus_D129_foreground_dice,0.003,8,0.004764302702702698,0.0015327397972972972,0.007534751689189176,True,37,5,2000,20260716
D175_minus_D129_foreground_dice,0.003,9,0.002772656756756759,4.5710000000001695e-05,0.005184192162162163,True,37,5,2000,20260716
D175_minus_D129_foreground_dice,0.003,10,0.0044266648648648614,0.0006609714864864855,0.00856199986486485,True,37,5,2000,20260716
D175_minus_D129_foreground_dice,0.003,11,0.004440470270270268,0.002051650270270266,0.007298022297297288,True,37,5,2000,20260716
D175_minus_D129_foreground_dice,0.003,12,0.002592913513513519,-1.7290675675675833e-05,0.004980570878378381,False,37,5,2000,20260716
D175_minus_D129_foreground_dice,0.003,13,0.0038128054054054035,0.0015002593243243277,0.0062667762837837785,True,37,5,2000,20260716
D175_minus_D129_foreground_dice,0.003,14,0.0033569270270270225,0.0007290602027027,0.005461535608108112,True,37,5,2000,20260716
D175_minus_D129_foreground_dice,0.003,15,0.001479251351351357,-0.0007658160135135018,0.004020737905405412,False,37,5,2000,20260716
D175_minus_D129_foreground_dice,0.003,16,0.0030118810810810985,0.0013938735135135315,0.004687897297297332,True,37,5,2000,20260716
D175_minus_D129_foreground_dice,0.003,17,0.0025454783783783815,-0.00047965006756756117,0.005314726216216218,False,37,5,2000,20260716
D175_minus_D129_foreground_dice,0.003,18,0.0041623162162162134,0.001951567027027031,0.006848068310810809,True,37,5,2000,20260716
D175_minus_D129_foreground_dice,0.003,19,0.005736251351351351,0.0037518918918918952,0.008369245540540532,True,37,5,2000,20260716
D175_minus_D129_foreground_dice,0.003,20,0.0025036702702702722,-0.000413389797297304,0.004958522162162161,False,37,5,2000,20260716
D175_minus_D129_foreground_dice,0.003,21,0.0005878297297297202,-0.0029228622297297305,0.003306979594594584,False,37,5,2000,20260716
D175_minus_D129_foreground_dice,0.003,22,0.004750370270270267,0.0025954856756756806,0.007165607162162159,True,37,5,2000,20260716
D175_minus_D129_foreground_dice,0.003,23,0.0036879054054054007,0.0017973444594594557,0.0055359976351351346,True,37,5,2000,20260716
D175_minus_D129_foreground_dice,0.003,24,0.0007897810810810778,-0.002968092905405408,0.003809874256756754,False,37,5,2000,20260716
D175_minus_D129_foreground_dice,0.003,25,0.0027505837837837853,0.0007761819594594624,0.004665190135135135,True,37,5,2000,20260716
D175_minus_D129_foreground_dice,0.003,26,0.00423967567567568,0.0022979076351351277,0.0065809024324324245,True,37,5,2000,20260716
D175_minus_D129_foreground_dice,0.003,27,0.00424025135135135,0.0028863958783783886,0.005696988175675685,True,37,5,2000,20260716
D175_minus_D129_foreground_dice,0.003,28,0.0032697810810810774,0.0008235312837837826,0.0058527292567567505,True,37,5,2000,20260716
D175_minus_D129_foreground_dice,0.003,29,0.004765335135135136,0.003100204594594598,0.007026051824324327,True,37,5,2000,20260716
D175_minus_D129_foreground_dice,0.003,30,0.0030178756756756775,0.0014083331081081159,0.004674512702702706,True,37,5,2000,20260716
D175_minus_D129_foreground_dice,0.003,31,0.0022887567567567543,-0.0005501839864864856,0.004498509256756751,False,37,5,2000,20260716
D175_minus_D129_foreground_dice,0.003,32,0.0023305297297297255,-0.0011366162162162199,0.005413363108108089,False,37,5,2000,20260716
D175_minus_D129_foreground_dice,0.003,33,0.003510743243243247,0.0010808847972973046,0.0053471254054054135,True,37,5,2000,20260716
D175_minus_D129_foreground_dice,0.003,34,0.0030903513513513537,0.0004565370945945989,0.006055627635135132,True,37,5,2000,20260716
D175_minus_D129_foreground_dice,0.003,35,0.0019200702702702726,-0.0008468395270270274,0.004031225270270274,False,37,5,2000,20260716
D175_minus_D129_foreground_dice,0.003,36,0.0019435270270270295,-0.00014218554054053163,0.004090891418918917,False,37,5,2000,20260716
D175_minus_D129_foreground_dice,0.003,37,0.004467597297297296,0.0019947060135135177,0.007743910743243231,True,37,5,2000,20260716
D175_minus_D129_foreground_dice,0.003,38,0.003733272972972979,0.0012000131081081173,0.0066086783783783805,True,37,5,2000,20260716
D175_minus_D129_foreground_dice,0.003,39,0.004661610810810809,0.002243656486486483,0.007140783513513505,True,37,5,2000,20260716
D175_minus_D129_foreground_dice,0.003,40,0.0005636081081081036,-0.002427587027027031,0.00320579027027026,False,37,5,2000,20260716
D175_minus_D129_foreground_dice,0.003,41,0.0019341189189189243,-0.0011909539189189128,0.004842367567567563,False,37,5,2000,20260716
D175_minus_D129_foreground_dice,0.003,42,0.0023056891891891956,-0.00024335837837837054,0.004794709729729735,False,37,5,2000,20260716
D175_minus_D129_foreground_dice,0.003,43,0.003204543243243246,0.00016100135135135326,0.006013578040540533,True,37,5,2000,20260716
D175_minus_D129_foreground_dice,0.003,44,0.003433799999999997,0.00029493804054054115,0.006334295337837836,True,37,5,2000,20260716
D175_minus_D129_foreground_dice,0.003,45,0.0015095621621621634,-0.0017446722972972973,0.004116127027027019,False,37,5,2000,20260716
D175_minus_D129_foreground_dice,0.003,46,0.0041121270270270275,0.0027388072972973024,0.005935521283783776,True,37,5,2000,20260716
D175_minus_D129_foreground_dice,0.003,47,0.004817248648648656,0.0032526445270270495,0.00654621858108109,True,37,5,2000,20260716
D175_minus_D129_foreground_dice,0.003,48,0.0025252162162162205,-7.510277027025592e-05,0.004671634391891889,False,37,5,2000,20260716
D175_minus_D129_foreground_dice,0.003,49,0.0021031270270270284,-0.0016771772972973,0.005358625135135127,False,37,5,2000,20260716
D175_minus_D129_foreground_dice,0.003,50,0.0020780378378378447,0.0008262308783783905,0.003372285202702705,True,37,5,2000,20260716
D175_minus_D129_foreground_dice,0.003,51,0.005573245945945945,0.0019251268918918853,0.009112939932432418,True,37,5,2000,20260716
D175_minus_D129_foreground_dice,0.003,52,0.004547329729729739,0.0029681927027027113,0.006652764662162168,True,37,5,2000,20260716
D175_minus_D129_foreground_dice,0.003,53,-0.000972824324324326,-0.004750431621621618,0.0022188071621621554,False,37,5,2000,20260716
D175_minus_D129_foreground_dice,0.003,54,0.00128143513513514,-0.001206841554054044,0.0033501482432432483,False,37,5,2000,20260716
D175_minus_D129_foreground_dice,0.003,55,0.002844200000000009,-0.0002457689189189123,0.006083845270270272,False,37,5,2000,20260716
D175_minus_D129_foreground_dice,0.003,56,0.003022559459459463,0.0001529453378378303,0.006127399256756769,True,37,5,2000,20260716
D175_minus_D129_foreground_dice,0.003,57,0.003598454054054056,0.0016398903378378492,0.00545826790540541,True,37,5,2000,20260716
D175_minus_D129_foreground_dice,0.003,58,0.003326886486486482,0.0018229417567567528,0.004685685945945947,True,37,5,2000,20260716
D175_minus_D129_foreground_dice,0.003,59,0.0030781567567567526,0.0005972052702702651,0.005191616554054042,True,37,5,2000,20260716
D175_minus_D129_foreground_dice,0.003,60,0.0033311540540540544,2.2095405405403862e-05,0.006230036081081083,True,37,5,2000,20260716
D175_minus_D129_foreground_dice,0.003,61,0.003496770270270278,0.0020668709459459597,0.005073114729729724,True,37,5,2000,20260716
D175_minus_D129_foreground_dice,0.003,62,0.0020778945945946095,-0.0002186496621621455,0.004072099054054061,False,37,5,2000,20260716
D175_minus_D129_foreground_dice,0.003,63,6.82675675675678e-05,-0.003872710337837837,0.0035271222297297185,False,37,5,2000,20260716
D175_minus_D129_foreground_dice,0.003,64,0.0033957864864864857,0.0014168932432432467,0.005464655810810816,True,37,5,2000,20260716
D175_minus_D129_foreground_dice,0.003,65,0.0032151324324324205,-1.1067432432442992e-05,0.006943792972972959,False,37,5,2000,20260716
D175_minus_D129_foreground_dice,0.003,66,0.004511343243243246,0.0023320275675675797,0.006565262297297299,True,37,5,2000,20260716
D175_minus_D129_foreground_dice,0.003,67,0.003754002702702704,0.001713175743243256,0.006419380675675674,True,37,5,2000,20260716
D175_minus_D129_foreground_dice,0.003,68,0.00448804594594594,0.002151154391891897,0.007412326013513506,True,37,5,2000,20260716
D175_minus_D129_foreground_dice,0.003,69,0.0036480648648648676,0.0022583209459459434,0.004837181486486489,True,37,5,2000,20260716
D175_minus_D129_foreground_dice,0.003,70,0.0026393324324324357,0.0006835868243243245,0.004531473918918922,True,37,5,2000,20260716
D175_minus_D129_foreground_dice,0.003,71,0.0026627270270270205,0.0003223885135134943,0.005315728378378366,True,37,5,2000,20260716
D175_minus_D129_foreground_dice,0.003,72,0.0022245594594594562,-0.0006034813513513555,0.004726577702702699,False,37,5,2000,20260716
D175_minus_D129_foreground_dice,0.003,73,0.0032678864864864846,0.0003967425675675769,0.005635956554054053,True,37,5,2000,20260716
D175_minus_D129_foreground_dice,0.003,74,0.0021059432432432397,-0.0016221275675675762,0.005295327837837836,False,37,5,2000,20260716
D175_minus_D129_foreground_dice,0.003,75,0.004078456756756755,0.0026423385135135057,0.0051459204729729854,True,37,5,2000,20260716
D175_minus_D129_foreground_dice,0.003,76,0.0030942891891891887,3.390405405406718e-05,0.006005046351351347,True,37,5,2000,20260716
D175_minus_D129_foreground_dice,0.003,77,0.003353843243243251,0.0008721692567567687,0.005396528851351349,True,37,5,2000,20260716
D175_minus_D129_foreground_dice,0.003,78,0.0014531270270270338,-0.0021169093243243163,0.004653216081081086,False,37,5,2000,20260716
D175_minus_D129_foreground_dice,0.003,79,0.0021614054054054084,-0.000852518378378373,0.005103536013513502,False,37,5,2000,20260716
D175_minus_D129_foreground_dice,0.003,80,0.0020369513513513546,-0.0006283885810810813,0.004373985743243253,False,37,5,2000,20260716
D175_minus_D129_foreground_dice,0.003,81,0.003952394594594588,0.00033674256756756603,0.007396090270270248,True,37,5,2000,20260716
D175_minus_D129_foreground_dice,0.003,82,0.0025282432432432366,-0.00041908486486486805,0.004867332567567551,False,37,5,2000,20260716
D175_minus_D129_foreground_dice,0.003,83,0.0032658243243243153,0.00038114641891890316,0.00618701885135134,True,37,5,2000,20260716
D175_minus_D129_foreground_dice,0.003,84,0.004960708108108099,0.0023846382432432447,0.008157265675675648,True,37,5,2000,20260716
D175_minus_D129_foreground_dice,0.003,85,0.0031720243243243294,3.087304054054338e-05,0.006289298783783784,True,37,5,2000,20260716
D175_minus_D129_foreground_dice,0.003,86,0.0019024972972972894,-0.0014262873648648753,0.00482246452702702,False,37,5,2000,20260716
D175_minus_D129_foreground_dice,0.003,87,0.001214513513513515,-0.00117165864864864,0.00314377905405405,False,37,5,2000,20260716
D175_minus_D129_foreground_dice,0.003,88,0.002227764864864867,-0.001216951621621624,0.005279046486486492,False,37,5,2000,20260716
D175_minus_D129_foreground_dice,0.003,89,0.004111727027027016,0.001276745810810812,0.007125179864864845,True,37,5,2000,20260716
D175_minus_D129_foreground_dice,0.003,90,0.0021814864864864894,-0.0003821534459459509,0.004250104256756761,False,37,5,2000,20260716
D175_minus_D129_foreground_dice,0.003,91,0.0021172891891891887,-0.0006396613513513472,0.004380343783783777,False,37,5,2000,20260716
D175_minus_D129_foreground_dice,0.003,92,0.003003472972972966,0.0016783181756756798,0.0044833968918918925,True,37,5,2000,20260716
D175_minus_D129_foreground_dice,0.003,93,0.003611191891891888,0.0005092839189189263,0.007126245202702681,True,37,5,2000,20260716
D175_minus_D129_foreground_dice,0.003,94,0.001086908108108109,-0.0025604421621621544,0.004268482837837839,False,37,5,2000,20260716
D175_minus_D129_foreground_dice,0.003,95,0.005026845945945938,0.0028978214189189153,0.007294476891891864,True,37,5,2000,20260716
D175_minus_D129_foreground_dice,0.003,96,0.003548264864864867,0.0018663239189189182,0.0053300100675675605,True,37,5,2000,20260716
D175_minus_D129_foreground_dice,0.003,97,0.0015885054054054068,-0.0013577083783783699,0.004057236081081083,False,37,5,2000,20260716
D175_minus_D129_foreground_dice,0.003,98,0.003760067567567574,0.0007397232432432509,0.007175335878378383,True,37,5,2000,20260716
D175_minus_D129_foreground_dice,0.003,99,0.0028896216216216207,7.623689189189976e-05,0.0054018251351351495,True,37,5,2000,20260716
D175_minus_D129_foreground_dice,0.003,100,1.6689189189192902e-05,-0.0034464622972972796,0.003458711689189181,False,37,5,2000,20260716
D175_minus_D129_foreground_dice,0.003,101,0.0039035135135135086,0.0019668044594594513,0.005954357770270262,True,37,5,2000,20260716
D175_minus_D129_foreground_dice,0.003,102,0.0034860351351351316,0.001905636418918903,0.004655932432432427,True,37,5,2000,20260716
D175_minus_D129_foreground_dice,0.003,103,0.002265505405405405,-0.0004785122972973037,0.0048180231081081035,False,37,5,2000,20260716
D175_minus_D129_foreground_dice,0.003,104,0.0009877459459459454,-0.0021287366216216227,0.0035657779054053987,False,37,5,2000,20260716
D175_minus_D129_foreground_dice,0.003,105,0.003729289189189179,0.00037711385135135193,0.006730251689189177,True,37,5,2000,20260716
D175_minus_D129_foreground_dice,0.003,106,0.002335462162162167,-0.00018570905405404766,0.00511793141891892,False,37,5,2000,20260716
D175_minus_D129_foreground_dice,0.003,107,0.0022918621621621595,-0.0005453693243243255,0.004581851621621613,False,37,5,2000,20260716
D175_minus_D129_foreground_dice,0.003,108,0.0012102459459459515,-0.0022232012837837692,0.004478736418918918,False,37,5,2000,20260716
D175_minus_D129_foreground_dice,0.003,109,0.0022293189189189285,-0.0005221962837837624,0.0047784807432432715,False,37,5,2000,20260716
D175_minus_D129_foreground_dice,0.003,110,0.0034912972972972987,0.0021172566216216262,0.004956800135135125,True,37,5,2000,20260716
D175_minus_D129_foreground_dice,0.003,111,0.0027074945945945905,-0.0008628994594594616,0.005825599999999999,False,37,5,2000,20260716
D175_minus_D129_foreground_dice,0.003,112,0.002859154054054053,6.726263513514089e-05,0.005645544189189195,True,37,5,2000,20260716
D175_minus_D129_foreground_dice,0.003,113,0.0020866621621621704,-0.0006982749324324183,0.004719682027027036,False,37,5,2000,20260716
D175_minus_D129_foreground_dice,0.003,114,0.002960494594594595,0.00047947635135134684,0.005308096216216206,True,37,5,2000,20260716
D175_minus_D129_foreground_dice,0.003,115,0.002209240540540536,-0.0018558259459459457,0.005767023513513507,False,37,5,2000,20260716
D175_minus_D129_foreground_dice,0.003,116,0.0033317810810810935,0.0016911683783783764,0.004508613378378388,True,37,5,2000,20260716
D175_minus_D129_foreground_dice,0.003,117,0.0018894054054054102,-0.0003917287162162095,0.003714666689189197,False,37,5,2000,20260716
D175_minus_D129_foreground_dice,0.003,118,0.0033933486486486504,0.0007305075675675686,0.006256409594594599,True,37,5,2000,20260716
D175_minus_D129_foreground_dice,0.003,119,0.004324218918918912,0.0019985108108107968,0.006718069932432418,True,37,5,2000,20260716
D175_minus_D129_foreground_dice,0.003,120,0.0026943432432432464,0.0003412304054054061,0.004863074459459465,True,37,5,2000,20260716
D175_minus_D129_foreground_dice,0.003,121,0.0027347027027027006,3.507277027027251e-05,0.0051878847972972935,True,37,5,2000,20260716
D175_minus_D129_foreground_dice,0.003,122,0.002820532432432422,0.0003620465540540399,0.004696048513513495,True,37,5,2000,20260716
D175_minus_D129_foreground_dice,0.003,123,0.003327500000000004,-5.433668918917718e-05,0.0063799444594594655,False,37,5,2000,20260716
D175_minus_D129_foreground_dice,0.003,124,0.0014395189189189141,-0.00121192655405406,0.0038171039864864846,False,37,5,2000,20260716
D175_minus_D129_foreground_dice,0.003,125,0.0027431540540540575,-0.0010543911486486407,0.006295948513513514,False,37,5,2000,20260716
D175_minus_D129_foreground_dice,0.003,126,0.0023666243243243338,-0.0007126464864864759,0.005308009864864875,False,37,5,2000,20260716
D175_minus_D129_foreground_dice,0.003,127,0.003467994594594589,0.0010873376351351325,0.005139072364864858,True,37,5,2000,20260716
D175_minus_D129_foreground_dice,0.003,128,0.003168683783783776,0.0006260839864864926,0.005626472432432417,True,37,5,2000,20260716
D175_minus_D129_foreground_dice,0.003,129,0.0031149054054054105,0.0004856967567567676,0.005513667432432433,True,37,5,2000,20260716
D175_minus_D129_foreground_dice,0.003,130,0.002431024324324316,-0.000949840270270269,0.005168102702702688,False,37,5,2000,20260716
D175_minus_D129_foreground_dice,0.003,131,0.003016535135135139,0.0010402897972972944,0.004586838716216214,True,37,5,2000,20260716
D175_minus_D129_foreground_dice,0.003,132,0.005202532432432429,0.002037219121621629,0.008977324999999994,True,37,5,2000,20260716
D175_minus_D129_foreground_dice,0.003,133,0.0014882135135135123,-0.0020271504729729812,0.005361572162162146,False,37,5,2000,20260716
D175_minus_D129_foreground_dice,0.003,134,0.002941372972972969,0.0003960479054054193,0.005207336351351345,True,37,5,2000,20260716
D175_minus_D129_foreground_dice,0.003,135,0.0015629945945945965,-0.0008921245270270258,0.003791376554054058,False,37,5,2000,20260716
D175_minus_D129_foreground_dice,0.003,136,0.0038817648648648744,0.0024096818918919,0.005158919527027036,True,37,5,2000,20260716
D175_minus_D129_foreground_dice,0.003,137,0.0038120513513513403,0.00045756905405405985,0.006965020608108094,True,37,5,2000,20260716
D175_minus_D129_foreground_dice,0.003,138,0.003406316216216215,0.0002259320270270341,0.0060279465540540485,True,37,5,2000,20260716
D175_minus_D129_foreground_dice,0.003,139,0.0030970243243243194,0.0013014175675675665,0.004574668986486479,True,37,5,2000,20260716
D175_minus_D129_foreground_dice,0.003,140,0.0036486783783783684,0.0012536985810810764,0.005727354324324301,True,37,5,2000,20260716
D175_minus_D129_foreground_dice,0.003,141,0.0029530945945945982,0.0006369768243243346,0.004703824391891894,True,37,5,2000,20260716
D175_minus_D129_foreground_dice,0.003,142,0.0026167189189189215,0.00012077783783784481,0.00548324675675675,True,37,5,2000,20260716
D175_minus_D129_foreground_dice,0.003,143,0.0029476918918918977,0.0002203040540540655,0.005442755675675668,True,37,5,2000,20260716
D175_minus_D129_foreground_dice,0.003,144,0.0019090567567567605,-0.0022345016216216225,0.005825543918918929,False,37,5,2000,20260716
D175_minus_D129_foreground_dice,0.003,145,0.0003375459459459593,-0.003050964932432409,0.003104292432432442,False,37,5,2000,20260716
D175_minus_D129_foreground_dice,0.003,146,0.0034990783783783765,0.002041962229729728,0.004966233851351346,True,37,5,2000,20260716
D175_minus_D129_foreground_dice,0.003,147,0.002470818918918927,5.4110472972984436e-05,0.0049361587837837995,True,37,5,2000,20260716
D175_minus_D129_foreground_dice,0.003,148,0.003365140540540549,0.0018969338513513613,0.004755391148648659,True,37,5,2000,20260716
D175_minus_D129_foreground_dice,0.003,149,0.005353740540540531,0.002209261418918916,0.00828227297297296,True,37,5,2000,20260716
D175_minus_D129_foreground_dice,0.003,150,0.0032086054054054074,0.0008489037162162244,0.005394721621621612,True,37,5,2000,20260716
D175_minus_D129_foreground_dice,0.003,151,0.0039018972972972975,0.0015756249324324365,0.006142018918918922,True,37,5,2000,20260716
D175_minus_D129_foreground_dice,0.003,152,0.003032737837837836,-0.0008107970270270191,0.007052813648648634,False,37,5,2000,20260716
D175_minus_D129_foreground_dice,0.003,153,0.0029115216216216177,0.0007800732432432396,0.005065523851351345,True,37,5,2000,20260716
D175_minus_D129_foreground_dice,0.003,154,0.0035594108108108076,0.0011429689189189176,0.006177176756756744,True,37,5,2000,20260716
D175_minus_D129_foreground_dice,0.003,155,0.003500999999999998,0.0018134456756756822,0.0053528770270270185,True,37,5,2000,20260716
D175_minus_D129_foreground_dice,0.003,156,0.004724659459459457,0.0030149333108108168,0.006635456621621618,True,37,5,2000,20260716
D175_minus_D129_foreground_dice,0.003,157,-7.545135135135125e-05,-0.003467576216216211,0.0028239016216216177,False,37,5,2000,20260716
D175_minus_D129_foreground_dice,0.003,158,0.003361137837837834,0.00019732351351351397,0.006019250810810806,True,37,5,2000,20260716
D175_minus_D129_foreground_dice,0.003,159,0.00467628648648649,0.003395756013513515,0.006199068310810799,True,37,5,2000,20260716
D175_minus_D129_foreground_dice,0.003,160,0.003485583783783781,0.00043378101351350867,0.006863359729729715,True,37,5,2000,20260716
D175_minus_D129_foreground_dice,0.003,161,0.003597886486486486,0.0012925077702702708,0.006195893716216206,True,37,5,2000,20260716
D175_minus_D129_foreground_dice,0.003,162,0.0010050459459459498,-0.0015981330405405354,0.0031502866891891944,False,37,5,2000,20260716
D175_minus_D129_foreground_dice,0.003,163,0.0019404216216216184,-0.0014024460810810832,0.004650407702702703,False,37,5,2000,20260716
D175_minus_D129_foreground_dice,0.003,164,0.0044403216216216184,0.0019297164864864895,0.0069691464864864786,True,37,5,2000,20260716
D175_minus_D129_foreground_dice,0.003,165,0.003907143243243243,0.0022968439864864882,0.005385802905405411,True,37,5,2000,20260716
D175_minus_D129_foreground_dice,0.003,166,0.0036190540540540577,0.0014026039864865022,0.005819522567567559,True,37,5,2000,20260716
D175_minus_D129_foreground_dice,0.003,167,0.0013940297297297336,-0.0008091741216216155,0.0033292947297297345,False,37,5,2000,20260716
D175_minus_D129_foreground_dice,0.003,168,0.003247235135135133,0.0007882582432432491,0.005194581148648644,True,37,5,2000,20260716
D175_minus_D129_foreground_dice,0.003,169,0.002633943243243247,0.0003226887837838005,0.004777810135135129,True,37,5,2000,20260716
D175_minus_D129_foreground_dice,0.003,170,0.001998102702702714,-0.000359089729729724,0.0042176683783783815,False,37,5,2000,20260716
D175_minus_D129_foreground_dice,0.003,171,0.004143086486486491,0.0015088412837838067,0.007269201013513507,True,37,5,2000,20260716
D175_minus_D129_foreground_dice,0.003,172,0.0012983135135135136,-0.0019696472297297293,0.0042068987837837754,False,37,5,2000,20260716
D175_minus_D129_foreground_dice,0.003,173,0.003003386486486487,0.0007212038513513499,0.005762641148648643,True,37,5,2000,20260716
D175_minus_D129_foreground_dice,0.003,174,0.003680348648648655,0.0026537821621621764,0.004878180810810818,True,37,5,2000,20260716
D175_minus_D129_foreground_dice,0.003,175,0.0017808297297297402,-0.0008421867567567457,0.00409448175675677,False,37,5,2000,20260716
D175_minus_D129_foreground_dice,0.003,176,0.0023439486486486463,-0.0013489293243243248,0.006168759121621619,False,37,5,2000,20260716
D175_minus_D129_foreground_dice,0.003,177,0.0013676081081081043,-0.0018903075675675723,0.0042983020270270155,False,37,5,2000,20260716
D175_minus_D129_foreground_dice,0.003,178,0.003831510810810809,0.001719540000000003,0.006329330405405404,True,37,5,2000,20260716
D175_minus_D129_foreground_dice,0.003,179,0.00398944054054053,0.001358604864864858,0.006808877567567554,True,37,5,2000,20260716
D175_minus_D129_foreground_dice,0.003,180,0.0037055594594594655,0.000942259256756769,0.006586240405405408,True,37,5,2000,20260716
D175_minus_D129_foreground_dice,0.003,181,0.0032132648648648663,0.0006004868918918991,0.0055777553378378334,True,37,5,2000,20260716
D175_minus_D129_foreground_dice,0.003,182,0.0028189486486486443,0.0004696588513513509,0.004937454864864858,True,37,5,2000,20260716
D175_minus_D129_foreground_dice,0.003,183,0.004308764864864856,0.0027089756081080953,0.006254098986486468,True,37,5,2000,20260716
D175_minus_D129_foreground_dice,0.003,184,0.004590813513513512,0.0032426679729729737,0.006174471756756754,True,37,5,2000,20260716
D175_minus_D129_foreground_dice,0.003,185,0.003191878378378373,0.001461882905405398,0.00476501641891891,True,37,5,2000,20260716
D175_minus_D129_foreground_dice,0.003,186,0.0027706297297297442,0.0003936950000000194,0.004538465540540552,True,37,5,2000,20260716
D175_minus_D129_foreground_dice,0.003,187,0.0015461378378378461,-0.0009545633108107941,0.003994512297297295,False,37,5,2000,20260716
D175_minus_D129_foreground_dice,0.003,188,0.00411263783783784,0.0021912428378378607,0.00629944945945946,True,37,5,2000,20260716
D175_minus_D129_foreground_dice,0.003,189,0.003320951351351346,0.0006416902702702658,0.0054068754729729674,True,37,5,2000,20260716
D175_minus_D129_foreground_dice,0.003,190,0.0029867594594594656,0.0008413023648648778,0.0049854508108108115,True,37,5,2000,20260716
D175_minus_D129_foreground_dice,0.003,191,0.0017537486486486496,-0.0016262389189189153,0.0044304316891891895,False,37,5,2000,20260716
D175_minus_D129_foreground_dice,0.003,192,0.0048959540540540565,0.0030387785810810732,0.006990741554054049,True,37,5,2000,20260716
D175_minus_D129_foreground_dice,0.003,193,0.003266116216216217,0.0007775034459459437,0.00600053662162163,True,37,5,2000,20260716
D175_minus_D129_foreground_dice,0.003,194,0.0035239864864864885,0.0022004372972972874,0.004709822567567563,True,37,5,2000,20260716
D175_minus_D129_foreground_dice,0.003,195,0.004300654054054055,0.0010143527702702727,0.00753007020270269,True,37,5,2000,20260716
D175_minus_D129_foreground_dice,0.003,196,0.003506332432432437,0.0011871995945945987,0.00580501175675676,True,37,5,2000,20260716
D175_minus_D129_foreground_dice,0.003,197,0.003946332432432439,0.0018421444594594741,0.006388368513513516,True,37,5,2000,20260716
D175_minus_D129_foreground_dice,0.003,198,0.002864118918918926,-0.00018330608108107027,0.005808927229729735,False,37,5,2000,20260716
D175_minus_D129_foreground_dice,0.003,199,0.002627370270270264,-0.00012825540540541388,0.005111076351351336,False,37,5,2000,20260716
D175_minus_D129_foreground_dice,0.003,200,0.002292386486486491,0.0004959141891891961,0.003651915675675676,True,37,5,2000,20260716
D175_minus_D129_foreground_dice,0.003,201,0.0038457486486486486,0.0010495298648648705,0.006848581081081076,True,37,5,2000,20260716
D175_minus_D129_foreground_dice,0.003,202,0.0033940810810810843,0.00023839337837839732,0.006326708378378358,True,37,5,2000,20260716
D175_minus_D129_foreground_dice,0.003,203,0.0022074891891891895,-0.0010693550675675686,0.005051008851351354,False,37,5,2000,20260716
D175_minus_D129_foreground_dice,0.003,204,0.003407662162162162,0.0001222896621621596,0.00643463898648648,True,37,5,2000,20260716
D175_minus_D129_foreground_dice,0.003,205,0.003204540540540543,-0.00016417695945945975,0.006505433783783764,False,37,5,2000,20260716
D175_minus_D129_foreground_dice,0.003,206,0.004050937837837839,0.0008701586486486634,0.007707594527027014,True,37,5,2000,20260716
D175_minus_D129_foreground_dice,0.003,207,0.0033899729729729767,0.0013711504054054059,0.005182023783783784,True,37,5,2000,20260716
D175_minus_D129_foreground_dice,0.003,208,0.003729194594594594,0.0018716646621621757,0.00572544439189189,True,37,5,2000,20260716
D175_minus_D129_foreground_dice,0.003,209,0.0020208135135135175,-0.0014668889864864845,0.005277288716216212,False,37,5,2000,20260716
D175_minus_D129_foreground_dice,0.003,210,0.0037496351351351325,0.0025553459459459397,0.004883528851351345,True,37,5,2000,20260716
D175_minus_D129_foreground_dice,0.003,211,0.0025946810810810895,-0.00015666249999997205,0.0052145313513513565,False,37,5,2000,20260716
D175_minus_D129_foreground_dice,0.003,212,0.002217548648648649,-0.0011358323648648695,0.005153282162162158,False,37,5,2000,20260716
D175_minus_D129_foreground_dice,0.003,213,0.0006258594594594545,-0.0030948601351351414,0.004316915743243244,False,37,5,2000,20260716
D175_minus_D129_foreground_dice,0.003,214,0.0034926243243243297,0.0017820802702702883,0.00545487540540541,True,37,5,2000,20260716
D175_minus_D129_foreground_dice,0.003,215,0.0033687540540540536,0.0006975841891891982,0.005785820405405396,True,37,5,2000,20260716
D175_minus_D129_foreground_dice,0.003,216,0.0028134486486486466,-2.73525000000082e-05,0.005260049729729726,False,37,5,2000,20260716
D175_minus_D129_foreground_dice,0.003,217,0.0026615783783783824,9.285256756757735e-05,0.00480957310810811,True,37,5,2000,20260716
D175_minus_D129_foreground_dice,0.003,218,0.0034870297297297337,0.001184905270270283,0.005886237162162167,True,37,5,2000,20260716
D175_minus_D129_foreground_dice,0.003,219,0.0028704729729729715,0.00019381216216216398,0.005292754797297302,True,37,5,2000,20260716
D175_minus_D129_foreground_dice,0.003,220,0.002936435135135135,0.0008795366216216272,0.0051274470945946015,True,37,5,2000,20260716
D175_minus_D129_foreground_dice,0.003,221,0.005243689189189186,0.0022024245270270146,0.00881906527027025,True,37,5,2000,20260716
D175_minus_D129_foreground_dice,0.003,222,0.004465513513513509,0.0032095149999999974,0.006248498648648642,True,37,5,2000,20260716
D175_minus_D129_foreground_dice,0.003,223,0.00016228378378379586,-0.0032848112837837794,0.0035264277702702776,False,37,5,2000,20260716
D175_minus_D129_foreground_dice,0.003,224,0.0038539540540540556,0.0013979519594594615,0.006275303918918922,True,37,5,2000,20260716
D175_minus_D129_foreground_dice,0.003,225,0.0024393270270270215,-0.0018432787837837814,0.006388718175675653,False,37,5,2000,20260716
D175_minus_D129_foreground_dice,0.003,226,0.00314773513513514,0.001388329054054053,0.0049590520270270284,True,37,5,2000,20260716
D175_minus_D129_foreground_dice,0.003,227,0.004343640540540547,0.002017554594594604,0.006855920067567561,True,37,5,2000,20260716
D175_minus_D129_foreground_dice,0.003,228,0.001836375675675692,-0.0012506304054053852,0.00473841493243246,False,37,5,2000,20260716
D175_minus_D129_foreground_dice,0.003,229,0.0056969972972973,0.0022432249324324414,0.009302152094594592,True,37,5,2000,20260716
D175_minus_D129_foreground_dice,0.003,230,0.0034372729729729673,0.00033373587837838705,0.0062285530405405375,True,37,5,2000,20260716
D175_minus_D129_foreground_dice,0.003,231,0.004157537837837841,0.002389525270270274,0.006199017702702703,True,37,5,2000,20260716
D175_minus_D129_foreground_dice,0.003,232,0.0034288189189189268,0.0009450108783783787,0.006347300405405409,True,37,5,2000,20260716
D175_minus_D129_foreground_dice,0.003,233,0.0017523027027026934,0.00011458040540541947,0.0031613732432432267,True,37,5,2000,20260716
D175_minus_D129_foreground_dice,0.003,234,0.0024604540540540585,-0.0005843471621621588,0.004594967770270278,False,37,5,2000,20260716
D175_minus_D129_foreground_dice,0.003,235,0.00453544054054053,0.00299832804054053,0.0066529744594594565,True,37,5,2000,20260716
D175_minus_D129_foreground_dice,0.003,236,-0.00012310270270269507,-0.0035681237837837778,0.002863766486486488,False,37,5,2000,20260716
D175_minus_D129_foreground_dice,0.003,237,0.0027955297297297243,-0.0013833338513513514,0.007011834797297282,False,37,5,2000,20260716
D175_minus_D129_foreground_dice,0.003,238,0.004205327027027026,0.0025952978378378294,0.00599628256756756,True,37,5,2000,20260716
D175_minus_D129_foreground_dice,0.003,239,0.002190678378378383,-0.00038898601351351026,0.004651397364864874,False,37,5,2000,20260716
D175_minus_D129_foreground_dice,0.003,240,0.0024979756756756846,-8.21887837837707e-05,0.004718390608108113,False,37,5,2000,20260716
D175_minus_D129_foreground_dice,0.003,241,0.0039486891891891964,0.000603633851351365,0.007491314662162161,True,37,5,2000,20260716
D175_minus_D129_foreground_dice,0.003,242,0.0015861567567567597,-0.00135144067567568,0.004337665608108105,False,37,5,2000,20260716
D175_minus_D129_foreground_dice,0.003,243,0.00404802432432433,0.0014667293918918997,0.007000383581081081,True,37,5,2000,20260716
D175_minus_D129_foreground_dice,0.003,244,0.0033730837837837734,0.0007047690540540447,0.006049769594594572,True,37,5,2000,20260716
D175_minus_D129_foreground_dice,0.003,245,0.002672008108108117,0.0002290372297297508,0.004980434121621629,True,37,5,2000,20260716
D175_minus_D129_foreground_dice,0.003,246,0.0033068486486486494,0.0012542220270270233,0.005139280608108109,True,37,5,2000,20260716
D175_minus_D129_foreground_dice,0.003,247,0.0035413567567567604,0.0023139189189189343,0.004730460337837826,True,37,5,2000,20260716
D175_minus_D129_foreground_dice,0.003,248,0.0015561648648648543,-0.003212885810810817,0.005876749594594571,False,37,5,2000,20260716
D175_minus_D129_foreground_dice,0.003,249,0.003360305405405403,3.741554054053585e-05,0.006882885810810814,True,37,5,2000,20260716
D175_minus_D129_foreground_dice,0.003,250,0.004565959459459458,0.00197213020270271,0.007536460878378391,True,37,5,2000,20260716
D175_minus_D129_foreground_dice,0.003,251,0.0028795243243243183,0.00016294972972972794,0.004669007567567559,True,37,5,2000,20260716
D175_minus_D129_foreground_dice,0.003,252,0.0016926675675675669,-0.0013842033108108181,0.004236011486486478,False,37,5,2000,20260716
D175_minus_D129_foreground_dice,0.003,253,0.002078367567567576,0.0002750550675675731,0.003724634594594607,True,37,5,2000,20260716
D175_minus_D129_foreground_dice,0.003,254,0.004411913513513512,0.0016948116891891873,0.007117911689189171,True,37,5,2000,20260716
D175_minus_D129_foreground_dice,0.003,255,0.0035026594594594665,0.0014933962162162226,0.006478368243243245,True,37,5,2000,20260716
D175_minus_D129_foreground_dice,0.003,256,0.0043892567567567565,0.0030932710810810888,0.006385551486486476,True,37,5,2000,20260716
D175_minus_D129_foreground_dice,0.003,257,0.0035454891891891875,0.00018188148648649386,0.007018788986486479,True,37,5,2000,20260716
D175_minus_D129_foreground_dice,0.003,258,0.001369462162162166,-0.0012881943243243238,0.0037410985135135208,False,37,5,2000,20260716
D175_minus_D129_foreground_dice,0.003,259,0.001578613513513516,-0.0013168854729729538,0.003933419932432436,False,37,5,2000,20260716
D175_minus_D129_foreground_dice,0.003,260,0.003560559459459465,0.00027337817567567416,0.006668288310810818,True,37,5,2000,20260716
D175_minus_D129_foreground_dice,0.003,261,0.004506370270270262,0.002146610135135125,0.007419156891891876,True,37,5,2000,20260716
D175_minus_D129_foreground_dice,0.003,262,0.004912137837837837,0.001661549594594603,0.008122836216216216,True,37,5,2000,20260716
D175_minus_D129_foreground_dice,0.003,263,0.004702062162162172,0.0017068562162162375,0.008363677567567573,True,37,5,2000,20260716
D175_minus_D129_foreground_dice,0.003,264,0.0014724351351351446,-0.001125725878378372,0.00363809939189189,False,37,5,2000,20260716
D175_minus_D129_foreground_dice,0.003,265,0.0015848189189189247,-0.0011559727702702594,0.003994866891891887,False,37,5,2000,20260716
D175_minus_D129_foreground_dice,0.003,266,0.003986286486486488,0.0026234084459459384,0.005392115945945941,True,37,5,2000,20260716
D175_minus_D129_foreground_dice,0.003,267,0.002141808108108112,-0.0008617478378378369,0.005076559594594601,False,37,5,2000,20260716
D175_minus_D129_foreground_dice,0.003,268,0.003066448648648643,-0.0004037764864864989,0.006406850945945932,False,37,5,2000,20260716
D175_minus_D129_foreground_dice,0.003,269,0.0025777054054054002,-0.0005682772972973034,0.006085127635135127,False,37,5,2000,20260716
D175_minus_D129_foreground_dice,0.003,270,0.0007945783783783775,-0.0019980506756756763,0.0035306987837837715,False,37,5,2000,20260716
D175_minus_D129_foreground_dice,0.003,271,0.0024533270270270242,-0.0010488624324324445,0.005270029256756753,False,37,5,2000,20260716
D175_minus_D129_foreground_dice,0.003,272,0.002507181081081078,0.0002591373648648699,0.004312939594594587,True,37,5,2000,20260716
D175_minus_D129_foreground_dice,0.003,273,0.00394513783783784,0.0015738367567567555,0.007188046959459443,True,37,5,2000,20260716
D175_minus_D129_foreground_dice,0.003,274,0.002259691891891893,-0.0011530451351351358,0.005588135405405398,False,37,5,2000,20260716
D175_minus_D129_foreground_dice,0.003,275,0.00275805405405406,-0.0013721584459459198,0.006760196621621615,False,37,5,2000,20260716
D175_minus_D129_foreground_dice,0.003,276,0.00427122432432432,0.0024945145270270272,0.006485409324324314,True,37,5,2000,20260716
D175_minus_D129_foreground_dice,0.003,277,0.004852667567567563,0.002500908040540532,0.007815667229729728,True,37,5,2000,20260716
D175_minus_D129_foreground_dice,0.003,278,0.0025650891891891956,0.00017120628378379342,0.004650948918918933,True,37,5,2000,20260716
D175_minus_D129_foreground_dice,0.003,279,0.004014848648648644,0.0005719165540540446,0.007789511081081069,True,37,5,2000,20260716
D175_minus_D129_foreground_dice,0.003,280,0.0030276513513513514,0.0014474015540540668,0.004764697094594601,True,37,5,2000,20260716
D175_minus_D129_foreground_dice,0.003,281,0.0036742459459459466,0.0013187939189189194,0.00583071358108108,True,37,5,2000,20260716
D175_minus_D129_foreground_dice,0.003,282,0.0031766594594594523,0.00048316635135134774,0.005852833918918907,True,37,5,2000,20260716
D175_minus_D129_foreground_dice,0.003,283,0.001289602702702702,-0.0020063293243243203,0.004500459256756751,False,37,5,2000,20260716
D175_minus_D129_foreground_dice,0.003,284,0.0011700405405405414,-0.0017305426351351242,0.003704204594594587,False,37,5,2000,20260716
D175_minus_D129_foreground_dice,0.003,285,-0.0004036081081080964,-0.004073590608108104,0.0027272097297297423,False,37,5,2000,20260716
D175_minus_D129_foreground_dice,0.003,286,0.0039820594594594605,0.0019923989189189256,0.005325034999999999,True,37,5,2000,20260716
D175_minus_D129_foreground_dice,0.003,287,0.0018838837837837862,-0.000826441216216208,0.004280815608108113,False,37,5,2000,20260716
D175_minus_D129_foreground_dice,0.003,288,0.002066851351351351,-0.00039807290540540367,0.003980505405405399,False,37,5,2000,20260716
D175_minus_D129_foreground_dice,0.003,289,0.004911237837837842,0.0036195279054054104,0.006751490405405392,True,37,5,2000,20260716
D175_minus_D129_foreground_dice,0.003,290,0.003151218918918917,0.0004183221621621664,0.005680761351351338,True,37,5,2000,20260716
D175_minus_D129_foreground_dice,0.003,291,0.003722035135135136,-1.8983040540544498e-05,0.007476773378378364,False,37,5,2000,20260716
D175_minus_D129_foreground_dice,0.003,292,0.00202098648648649,-0.00028128283783783914,0.0039279347297297325,False,37,5,2000,20260716
D175_minus_D129_foreground_dice,0.003,293,0.004996072972972966,0.0028871272297297385,0.007383977635135117,True,37,5,2000,20260716
D175_minus_D129_foreground_dice,0.003,294,0.0033676378378378357,0.0009537804054054022,0.0057987658108108,True,37,5,2000,20260716
D175_minus_D129_foreground_dice,0.003,295,0.0020346162162162167,-0.0012402034459459482,0.004789598648648654,False,37,5,2000,20260716
D175_minus_D129_foreground_dice,0.003,296,0.004954024324324318,0.002928262094594599,0.007385957905405392,True,37,5,2000,20260716
D175_minus_D129_foreground_dice,0.003,297,0.0029758621621621606,0.0005496876351351332,0.005292773243243241,True,37,5,2000,20260716
D175_minus_D129_foreground_dice,0.003,298,0.004333667567567567,0.002035227432432437,0.007058378783783772,True,37,5,2000,20260716
D175_minus_D129_foreground_dice,0.003,299,0.004614981081081079,0.0033732887162162078,0.00626762331081081,True,37,5,2000,20260716
D175_minus_D129_foreground_dice,0.005,0,0.005160959459459451,0.0031077612837837804,0.007116204999999994,True,37,5,2000,20260716
D175_minus_D129_foreground_dice,0.005,1,0.005539889189189195,0.003988708243243246,0.006957933918918925,True,37,5,2000,20260716
D175_minus_D129_foreground_dice,0.005,2,0.003869470270270277,0.00021483959459461593,0.007318820270270276,True,37,5,2000,20260716
D175_minus_D129_foreground_dice,0.005,3,0.003889797297297302,0.0017041605405405504,0.006262390945945953,True,37,5,2000,20260716
D175_minus_D129_foreground_dice,0.005,4,0.0034302945945945936,-0.00013687081081081363,0.00681769094594594,False,37,5,2000,20260716
D175_minus_D129_foreground_dice,0.005,5,0.004012705405405413,0.0014210252702702782,0.006671257297297293,True,37,5,2000,20260716
D175_minus_D129_foreground_dice,0.005,6,0.00466698648648648,0.0011356111486486252,0.007912567499999983,True,37,5,2000,20260716
D175_minus_D129_foreground_dice,0.005,7,0.005913956756756754,0.004098237770270265,0.008064273851351342,True,37,5,2000,20260716
D175_minus_D129_foreground_dice,0.005,8,0.005608808108108113,0.0025655022297297286,0.008597203445945943,True,37,5,2000,20260716
D175_minus_D129_foreground_dice,0.005,9,0.003327248648648649,-3.8584256756747016e-05,0.00603382236486485,False,37,5,2000,20260716
D175_minus_D129_foreground_dice,0.005,10,0.0065759756756756695,0.0037905354729729614,0.010077519864864857,True,37,5,2000,20260716
D175_minus_D129_foreground_dice,0.005,11,0.004022775675675675,0.0006078545270270218,0.00672485472972972,True,37,5,2000,20260716
D175_minus_D129_foreground_dice,0.005,12,0.004567486486486493,0.001727535405405416,0.0074900329729729745,True,37,5,2000,20260716
D175_minus_D129_foreground_dice,0.005,13,0.005393313513513513,0.003016476621621638,0.007765557635135133,True,37,5,2000,20260716
D175_minus_D129_foreground_dice,0.005,14,0.0036265972972973023,0.0006551586486486606,0.005912117905405407,True,37,5,2000,20260716
D175_minus_D129_foreground_dice,0.005,15,0.0071196837837837895,0.005535024662162176,0.009409224054054047,True,37,5,2000,20260716
D175_minus_D129_foreground_dice,0.005,16,0.005334494594594585,0.0023964558783783852,0.008668644121621605,True,37,5,2000,20260716
D175_minus_D129_foreground_dice,0.005,17,0.0049972945945945925,0.001872263986486494,0.007876947162162168,True,37,5,2000,20260716
D175_minus_D129_foreground_dice,0.005,18,0.005125197297297301,0.002665634391891901,0.007123646283783792,True,37,5,2000,20260716
D175_minus_D129_foreground_dice,0.005,19,0.0025626189189189206,-0.0001319008108108052,0.0048052408783783715,False,37,5,2000,20260716
D175_minus_D129_foreground_dice,0.005,20,0.0037426621621621655,0.0012618572297297364,0.005920755202702688,True,37,5,2000,20260716
D175_minus_D129_foreground_dice,0.005,21,0.006374905405405418,0.00400809290540543,0.009176029189189198,True,37,5,2000,20260716
D175_minus_D129_foreground_dice,0.005,22,0.004898283783783785,0.0031635667567567523,0.006540034864864862,True,37,5,2000,20260716
D175_minus_D129_foreground_dice,0.005,23,0.004561518918918919,0.0027818093918918958,0.005984165675675682,True,37,5,2000,20260716
D175_minus_D129_foreground_dice,0.005,24,0.005346781081081078,0.00324776837837838,0.007309414594594586,True,37,5,2000,20260716
D175_minus_D129_foreground_dice,0.005,25,0.004052645945945957,0.0015176320945946061,0.006088637567567579,True,37,5,2000,20260716
D175_minus_D129_foreground_dice,0.005,26,0.0035010918918918846,-0.00015658108108108134,0.006676237162162168,False,37,5,2000,20260716
D175_minus_D129_foreground_dice,0.005,27,0.0070998594594594636,0.004836235405405398,0.01030695182432434,True,37,5,2000,20260716
D175_minus_D129_foreground_dice,0.005,28,0.005352940540540543,0.002560668581081076,0.008505419054054055,True,37,5,2000,20260716
D175_minus_D129_foreground_dice,0.005,29,0.005250370270270265,0.003907938918918916,0.006588784864864854,True,37,5,2000,20260716
D175_minus_D129_foreground_dice,0.005,30,0.006150581081081073,0.0030779554054054083,0.009240207702702683,True,37,5,2000,20260716
D175_minus_D129_foreground_dice,0.005,31,0.004184427027027021,0.0013330130405405447,0.006375341148648648,True,37,5,2000,20260716
D175_minus_D129_foreground_dice,0.005,32,0.0037858270270270237,-0.0003942552027027154,0.007432338040540529,False,37,5,2000,20260716
D175_minus_D129_foreground_dice,0.005,33,0.004519535135135139,0.0022586724324324364,0.006550015878378381,True,37,5,2000,20260716
D175_minus_D129_foreground_dice,0.005,34,0.0066345756756756745,0.0035343045270270273,0.009663379459459444,True,37,5,2000,20260716
D175_minus_D129_foreground_dice,0.005,35,0.0062568864864864845,0.004210239729729733,0.00855411905405406,True,37,5,2000,20260716
D175_minus_D129_foreground_dice,0.005,36,0.003256637837837837,-0.0007704627702702665,0.006815746283783777,False,37,5,2000,20260716
D175_minus_D129_foreground_dice,0.005,37,0.006080386486486483,0.0032390514864864954,0.008351379932432424,True,37,5,2000,20260716
D175_minus_D129_foreground_dice,0.005,38,0.0034349756756756836,-5.595878378377891e-05,0.00672338770270271,False,37,5,2000,20260716
D175_minus_D129_foreground_dice,0.005,39,0.004624572972972981,0.002672374054054071,0.00621939777027027,True,37,5,2000,20260716
D175_minus_D129_foreground_dice,0.005,40,0.006159062162162166,0.004289779189189199,0.00796216425675675,True,37,5,2000,20260716
D175_minus_D129_foreground_dice,0.005,41,0.00557689189189188,0.0020950129054054007,0.009272557770270248,True,37,5,2000,20260716
D175_minus_D129_foreground_dice,0.005,42,0.004482602702702709,0.0019651764864864847,0.006694622229729737,True,37,5,2000,20260716
D175_minus_D129_foreground_dice,0.005,43,0.006401781081081086,0.004332738648648666,0.00864900662162162,True,37,5,2000,20260716
D175_minus_D129_foreground_dice,0.005,44,0.004652989189189194,0.0015233523648648716,0.007322004054054053,True,37,5,2000,20260716
D175_minus_D129_foreground_dice,0.005,45,0.004055864864864879,0.0007874543243243429,0.007492400608108116,True,37,5,2000,20260716
D175_minus_D129_foreground_dice,0.005,46,0.0034679918918918934,-0.00024853202702702313,0.006701847162162171,False,37,5,2000,20260716
D175_minus_D129_foreground_dice,0.005,47,0.0039456648648648635,5.1475405405403405e-05,0.007660039594594591,True,37,5,2000,20260716
D175_minus_D129_foreground_dice,0.005,48,0.0037351351351351536,0.0007973198648648769,0.006714808581081096,True,37,5,2000,20260716
D175_minus_D129_foreground_dice,0.005,49,0.005657021621621619,0.0029382203378378467,0.0083706354054054,True,37,5,2000,20260716
D175_minus_D129_foreground_dice,0.005,50,0.00433615945945945,0.0016268614864864755,0.006739811891891884,True,37,5,2000,20260716
D175_minus_D129_foreground_dice,0.005,51,0.00677205135135135,0.00467318912162161,0.008914245405405391,True,37,5,2000,20260716
D175_minus_D129_foreground_dice,0.005,52,0.002501391891891905,-0.0008543920270270011,0.005494810675675675,False,37,5,2000,20260716
D175_minus_D129_foreground_dice,0.005,53,0.0038205459459459447,0.001893422432432431,0.00549158418918918,True,37,5,2000,20260716
D175_minus_D129_foreground_dice,0.005,54,0.005459440540540545,0.0034775002702702833,0.007399966621621619,True,37,5,2000,20260716
D175_minus_D129_foreground_dice,0.005,55,0.002414991891891894,-0.0007660847297297275,0.004751113513513515,False,37,5,2000,20260716
D175_minus_D129_foreground_dice,0.005,56,0.003716424324324326,0.0012938931756756847,0.005859349189189185,True,37,5,2000,20260716
D175_minus_D129_foreground_dice,0.005,57,0.005508018918918926,0.00343349885135137,0.007582493986486497,True,37,5,2000,20260716
D175_minus_D129_foreground_dice,0.005,58,0.0060246162162162185,0.003402195810810829,0.00870016844594595,True,37,5,2000,20260716
D175_minus_D129_foreground_dice,0.005,59,0.006054364864864863,0.004759981351351344,0.007429736283783788,True,37,5,2000,20260716
D175_minus_D129_foreground_dice,0.005,60,0.0027877702702702742,-0.0008504225675675604,0.005720152027027028,False,37,5,2000,20260716
D175_minus_D129_foreground_dice,0.005,61,0.005657748648648649,0.0027819520945946033,0.00910975763513513,True,37,5,2000,20260716
D175_minus_D129_foreground_dice,0.005,62,0.004734913513513522,0.002094037094594592,0.0072470377702702786,True,37,5,2000,20260716
D175_minus_D129_foreground_dice,0.005,63,0.00399096486486487,0.000778601554054061,0.0069501142567567585,True,37,5,2000,20260716
D175_minus_D129_foreground_dice,0.005,64,0.0077242459459459425,0.005662836891891893,0.009926450743243226,True,37,5,2000,20260716
D175_minus_D129_foreground_dice,0.005,65,0.0035625675675675732,0.0005776467567567671,0.00580327763513514,True,37,5,2000,20260716
D175_minus_D129_foreground_dice,0.005,66,0.0033270729729729816,0.0011081192567567598,0.005075191283783793,True,37,5,2000,20260716
D175_minus_D129_foreground_dice,0.005,67,0.004023254054054055,0.0012198753378378385,0.006434973108108098,True,37,5,2000,20260716
D175_minus_D129_foreground_dice,0.005,68,0.005673032432432432,0.003306809459459462,0.007930766621621626,True,37,5,2000,20260716
D175_minus_D129_foreground_dice,0.005,69,0.005957645945945958,0.0016340787837838045,0.010353473175675677,True,37,5,2000,20260716
D175_minus_D129_foreground_dice,0.005,70,0.004873835135135148,0.002329559594594606,0.007024095135135154,True,37,5,2000,20260716
D175_minus_D129_foreground_dice,0.005,71,0.00620239729729729,0.004503143648648653,0.00830064337837837,True,37,5,2000,20260716
D175_minus_D129_foreground_dice,0.005,72,0.005382500000000001,0.002613312162162159,0.008378150945945946,True,37,5,2000,20260716
D175_minus_D129_foreground_dice,0.005,73,0.005436467567567562,0.003652158310810821,0.006931115405405394,True,37,5,2000,20260716
D175_minus_D129_foreground_dice,0.005,74,0.0038087405405405413,0.00097111331081081,0.006299144189189193,True,37,5,2000,20260716
D175_minus_D129_foreground_dice,0.005,75,0.0031442891891891867,0.00028743999999999845,0.005537914729729724,True,37,5,2000,20260716
D175_minus_D129_foreground_dice,0.005,76,0.00797795675675675,0.005911417837837828,0.0106125697972973,True,37,5,2000,20260716
D175_minus_D129_foreground_dice,0.005,77,0.00596386756756757,0.0033085197297297374,0.008795222027027025,True,37,5,2000,20260716
D175_minus_D129_foreground_dice,0.005,78,0.006065618918918909,0.004211835270270256,0.008153987297297289,True,37,5,2000,20260716
D175_minus_D129_foreground_dice,0.005,79,0.0048005486486486495,0.003071623378378373,0.006545279324324323,True,37,5,2000,20260716
D175_minus_D129_foreground_dice,0.005,80,0.005967189189189182,0.0032909964189189065,0.008597028851351348,True,37,5,2000,20260716
D175_minus_D129_foreground_dice,0.005,81,0.006700508108108102,0.0036763649999999957,0.010151726216216208,True,37,5,2000,20260716
D175_minus_D129_foreground_dice,0.005,82,0.0037368189189189243,0.0016250307432432644,0.0056956526351351336,True,37,5,2000,20260716
D175_minus_D129_foreground_dice,0.005,83,0.003861981081081078,9.293858108107706e-05,0.007232977837837835,True,37,5,2000,20260716
D175_minus_D129_foreground_dice,0.005,84,0.006626102702702713,0.004514441824324338,0.009247183243243246,True,37,5,2000,20260716
D175_minus_D129_foreground_dice,0.005,85,0.004953835135135137,0.002235776148648654,0.007327963378378373,True,37,5,2000,20260716
D175_minus_D129_foreground_dice,0.005,86,0.006385759459459443,0.0036641237162162044,0.009305119527027002,True,37,5,2000,20260716
D175_minus_D129_foreground_dice,0.005,87,0.004670583783783792,0.0014123282432432418,0.007273086824324325,True,37,5,2000,20260716
D175_minus_D129_foreground_dice,0.005,88,0.005399627027027027,0.003887262972972985,0.006917014999999995,True,37,5,2000,20260716
D175_minus_D129_foreground_dice,0.005,89,0.005611172972972971,0.003180297635135132,0.007723509999999992,True,37,5,2000,20260716
D175_minus_D129_foreground_dice,0.005,90,0.005817327027027022,0.00414197027027026,0.007692504054054045,True,37,5,2000,20260716
D175_minus_D129_foreground_dice,0.005,91,0.005474743243243246,0.004359716148648645,0.0065062027027027,True,37,5,2000,20260716
D175_minus_D129_foreground_dice,0.005,92,0.005983556756756766,0.002576708378378384,0.009308776418918932,True,37,5,2000,20260716
D175_minus_D129_foreground_dice,0.005,93,0.004978529729729738,0.001590846148648652,0.008356039256756763,True,37,5,2000,20260716
D175_minus_D129_foreground_dice,0.005,94,0.004276054054054053,0.0014892112837837832,0.006874944999999996,True,37,5,2000,20260716
D175_minus_D129_foreground_dice,0.005,95,0.004997654054054048,0.003450001013513523,0.006616706216216205,True,37,5,2000,20260716
D175_minus_D129_foreground_dice,0.005,96,0.0043026567567567555,0.0018285944594594586,0.00629074391891892,True,37,5,2000,20260716
D175_minus_D129_foreground_dice,0.005,97,0.0048140027027026916,0.0024224936486486426,0.0065694052702702545,True,37,5,2000,20260716
D175_minus_D129_foreground_dice,0.005,98,0.003896397297297303,0.0016627937837837994,0.006009583581081096,True,37,5,2000,20260716
D175_minus_D129_foreground_dice,0.005,99,0.0031919324324324394,0.0007362560810810932,0.0051830806081081034,True,37,5,2000,20260716
D175_minus_D129_foreground_dice,0.005,100,0.004381081081081081,0.0016605776351351373,0.006648579527027021,True,37,5,2000,20260716
D175_minus_D129_foreground_dice,0.005,101,0.0050403054054054,0.00228071864864865,0.0073396424324324175,True,37,5,2000,20260716
D175_minus_D129_foreground_dice,0.005,102,0.004779143243243254,0.0016592435135135268,0.008173521689189193,True,37,5,2000,20260716
D175_minus_D129_foreground_dice,0.005,103,0.005709489189189193,0.0027610085135135205,0.008747152027027024,True,37,5,2000,20260716
D175_minus_D129_foreground_dice,0.005,104,0.0069099972972973,0.005204290540540547,0.009391969594594592,True,37,5,2000,20260716
D175_minus_D129_foreground_dice,0.005,105,0.003054351351351348,-0.0005785064864864961,0.00628230101351351,False,37,5,2000,20260716
D175_minus_D129_foreground_dice,0.005,106,0.005999378378378369,0.002632287229729732,0.009362028243243236,True,37,5,2000,20260716
D175_minus_D129_foreground_dice,0.005,107,0.0050058162162162165,0.002583346891891895,0.007365803513513501,True,37,5,2000,20260716
D175_minus_D129_foreground_dice,0.005,108,0.0057328135135135076,0.003282707770270272,0.008335095135135124,True,37,5,2000,20260716
D175_minus_D129_foreground_dice,0.005,109,0.004779829729729736,0.0019967696621621717,0.007312770743243248,True,37,5,2000,20260716
D175_minus_D129_foreground_dice,0.005,110,0.007416629729729728,0.004076037432432443,0.011313661351351352,True,37,5,2000,20260716
D175_minus_D129_foreground_dice,0.005,111,0.0046141999999999945,0.002579092702702699,0.006207684459459453,True,37,5,2000,20260716
D175_minus_D129_foreground_dice,0.005,112,0.004454097297297295,0.0019057841891891789,0.007205898378378365,True,37,5,2000,20260716
D175_minus_D129_foreground_dice,0.005,113,0.002864964864864869,-0.0005501991891891819,0.005713899999999996,False,37,5,2000,20260716
D175_minus_D129_foreground_dice,0.005,114,0.005593689189189186,0.003962797027027029,0.007493741351351342,True,37,5,2000,20260716
D175_minus_D129_foreground_dice,0.005,115,0.0031324486486486486,-0.0007542345945945802,0.0062439881081081,False,37,5,2000,20260716
D175_minus_D129_foreground_dice,0.005,116,0.0051941648648648735,0.002102165000000002,0.00823793472972973,True,37,5,2000,20260716
D175_minus_D129_foreground_dice,0.005,117,0.006819932432432432,0.005345936013513506,0.008574778783783791,True,37,5,2000,20260716
D175_minus_D129_foreground_dice,0.005,118,0.0075067918918918985,0.004222017229729748,0.011138745945945945,True,37,5,2000,20260716
D175_minus_D129_foreground_dice,0.005,119,0.005173408108108107,0.0029879479729729695,0.00691125135135135,True,37,5,2000,20260716
D175_minus_D129_foreground_dice,0.005,120,0.006614867567567562,0.005535459054054057,0.008177457027027013,True,37,5,2000,20260716
D175_minus_D129_foreground_dice,0.005,121,0.004538575675675683,0.0022781447297297334,0.006714939391891882,True,37,5,2000,20260716
D175_minus_D129_foreground_dice,0.005,122,0.005811681081081073,0.00412198418918919,0.007385372567567556,True,37,5,2000,20260716
D175_minus_D129_foreground_dice,0.005,123,0.005499948648648641,0.0032956854729729737,0.007773487364864857,True,37,5,2000,20260716
D175_minus_D129_foreground_dice,0.005,124,0.0044000810810810856,0.0017916781081081235,0.006471340675675672,True,37,5,2000,20260716
D175_minus_D129_foreground_dice,0.005,125,0.004508813513513511,0.0031491495945945927,0.005711002162162137,True,37,5,2000,20260716
D175_minus_D129_foreground_dice,0.005,126,0.005971154054054051,0.0038543475000000016,0.00845233966216216,True,37,5,2000,20260716
D175_minus_D129_foreground_dice,0.005,127,0.0036192648648648625,0.00044534277027026727,0.006364225878378363,True,37,5,2000,20260716
D175_minus_D129_foreground_dice,0.005,128,0.0060382108108108104,0.0029708838513513598,0.00877747844594595,True,37,5,2000,20260716
D175_minus_D129_foreground_dice,0.005,129,0.004742575675675675,0.0021015552027027046,0.0067680764864864905,True,37,5,2000,20260716
D175_minus_D129_foreground_dice,0.005,130,0.005189513513513517,0.0030833370945945893,0.007001876756756752,True,37,5,2000,20260716
D175_minus_D129_foreground_dice,0.005,131,0.007310299999999993,0.0046496154729729795,0.010516170270270247,True,37,5,2000,20260716
D175_minus_D129_foreground_dice,0.005,132,0.005193613513513519,0.003334658175675679,0.007265475945945963,True,37,5,2000,20260716
D175_minus_D129_foreground_dice,0.005,133,0.006374537837837835,0.005013623783783767,0.00826973959459457,True,37,5,2000,20260716
D175_minus_D129_foreground_dice,0.005,134,0.004461586486486488,0.0018359082432432455,0.0072474185135135046,True,37,5,2000,20260716
D175_minus_D129_foreground_dice,0.005,135,0.003797397297297302,0.0009668032432432574,0.00618446797297297,True,37,5,2000,20260716
D175_minus_D129_foreground_dice,0.005,136,0.005867167567567563,0.002396374729729734,0.00928592459459458,True,37,5,2000,20260716
D175_minus_D129_foreground_dice,0.005,137,0.004320875675675677,0.0014794391891891883,0.007740922499999996,True,37,5,2000,20260716
D175_minus_D129_foreground_dice,0.005,138,0.004995391891891891,0.0032751890540540507,0.006465732027027028,True,37,5,2000,20260716
D175_minus_D129_foreground_dice,0.005,139,0.0022097864864864805,-0.001439414594594605,0.005535480540540531,False,37,5,2000,20260716
D175_minus_D129_foreground_dice,0.005,140,0.004476529729729727,0.001375131013513515,0.006995982770270272,True,37,5,2000,20260716
D175_minus_D129_foreground_dice,0.005,141,0.005054810810810813,0.0024474439864864916,0.007916071824324316,True,37,5,2000,20260716
D175_minus_D129_foreground_dice,0.005,142,0.006105499999999993,0.004163485337837832,0.007853162229729723,True,37,5,2000,20260716
D175_minus_D129_foreground_dice,0.005,143,0.004252035135135144,0.001284393918918927,0.007019126013513527,True,37,5,2000,20260716
D175_minus_D129_foreground_dice,0.005,144,0.006808813513513512,0.005455363581081087,0.008706556418918916,True,37,5,2000,20260716
D175_minus_D129_foreground_dice,0.005,145,0.006180416216216212,0.0033624382432432378,0.009470497094594573,True,37,5,2000,20260716
D175_minus_D129_foreground_dice,0.005,146,0.0051765702702702724,0.001538362567567572,0.008926911013513516,True,37,5,2000,20260716
D175_minus_D129_foreground_dice,0.005,147,0.004512016216216216,0.0014034208783783812,0.007002162094594605,True,37,5,2000,20260716
D175_minus_D129_foreground_dice,0.005,148,0.005743578378378372,0.003121069932432422,0.008062640472972966,True,37,5,2000,20260716
D175_minus_D129_foreground_dice,0.005,149,0.006016340540540534,0.0046346308783783655,0.007168028040540527,True,37,5,2000,20260716
D175_minus_D129_foreground_dice,0.005,150,0.006193024324324323,0.0048970049999999985,0.007991009054054048,True,37,5,2000,20260716
D175_minus_D129_foreground_dice,0.005,151,0.006496716216216211,0.004736813716216216,0.008463592972972955,True,37,5,2000,20260716
D175_minus_D129_foreground_dice,0.005,152,0.004132454054054057,0.0015144104054054073,0.00676228459459458,True,37,5,2000,20260716
D175_minus_D129_foreground_dice,0.005,153,0.006648667567567563,0.0050690147297297265,0.008624618851351344,True,37,5,2000,20260716
D175_minus_D129_foreground_dice,0.005,154,0.004802486486486508,0.002558312770270282,0.006745802432432458,True,37,5,2000,20260716
D175_minus_D129_foreground_dice,0.005,155,0.005462705405405405,0.0018155177027027066,0.009112965810810803,True,37,5,2000,20260716
D175_minus_D129_foreground_dice,0.005,156,0.0034819621621621707,-0.00023990925675672573,0.006902621891891896,False,37,5,2000,20260716
D175_minus_D129_foreground_dice,0.005,157,0.003737894594594599,0.0003381938513513648,0.006673206351351352,True,37,5,2000,20260716
D175_minus_D129_foreground_dice,0.005,158,0.005676045945945946,0.0028763545270270256,0.008024575270270264,True,37,5,2000,20260716
D175_minus_D129_foreground_dice,0.005,159,0.005043099999999999,0.0015630414189189252,0.007949564189189193,True,37,5,2000,20260716
D175_minus_D129_foreground_dice,0.005,160,0.006637767567567571,0.0039231706756756805,0.009555378243243241,True,37,5,2000,20260716
D175_minus_D129_foreground_dice,0.005,161,0.0068610405405405426,0.005183381554054058,0.008962552500000007,True,37,5,2000,20260716
D175_minus_D129_foreground_dice,0.005,162,0.003081872972972976,-0.00043965695945945933,0.005908019999999994,False,37,5,2000,20260716
D175_minus_D129_foreground_dice,0.005,163,0.005802327027027024,0.003764278783783777,0.007704673918918921,True,37,5,2000,20260716
D175_minus_D129_foreground_dice,0.005,164,0.003863727027027043,0.001334243918918947,0.005742244594594592,True,37,5,2000,20260716
D175_minus_D129_foreground_dice,0.005,165,0.005634178378378382,0.002961790878378394,0.008093615202702718,True,37,5,2000,20260716
D175_minus_D129_foreground_dice,0.005,166,0.005100197297297296,0.0019731195270270303,0.00817975027027027,True,37,5,2000,20260716
D175_minus_D129_foreground_dice,0.005,167,0.004410548648648654,0.0010565307432432506,0.007438870270270283,True,37,5,2000,20260716
D175_minus_D129_foreground_dice,0.005,168,0.004960505405405409,0.002513052229729724,0.007218930675675677,True,37,5,2000,20260716
D175_minus_D129_foreground_dice,0.005,169,0.0037743351351351394,0.00126299858108109,0.005677457027027029,True,37,5,2000,20260716
D175_minus_D129_foreground_dice,0.005,170,0.006927070270270268,0.003940918175675683,0.009773154729729725,True,37,5,2000,20260716
D175_minus_D129_foreground_dice,0.005,171,0.003933229729729737,0.002012453040540553,0.0059548959459459466,True,37,5,2000,20260716
D175_minus_D129_foreground_dice,0.005,172,0.0057555918918918885,0.0030100870270270324,0.008570693243243235,True,37,5,2000,20260716
D175_minus_D129_foreground_dice,0.005,173,0.005900570270270269,0.003587910270270274,0.008067471351351337,True,37,5,2000,20260716
D175_minus_D129_foreground_dice,0.005,174,0.005365940540540541,0.0036885029729729715,0.007315757027027021,True,37,5,2000,20260716
D175_minus_D129_foreground_dice,0.005,175,0.0069299270270270176,0.004950971216216208,0.009529874189189186,True,37,5,2000,20260716
D175_minus_D129_foreground_dice,0.005,176,0.005838837837837829,0.0037816085810810814,0.008521909662162135,True,37,5,2000,20260716
D175_minus_D129_foreground_dice,0.005,177,0.005068878378378377,0.0018261694594594654,0.007993190540540523,True,37,5,2000,20260716
D175_minus_D129_foreground_dice,0.005,178,0.0037540243243243347,0.0005687085135135128,0.006720373851351345,True,37,5,2000,20260716
D175_minus_D129_foreground_dice,0.005,179,0.005041559459459458,0.002914937702702714,0.00757403959459459,True,37,5,2000,20260716
D175_minus_D129_foreground_dice,0.005,180,0.006911416216216211,0.004672178310810815,0.010113579594594574,True,37,5,2000,20260716
D175_minus_D129_foreground_dice,0.005,181,0.00523696756756757,0.003849893243243246,0.0066156139864864865,True,37,5,2000,20260716
D175_minus_D129_foreground_dice,0.005,182,0.006676686486486487,0.0050132121621621634,0.008663733716216208,True,37,5,2000,20260716
D175_minus_D129_foreground_dice,0.005,183,0.004818264864864857,0.001984565067567568,0.007636592702702694,True,37,5,2000,20260716
D175_minus_D129_foreground_dice,0.005,184,0.006052272972972967,0.0027358451351351303,0.009849097297297287,True,37,5,2000,20260716
D175_minus_D129_foreground_dice,0.005,185,0.002040710810810819,-0.0015036951351351244,0.005268512567567563,False,37,5,2000,20260716
D175_minus_D129_foreground_dice,0.005,186,0.0057273972972973,0.004081070067567575,0.007318583783783773,True,37,5,2000,20260716
D175_minus_D129_foreground_dice,0.005,187,0.003602083783783783,0.0009077727702702686,0.005841658445945946,True,37,5,2000,20260716
D175_minus_D129_foreground_dice,0.005,188,0.004661154054054055,0.0013659682432432475,0.007657683378378373,True,37,5,2000,20260716
D175_minus_D129_foreground_dice,0.005,189,0.006133586486486488,0.004378371756756767,0.008128364594594593,True,37,5,2000,20260716
D175_minus_D129_foreground_dice,0.005,190,0.006194921621621615,0.0052305502702702615,0.007221881351351336,True,37,5,2000,20260716
D175_minus_D129_foreground_dice,0.005,191,0.0034018378378378356,0.0005546986486486363,0.005730392770270264,True,37,5,2000,20260716
D175_minus_D129_foreground_dice,0.005,192,0.004782978378378393,0.0031731747297297466,0.006441511013513537,True,37,5,2000,20260716
D175_minus_D129_foreground_dice,0.005,193,0.0016629621621621642,-0.001685616081081075,0.00482444385135134,False,37,5,2000,20260716
D175_minus_D129_foreground_dice,0.005,194,0.0043308567567567615,0.0006903387162162206,0.008587872635135135,True,37,5,2000,20260716
D175_minus_D129_foreground_dice,0.005,195,0.003172602702702697,-0.0008480859459459568,0.0065465367567567444,False,37,5,2000,20260716
D175_minus_D129_foreground_dice,0.005,196,0.005365910810810806,0.0021428435135135105,0.00854455716216216,True,37,5,2000,20260716
D175_minus_D129_foreground_dice,0.005,197,0.004636118918918922,0.0014669575675675744,0.008266996689189196,True,37,5,2000,20260716
D175_minus_D129_foreground_dice,0.005,198,0.006600183783783779,0.0037421647297297285,0.009376626824324328,True,37,5,2000,20260716
D175_minus_D129_foreground_dice,0.005,199,0.006009927027027021,0.003169884054054053,0.008633179054054047,True,37,5,2000,20260716
D175_minus_D129_foreground_dice,0.005,200,0.0045700540540540464,0.002313520135135124,0.006706896959459434,True,37,5,2000,20260716
D175_minus_D129_foreground_dice,0.005,201,0.006225478378378375,0.004159379256756759,0.008247005743243227,True,37,5,2000,20260716
D175_minus_D129_foreground_dice,0.005,202,0.005728743243243247,0.0037145721621621632,0.007995285000000003,True,37,5,2000,20260716
D175_minus_D129_foreground_dice,0.005,203,0.004237640540540539,0.0010981030405405336,0.007026287972972964,True,37,5,2000,20260716
D175_minus_D129_foreground_dice,0.005,204,0.005075894594594599,0.0023347962837837787,0.007489821148648651,True,37,5,2000,20260716
D175_minus_D129_foreground_dice,0.005,205,0.004413183783783784,0.0015759175000000009,0.006932274594594597,True,37,5,2000,20260716
D175_minus_D129_foreground_dice,0.005,206,0.004594494594594599,0.0025435014189189357,0.006531856351351344,True,37,5,2000,20260716
D175_minus_D129_foreground_dice,0.005,207,0.005967040540540546,0.004110274324324331,0.007891295810810814,True,37,5,2000,20260716
D175_minus_D129_foreground_dice,0.005,208,0.004522570270270271,0.0014111991216216207,0.007307386148648632,True,37,5,2000,20260716
D175_minus_D129_foreground_dice,0.005,209,0.008764086486486486,0.006211524729729727,0.011928593851351348,True,37,5,2000,20260716
D175_minus_D129_foreground_dice,0.005,210,0.004639359459459454,0.0027189641891891925,0.006806646283783766,True,37,5,2000,20260716
D175_minus_D129_foreground_dice,0.005,211,0.005388397297297287,0.0030598032432432387,0.007435229864864844,True,37,5,2000,20260716
D175_minus_D129_foreground_dice,0.005,212,0.00650308918918919,0.0038175388513513606,0.00931406385135135,True,37,5,2000,20260716
D175_minus_D129_foreground_dice,0.005,213,0.005418324324324322,0.002932276148648656,0.008139025540540537,True,37,5,2000,20260716
D175_minus_D129_foreground_dice,0.005,214,0.00798368648648648,0.004828573648648632,0.01142966736486486,True,37,5,2000,20260716
D175_minus_D129_foreground_dice,0.005,215,0.0031480837837837873,-4.371986486485738e-05,0.0061949878378378355,False,37,5,2000,20260716
D175_minus_D129_foreground_dice,0.005,216,0.005205527027027017,0.0026989531081081067,0.007870047905405377,True,37,5,2000,20260716
D175_minus_D129_foreground_dice,0.005,217,0.0056604324324324275,0.003162057229729726,0.007976537027027018,True,37,5,2000,20260716
D175_minus_D129_foreground_dice,0.005,218,0.005209594594594604,0.003009170540540559,0.007495395337837867,True,37,5,2000,20260716
D175_minus_D129_foreground_dice,0.005,219,0.0043914729729729735,0.0018845660135135107,0.0069278493243243216,True,37,5,2000,20260716
D175_minus_D129_foreground_dice,0.005,220,0.005100570270270277,0.002509791959459475,0.0075563728378378325,True,37,5,2000,20260716
D175_minus_D129_foreground_dice,0.005,221,0.004983751351351355,0.0025491042567567664,0.007443924527027043,True,37,5,2000,20260716
D175_minus_D129_foreground_dice,0.005,222,0.0054301432432432494,0.0029979791216216303,0.007609433175675681,True,37,5,2000,20260716
D175_minus_D129_foreground_dice,0.005,223,0.004936078378378378,0.0025685102027027083,0.006847701148648651,True,37,5,2000,20260716
D175_minus_D129_foreground_dice,0.005,224,0.004510989189189191,0.0007422209459459532,0.0078768904054054,True,37,5,2000,20260716
D175_minus_D129_foreground_dice,0.005,225,0.0066201405405405395,0.004120906216216223,0.009217387702702695,True,37,5,2000,20260716
D175_minus_D129_foreground_dice,0.005,226,0.004963175675675683,0.003183348918918928,0.006756903445945943,True,37,5,2000,20260716
D175_minus_D129_foreground_dice,0.005,227,0.005771891891891895,0.0026207685810810915,0.009203761351351352,True,37,5,2000,20260716
D175_minus_D129_foreground_dice,0.005,228,0.003492343243243242,-4.1478716216219475e-05,0.006209157162162162,False,37,5,2000,20260716
D175_minus_D129_foreground_dice,0.005,229,0.0034197054054054057,-0.0007263492567567397,0.006940978175675666,False,37,5,2000,20260716
D175_minus_D129_foreground_dice,0.005,230,0.0027008891891891927,-0.0004183387837837681,0.005377070270270269,False,37,5,2000,20260716
D175_minus_D129_foreground_dice,0.005,231,0.006621683783783777,0.00414448054054055,0.009582413648648638,True,37,5,2000,20260716
D175_minus_D129_foreground_dice,0.005,232,0.005551654054054062,0.0033884027702702686,0.008288053986486486,True,37,5,2000,20260716
D175_minus_D129_foreground_dice,0.005,233,0.004976048648648657,0.0022286710135135416,0.007815922837837828,True,37,5,2000,20260716
D175_minus_D129_foreground_dice,0.005,234,0.004723100000000007,0.0023750793243243343,0.0070008341891891965,True,37,5,2000,20260716
D175_minus_D129_foreground_dice,0.005,235,0.003744808108108103,9.948364864864351e-05,0.007046636689189171,True,37,5,2000,20260716
D175_minus_D129_foreground_dice,0.005,236,0.00408841621621622,0.0014400421621621785,0.006816230135135145,True,37,5,2000,20260716
D175_minus_D129_foreground_dice,0.005,237,0.0067779567567567605,0.005223801351351365,0.009016770810810827,True,37,5,2000,20260716
D175_minus_D129_foreground_dice,0.005,238,0.004300981081081091,0.0013844684459459488,0.007318522770270269,True,37,5,2000,20260716
D175_minus_D129_foreground_dice,0.005,239,0.005528799999999994,0.0028645331081080965,0.008110306554054057,True,37,5,2000,20260716
D175_minus_D129_foreground_dice,0.005,240,0.006036402702702704,0.004046107297297309,0.008259593986486494,True,37,5,2000,20260716
D175_minus_D129_foreground_dice,0.005,241,0.005234981081081089,0.0036235665540540764,0.006603212972972992,True,37,5,2000,20260716
D175_minus_D129_foreground_dice,0.005,242,0.0047074486486486525,0.002153198513513517,0.0070258753378378445,True,37,5,2000,20260716
D175_minus_D129_foreground_dice,0.005,243,0.005682389189189191,0.004371026621621613,0.006919643040540536,True,37,5,2000,20260716
D175_minus_D129_foreground_dice,0.005,244,0.005546013513513505,0.0032679912162162247,0.007917635202702696,True,37,5,2000,20260716
D175_minus_D129_foreground_dice,0.005,245,0.005485799999999997,0.0037342906756756777,0.007632246689189172,True,37,5,2000,20260716
D175_minus_D129_foreground_dice,0.005,246,0.005894789189189197,0.003902151216216218,0.008191558716216223,True,37,5,2000,20260716
D175_minus_D129_foreground_dice,0.005,247,0.0037684567567567596,0.0006517326351351364,0.006237499189189189,True,37,5,2000,20260716
D175_minus_D129_foreground_dice,0.005,248,0.004460797297297296,0.0015946031081081006,0.0071793779054054,True,37,5,2000,20260716
D175_minus_D129_foreground_dice,0.005,249,0.007234948648648656,0.00533573783783785,0.009738672364864873,True,37,5,2000,20260716
D175_minus_D129_foreground_dice,0.005,250,0.007835632432432425,0.005948812432432428,0.010214865675675661,True,37,5,2000,20260716
D175_minus_D129_foreground_dice,0.005,251,0.0050099702702702765,0.002888369256756769,0.007353017702702712,True,37,5,2000,20260716
D175_minus_D129_foreground_dice,0.005,252,0.001374570270270274,-0.0021222140540540406,0.004198073918918915,False,37,5,2000,20260716
D175_minus_D129_foreground_dice,0.005,253,0.0054577945945945994,0.00314285331081081,0.00774198641891891,True,37,5,2000,20260716
D175_minus_D129_foreground_dice,0.005,254,0.004522072972972969,0.0010354170945945926,0.008100441621621615,True,37,5,2000,20260716
D175_minus_D129_foreground_dice,0.005,255,0.005168218918918923,0.003922891756756769,0.0062259113513513644,True,37,5,2000,20260716
D175_minus_D129_foreground_dice,0.005,256,0.005072224324324326,0.0025617500000000067,0.0068916777702702735,True,37,5,2000,20260716
D175_minus_D129_foreground_dice,0.005,257,0.005367354054054057,0.002895967972972983,0.007444611756756751,True,37,5,2000,20260716
D175_minus_D129_foreground_dice,0.005,258,0.007157902702702692,0.004256418648648641,0.009828589189189175,True,37,5,2000,20260716
D175_minus_D129_foreground_dice,0.005,259,0.005683732432432431,0.002749817499999999,0.008076422229729709,True,37,5,2000,20260716
D175_minus_D129_foreground_dice,0.005,260,0.005736267567567567,0.0028834685135135244,0.008377036554054047,True,37,5,2000,20260716
D175_minus_D129_foreground_dice,0.005,261,0.005757527027027023,0.0038094645945945917,0.007767762770270273,True,37,5,2000,20260716
D175_minus_D129_foreground_dice,0.005,262,0.00494984324324324,0.0023838308108108013,0.0070626921621621585,True,37,5,2000,20260716
D175_minus_D129_foreground_dice,0.005,263,0.004258591891891883,0.0007673574324324264,0.007040681216216205,True,37,5,2000,20260716
D175_minus_D129_foreground_dice,0.005,264,0.005656829729729726,0.004334776486486486,0.0072650302027027,True,37,5,2000,20260716
D175_minus_D129_foreground_dice,0.005,265,0.006844827027027021,0.004519060472972979,0.009500504932432421,True,37,5,2000,20260716
D175_minus_D129_foreground_dice,0.005,266,0.004618813513513512,0.0016964362162162076,0.0074991989864864935,True,37,5,2000,20260716
D175_minus_D129_foreground_dice,0.005,267,0.002851537837837843,-0.0005181693243243155,0.005892632297297311,False,37,5,2000,20260716
D175_minus_D129_foreground_dice,0.005,268,0.005931751351351348,0.004095861959459457,0.008523882837837825,True,37,5,2000,20260716
D175_minus_D129_foreground_dice,0.005,269,0.00564737567567567,0.003734274054054048,0.007704054256756752,True,37,5,2000,20260716
D175_minus_D129_foreground_dice,0.005,270,0.009052064864864852,0.005314637702702692,0.012904618040540512,True,37,5,2000,20260716
D175_minus_D129_foreground_dice,0.005,271,0.005845913513513511,0.0026750570945945954,0.00902928885135135,True,37,5,2000,20260716
D175_minus_D129_foreground_dice,0.005,272,0.0057147837837837785,0.0029764964189189116,0.0076514368243243164,True,37,5,2000,20260716
D175_minus_D129_foreground_dice,0.005,273,0.004207927027027028,0.00031876364864865303,0.007785896689189188,True,37,5,2000,20260716
D175_minus_D129_foreground_dice,0.005,274,0.0030110621621621536,-0.00033283148648650333,0.005659351959459442,False,37,5,2000,20260716
D175_minus_D129_foreground_dice,0.005,275,0.004217564864864865,0.0015691181081081095,0.00646700256756757,True,37,5,2000,20260716
D175_minus_D129_foreground_dice,0.005,276,0.007567081081081075,0.004087539527027029,0.011303366554054037,True,37,5,2000,20260716
D175_minus_D129_foreground_dice,0.005,277,0.0051832999999999905,0.002179807027027025,0.008436581081081064,True,37,5,2000,20260716
D175_minus_D129_foreground_dice,0.005,278,0.005963856756756757,0.0039816377702702795,0.00828684094594595,True,37,5,2000,20260716
D175_minus_D129_foreground_dice,0.005,279,0.0044115648648648635,0.0008476022297297272,0.00752206263513512,True,37,5,2000,20260716
D175_minus_D129_foreground_dice,0.005,280,0.006180502702702698,0.00323461155405405,0.00913484175675673,True,37,5,2000,20260716
D175_minus_D129_foreground_dice,0.005,281,0.005772856756756758,0.0032371829729729816,0.008280883851351352,True,37,5,2000,20260716
D175_minus_D129_foreground_dice,0.005,282,0.006075262162162167,0.004021040000000005,0.00823113851351352,True,37,5,2000,20260716
D175_minus_D129_foreground_dice,0.005,283,0.0039284054054054005,0.0003905453378378102,0.0069241451351351214,True,37,5,2000,20260716
D175_minus_D129_foreground_dice,0.005,284,0.0037126999999999946,0.0004096720270270206,0.006086125608108107,True,37,5,2000,20260716
D175_minus_D129_foreground_dice,0.005,285,0.007348067567567571,0.005205499189189196,0.009656484932432432,True,37,5,2000,20260716
D175_minus_D129_foreground_dice,0.005,286,0.006602789189189182,0.003956628918918918,0.009389287027027014,True,37,5,2000,20260716
D175_minus_D129_foreground_dice,0.005,287,0.005314964864864862,0.0025196969594594677,0.007806952162162153,True,37,5,2000,20260716
D175_minus_D129_foreground_dice,0.005,288,0.004164729729729728,0.0014626889189189253,0.006552841148648647,True,37,5,2000,20260716
D175_minus_D129_foreground_dice,0.005,289,0.005739532432432437,0.003063431486486489,0.008445366621621611,True,37,5,2000,20260716
D175_minus_D129_foreground_dice,0.005,290,0.0053265486486486465,0.0018523125675675742,0.008843228513513504,True,37,5,2000,20260716
D175_minus_D129_foreground_dice,0.005,291,0.005965135135135122,0.0020159510135134987,0.009684958243243218,True,37,5,2000,20260716
D175_minus_D129_foreground_dice,0.005,292,0.003988164864864868,0.000520696891891901,0.007073421959459464,True,37,5,2000,20260716
D175_minus_D129_foreground_dice,0.005,293,0.004677397297297304,0.002872089189189194,0.006198890945945962,True,37,5,2000,20260716
D175_minus_D129_foreground_dice,0.005,294,0.005849291891891887,0.00305772486486486,0.008319671216216205,True,37,5,2000,20260716
D175_minus_D129_foreground_dice,0.005,295,0.005111243243243246,0.002021888445945955,0.008142520135135138,True,37,5,2000,20260716
D175_minus_D129_foreground_dice,0.005,296,0.004763829729729732,0.0017922787162162228,0.007531741486486486,True,37,5,2000,20260716
D175_minus_D129_foreground_dice,0.005,297,0.004222743243243241,0.001595155608108111,0.0065312913513513515,True,37,5,2000,20260716
D175_minus_D129_foreground_dice,0.005,298,0.005011735135135128,0.0023348033108108097,0.00730987108108106,True,37,5,2000,20260716
D175_minus_D129_foreground_dice,0.005,299,0.0037663432432432403,0.000369828851351358,0.006740686351351353,True,37,5,2000,20260716
D175_minus_D129_foreground_dice,0.01,0,0.009739686486486494,0.006383959594594604,0.012812410337837836,True,37,5,2000,20260716
D175_minus_D129_foreground_dice,0.01,1,0.010016116216216227,0.008039072905405417,0.012230904594594603,True,37,5,2000,20260716
D175_minus_D129_foreground_dice,0.01,2,0.010524878378378387,0.008779088918918921,0.012694247567567572,True,37,5,2000,20260716
D175_minus_D129_foreground_dice,0.01,3,0.009403305405405408,0.006452952229729737,0.012387498581081083,True,37,5,2000,20260716
D175_minus_D129_foreground_dice,0.01,4,0.0065443918918919,0.0025595524324324337,0.009918488378378392,True,37,5,2000,20260716
D175_minus_D129_foreground_dice,0.01,5,0.011472678378378379,0.008460744797297299,0.014259804797297286,True,37,5,2000,20260716
D175_minus_D129_foreground_dice,0.01,6,0.011011932432432429,0.00898506513513513,0.013138691824324318,True,37,5,2000,20260716
D175_minus_D129_foreground_dice,0.01,7,0.010594408108108107,0.008577615270270284,0.012658728108108102,True,37,5,2000,20260716
D175_minus_D129_foreground_dice,0.01,8,0.010195002702702703,0.00791830851351352,0.012850396891891885,True,37,5,2000,20260716
D175_minus_D129_foreground_dice,0.01,9,0.01257616756756758,0.010218468040540558,0.015261207229729736,True,37,5,2000,20260716
D175_minus_D129_foreground_dice,0.01,10,0.010559164864864877,0.006874667297297307,0.014798944121621641,True,37,5,2000,20260716
D175_minus_D129_foreground_dice,0.01,11,0.009642862162162166,0.0077171358783783795,0.011735234527027022,True,37,5,2000,20260716
D175_minus_D129_foreground_dice,0.01,12,0.01014084594594595,0.007541388445945958,0.012533831756756755,True,37,5,2000,20260716
D175_minus_D129_foreground_dice,0.01,13,0.01096361351351352,0.008572483648648653,0.01399271783783785,True,37,5,2000,20260716
D175_minus_D129_foreground_dice,0.01,14,0.009646851351351363,0.0070484943243243284,0.012388977635135134,True,37,5,2000,20260716
D175_minus_D129_foreground_dice,0.01,15,0.010016624324324324,0.006741187027027026,0.012849860270270262,True,37,5,2000,20260716
D175_minus_D129_foreground_dice,0.01,16,0.011025659459459446,0.009661303986486467,0.01225385263513512,True,37,5,2000,20260716
D175_minus_D129_foreground_dice,0.01,17,0.011393064864864865,0.009635895067567572,0.013491938513513527,True,37,5,2000,20260716
D175_minus_D129_foreground_dice,0.01,18,0.010909021621621613,0.007533126486486487,0.013971563513513498,True,37,5,2000,20260716
D175_minus_D129_foreground_dice,0.01,19,0.00886574594594595,0.005333585540540542,0.011885253243243238,True,37,5,2000,20260716
D175_minus_D129_foreground_dice,0.01,20,0.009856756756756752,0.007347485675675667,0.012328000878378367,True,37,5,2000,20260716
D175_minus_D129_foreground_dice,0.01,21,0.009787435135135142,0.006962001013513511,0.012384116216216217,True,37,5,2000,20260716
D175_minus_D129_foreground_dice,0.01,22,0.009293691891891892,0.006504781756756753,0.011615210945945947,True,37,5,2000,20260716
D175_minus_D129_foreground_dice,0.01,23,0.011158772972972962,0.009726370945945941,0.012887086418918905,True,37,5,2000,20260716
D175_minus_D129_foreground_dice,0.01,24,0.010589883783783779,0.007247459932432431,0.014087699527027027,True,37,5,2000,20260716
D175_minus_D129_foreground_dice,0.01,25,0.011552654054054059,0.008541816554054088,0.014336889391891892,True,37,5,2000,20260716
D175_minus_D129_foreground_dice,0.01,26,0.010000848648648647,0.0067527640540540656,0.012940719324324314,True,37,5,2000,20260716
D175_minus_D129_foreground_dice,0.01,27,0.009340321621621631,0.006735268513513529,0.011407645810810817,True,37,5,2000,20260716
D175_minus_D129_foreground_dice,0.01,28,0.009826945945945954,0.008018576621621632,0.011793782027027019,True,37,5,2000,20260716
D175_minus_D129_foreground_dice,0.01,29,0.009807832432432434,0.0071336322297297396,0.012650197702702698,True,37,5,2000,20260716
D175_minus_D129_foreground_dice,0.01,30,0.0106082108108108,0.00899347128378378,0.012213418716216196,True,37,5,2000,20260716
D175_minus_D129_foreground_dice,0.01,31,0.010426927027027038,0.007565516351351359,0.013768732702702688,True,37,5,2000,20260716
D175_minus_D129_foreground_dice,0.01,32,0.009416116216216224,0.0064368577027027135,0.012443303040540523,True,37,5,2000,20260716
D175_minus_D129_foreground_dice,0.01,33,0.008595148648648646,0.006667070337837841,0.010176398648648643,True,37,5,2000,20260716
D175_minus_D129_foreground_dice,0.01,34,0.010335445945945943,0.007803445608108107,0.012643966013513532,True,37,5,2000,20260716
D175_minus_D129_foreground_dice,0.01,35,0.00989360810810811,0.006631254594594602,0.012946722567567561,True,37,5,2000,20260716
D175_minus_D129_foreground_dice,0.01,36,0.009751654054054044,0.007123806216216211,0.011906611418918902,True,37,5,2000,20260716
D175_minus_D129_foreground_dice,0.01,37,0.009535089189189183,0.0068216797297297235,0.011853378918918914,True,37,5,2000,20260716
D175_minus_D129_foreground_dice,0.01,38,0.010681959459459458,0.008775811216216211,0.012709167364864868,True,37,5,2000,20260716
D175_minus_D129_foreground_dice,0.01,39,0.011062248648648661,0.007765612229729741,0.014286155067567585,True,37,5,2000,20260716
D175_minus_D129_foreground_dice,0.01,40,0.009556094594594595,0.006980612297297303,0.011575474729729725,True,37,5,2000,20260716
D175_minus_D129_foreground_dice,0.01,41,0.011814302702702702,0.010336791283783798,0.013967416689189174,True,37,5,2000,20260716
D175_minus_D129_foreground_dice,0.01,42,0.009424021621621622,0.007710054256756754,0.011252100608108103,True,37,5,2000,20260716
D175_minus_D129_foreground_dice,0.01,43,0.010166681081081081,0.00656828432432433,0.013461138175675664,True,37,5,2000,20260716
D175_minus_D129_foreground_dice,0.01,44,0.008603694594594601,0.005965356756756774,0.010747666689189198,True,37,5,2000,20260716
D175_minus_D129_foreground_dice,0.01,45,0.010891854054054061,0.008009266351351366,0.013831674527027018,True,37,5,2000,20260716
D175_minus_D129_foreground_dice,0.01,46,0.012039848648648639,0.008497349527027022,0.01568238587837836,True,37,5,2000,20260716
D175_minus_D129_foreground_dice,0.01,47,0.010424740540540548,0.007782810540540544,0.012989150743243248,True,37,5,2000,20260716
D175_minus_D129_foreground_dice,0.01,48,0.008814902702702692,0.0047495679054053936,0.011899424662162143,True,37,5,2000,20260716
D175_minus_D129_foreground_dice,0.01,49,0.009748959459459458,0.007203779932432429,0.011777283445945952,True,37,5,2000,20260716
D175_minus_D129_foreground_dice,0.01,50,0.009955910810810814,0.00758494472972974,0.01202440385135136,True,37,5,2000,20260716
D175_minus_D129_foreground_dice,0.01,51,0.010842075675675676,0.00963697905405407,0.012104566554054053,True,37,5,2000,20260716
D175_minus_D129_foreground_dice,0.01,52,0.01029905135135135,0.007668524189189198,0.01285370614864864,True,37,5,2000,20260716
D175_minus_D129_foreground_dice,0.01,53,0.00936021621621622,0.006907155405405412,0.01168799054054054,True,37,5,2000,20260716
D175_minus_D129_foreground_dice,0.01,54,0.010125886486486487,0.007297437027027025,0.012289435135135121,True,37,5,2000,20260716
D175_minus_D129_foreground_dice,0.01,55,0.008526864864864874,0.006125221013513527,0.01033380060810811,True,37,5,2000,20260716
D175_minus_D129_foreground_dice,0.01,56,0.007628759459459449,0.0034671180405405322,0.011496696418918899,True,37,5,2000,20260716
D175_minus_D129_foreground_dice,0.01,57,0.009961624324324321,0.00826050000000001,0.011552942432432416,True,37,5,2000,20260716
D175_minus_D129_foreground_dice,0.01,58,0.009910364864864877,0.007217783581081102,0.012502377297297303,True,37,5,2000,20260716
D175_minus_D129_foreground_dice,0.01,59,0.009383845945945948,0.005413349932432442,0.012657462770270267,True,37,5,2000,20260716
D175_minus_D129_foreground_dice,0.01,60,0.010841018918918926,0.008914409729729733,0.012795858040540568,True,37,5,2000,20260716
D175_minus_D129_foreground_dice,0.01,61,0.010013105405405408,0.007715710608108107,0.011907013581081089,True,37,5,2000,20260716
D175_minus_D129_foreground_dice,0.01,62,0.006139848648648642,0.0015946546621621635,0.010303223310810797,True,37,5,2000,20260716
D175_minus_D129_foreground_dice,0.01,63,0.00872372162162162,0.005204698918918915,0.011592106013513513,True,37,5,2000,20260716
D175_minus_D129_foreground_dice,0.01,64,0.009835672972972971,0.00699194047297298,0.012174117229729714,True,37,5,2000,20260716
D175_minus_D129_foreground_dice,0.01,65,0.007351389189189201,0.004591155608108129,0.009722287229729742,True,37,5,2000,20260716
D175_minus_D129_foreground_dice,0.01,66,0.009970105405405404,0.006930878310810808,0.012529488581081074,True,37,5,2000,20260716
D175_minus_D129_foreground_dice,0.01,67,0.007994029729729728,0.004745070337837832,0.010670503040540534,True,37,5,2000,20260716
D175_minus_D129_foreground_dice,0.01,68,0.012600627027027016,0.010628553986486476,0.015032771689189164,True,37,5,2000,20260716
D175_minus_D129_foreground_dice,0.01,69,0.01090130540540541,0.00740600013513513,0.014614216418918902,True,37,5,2000,20260716
D175_minus_D129_foreground_dice,0.01,70,0.009462713513513512,0.007089973716216207,0.011675087027027027,True,37,5,2000,20260716
D175_minus_D129_foreground_dice,0.01,71,0.008802635135135137,0.005861792567567581,0.011335961216216224,True,37,5,2000,20260716
D175_minus_D129_foreground_dice,0.01,72,0.010602883783783792,0.00896040351351352,0.012651918581081088,True,37,5,2000,20260716
D175_minus_D129_foreground_dice,0.01,73,0.009578162162162158,0.0075902185810810706,0.011351231554054037,True,37,5,2000,20260716
D175_minus_D129_foreground_dice,0.01,74,0.009099643243243253,0.006810686554054078,0.010982289256756768,True,37,5,2000,20260716
D175_minus_D129_foreground_dice,0.01,75,0.010622554054054061,0.00890971668918921,0.012400373108108105,True,37,5,2000,20260716
D175_minus_D129_foreground_dice,0.01,76,0.01023285135135136,0.008120050270270277,0.012768655405405414,True,37,5,2000,20260716
D175_minus_D129_foreground_dice,0.01,77,0.010951745945945942,0.007720457162162161,0.013988327297297288,True,37,5,2000,20260716
D175_minus_D129_foreground_dice,0.01,78,0.009990054054054056,0.007547192500000003,0.012138331013513515,True,37,5,2000,20260716
D175_minus_D129_foreground_dice,0.01,79,0.01088205405405405,0.009611908378378374,0.012309328986486475,True,37,5,2000,20260716
D175_minus_D129_foreground_dice,0.01,80,0.007927662162162157,0.005178260270270267,0.010708674324324326,True,37,5,2000,20260716
D175_minus_D129_foreground_dice,0.01,81,0.009236170270270268,0.006148809391891892,0.012140155337837825,True,37,5,2000,20260716
D175_minus_D129_foreground_dice,0.01,82,0.011310429729729728,0.008294068716216234,0.014245960675675667,True,37,5,2000,20260716
D175_minus_D129_foreground_dice,0.01,83,0.009764470270270269,0.007131827229729723,0.012041300878378383,True,37,5,2000,20260716
D175_minus_D129_foreground_dice,0.01,84,0.00850544054054054,0.005935092702702711,0.011062078040540527,True,37,5,2000,20260716
D175_minus_D129_foreground_dice,0.01,85,0.007500318918918919,0.0038546647297297417,0.010472792770270273,True,37,5,2000,20260716
D175_minus_D129_foreground_dice,0.01,86,0.010810764864864873,0.008772090135135139,0.013252360878378373,True,37,5,2000,20260716
D175_minus_D129_foreground_dice,0.01,87,0.010505637837837837,0.007743642567567566,0.013856463513513512,True,37,5,2000,20260716
D175_minus_D129_foreground_dice,0.01,88,0.008246259459459455,0.004746391486486481,0.011021966486486486,True,37,5,2000,20260716
D175_minus_D129_foreground_dice,0.01,89,0.01054686216216216,0.009363417972972977,0.011576368040540536,True,37,5,2000,20260716
D175_minus_D129_foreground_dice,0.01,90,0.009567302702702708,0.006917467432432435,0.012147338513513526,True,37,5,2000,20260716
D175_minus_D129_foreground_dice,0.01,91,0.010977637837837824,0.008001270067567559,0.014177951283783762,True,37,5,2000,20260716
D175_minus_D129_foreground_dice,0.01,92,0.009779975675675671,0.007377596486486477,0.011969676081081073,True,37,5,2000,20260716
D175_minus_D129_foreground_dice,0.01,93,0.009009678378378376,0.005997151418918924,0.011396583783783793,True,37,5,2000,20260716
D175_minus_D129_foreground_dice,0.01,94,0.009996045945945954,0.006651712567567578,0.012883533040540544,True,37,5,2000,20260716
D175_minus_D129_foreground_dice,0.01,95,0.010256467567567573,0.007440385405405408,0.012959333175675672,True,37,5,2000,20260716
D175_minus_D129_foreground_dice,0.01,96,0.008520583783783781,0.005478886824324317,0.011221270067567558,True,37,5,2000,20260716
D175_minus_D129_foreground_dice,0.01,97,0.009816121621621625,0.007988567567567575,0.01134729398648648,True,37,5,2000,20260716
D175_minus_D129_foreground_dice,0.01,98,0.011990413513513515,0.008732080945945943,0.014986492432432438,True,37,5,2000,20260716
D175_minus_D129_foreground_dice,0.01,99,0.011763829729729735,0.010110553851351364,0.013687657837837845,True,37,5,2000,20260716
D175_minus_D129_foreground_dice,0.01,100,0.006788878378378385,0.0030796959459459413,0.00999988445945947,True,37,5,2000,20260716
D175_minus_D129_foreground_dice,0.01,101,0.009756656756756759,0.007252724189189188,0.011805430135135133,True,37,5,2000,20260716
D175_minus_D129_foreground_dice,0.01,102,0.010775186486486486,0.009132766554054051,0.0124636377027027,True,37,5,2000,20260716
D175_minus_D129_foreground_dice,0.01,103,0.010868575675675679,0.009009700270270279,0.012744653175675667,True,37,5,2000,20260716
D175_minus_D129_foreground_dice,0.01,104,0.00863768108108108,0.005800809864864859,0.011308403108108113,True,37,5,2000,20260716
D175_minus_D129_foreground_dice,0.01,105,0.009117143243243236,0.006672508243243241,0.011379164121621606,True,37,5,2000,20260716
D175_minus_D129_foreground_dice,0.01,106,0.008894616216216211,0.006333324864864867,0.011438176283783769,True,37,5,2000,20260716
D175_minus_D129_foreground_dice,0.01,107,0.011961243243243245,0.009899532905405411,0.014254428445945933,True,37,5,2000,20260716
D175_minus_D129_foreground_dice,0.01,108,0.00988408648648649,0.006958225337837848,0.012678679594594601,True,37,5,2000,20260716
D175_minus_D129_foreground_dice,0.01,109,0.0108157,0.007586006283783792,0.014326240067567553,True,37,5,2000,20260716
D175_minus_D129_foreground_dice,0.01,110,0.010128524324324324,0.008525240000000014,0.011816575270270252,True,37,5,2000,20260716
D175_minus_D129_foreground_dice,0.01,111,0.010936889189189189,0.009586606554054054,0.012276487972972967,True,37,5,2000,20260716
D175_minus_D129_foreground_dice,0.01,112,0.006422797297297298,0.002006031824324329,0.010138261351351352,True,37,5,2000,20260716
D175_minus_D129_foreground_dice,0.01,113,0.00926438648648648,0.00676362858108108,0.01152312824324323,True,37,5,2000,20260716
D175_minus_D129_foreground_dice,0.01,114,0.01320664594594595,0.010368823378378387,0.016388410945945935,True,37,5,2000,20260716
D175_minus_D129_foreground_dice,0.01,115,0.009331762162162166,0.006899650810810818,0.011317923378378381,True,37,5,2000,20260716
D175_minus_D129_foreground_dice,0.01,116,0.00847934054054054,0.005017484121621635,0.011659206418918912,True,37,5,2000,20260716
D175_minus_D129_foreground_dice,0.01,117,0.010771254054054059,0.008552347837837846,0.013340909729729736,True,37,5,2000,20260716
D175_minus_D129_foreground_dice,0.01,118,0.01009338648648648,0.008015925608108106,0.012721434864864841,True,37,5,2000,20260716
D175_minus_D129_foreground_dice,0.01,119,0.010118567567567571,0.007488095743243257,0.012350220202702706,True,37,5,2000,20260716
D175_minus_D129_foreground_dice,0.01,120,0.010750386486486487,0.008865449662162161,0.012654382229729722,True,37,5,2000,20260716
D175_minus_D129_foreground_dice,0.01,121,0.009589305405405415,0.006834506824324338,0.012390265945945956,True,37,5,2000,20260716
D175_minus_D129_foreground_dice,0.01,122,0.008564027027027028,0.0057538222972973,0.011150827972972982,True,37,5,2000,20260716
D175_minus_D129_foreground_dice,0.01,123,0.009622727027027031,0.007228114729729733,0.011762303716216204,True,37,5,2000,20260716
D175_minus_D129_foreground_dice,0.01,124,0.008608659459459461,0.005568712297297305,0.011639907297297294,True,37,5,2000,20260716
D175_minus_D129_foreground_dice,0.01,125,0.010092562162162162,0.007839388716216224,0.01202027297297297,True,37,5,2000,20260716
D175_minus_D129_foreground_dice,0.01,126,0.008317586486486487,0.004963469797297296,0.011054561013513518,True,37,5,2000,20260716
D175_minus_D129_foreground_dice,0.01,127,0.01045011621621622,0.0071096120270270225,0.013568988648648658,True,37,5,2000,20260716
D175_minus_D129_foreground_dice,0.01,128,0.008693586486486495,0.005570049594594596,0.011899877770270281,True,37,5,2000,20260716
D175_minus_D129_foreground_dice,0.01,129,0.00989262432432433,0.007976280540540564,0.01160822918918918,True,37,5,2000,20260716
D175_minus_D129_foreground_dice,0.01,130,0.0102533081081081,0.007684070810810798,0.012071175743243229,True,37,5,2000,20260716
D175_minus_D129_foreground_dice,0.01,131,0.011227197297297301,0.008013396891891891,0.014778014662162164,True,37,5,2000,20260716
D175_minus_D129_foreground_dice,0.01,132,0.0101081,0.008370435135135124,0.011591706013513522,True,37,5,2000,20260716
D175_minus_D129_foreground_dice,0.01,133,0.010282821621621618,0.007095184256756758,0.01289661216216216,True,37,5,2000,20260716
D175_minus_D129_foreground_dice,0.01,134,0.009624016216216223,0.006736922837837837,0.011831223918918918,True,37,5,2000,20260716
D175_minus_D129_foreground_dice,0.01,135,0.009863124324324327,0.007076491013513521,0.01233266054054054,True,37,5,2000,20260716
D175_minus_D129_foreground_dice,0.01,136,0.010284735135135137,0.00800639756756757,0.012344837364864856,True,37,5,2000,20260716
D175_minus_D129_foreground_dice,0.01,137,0.00965252702702703,0.007086917432432437,0.01208642297297298,True,37,5,2000,20260716
D175_minus_D129_foreground_dice,0.01,138,0.01230527837837838,0.010098056486486493,0.01476262689189189,True,37,5,2000,20260716
D175_minus_D129_foreground_dice,0.01,139,0.011251459459459457,0.009509354256756749,0.013086489391891887,True,37,5,2000,20260716
D175_minus_D129_foreground_dice,0.01,140,0.008463262162162165,0.005730877094594601,0.01100431520270268,True,37,5,2000,20260716
D175_minus_D129_foreground_dice,0.01,141,0.010784918918918918,0.00861719297297297,0.013349520878378363,True,37,5,2000,20260716
D175_minus_D129_foreground_dice,0.01,142,0.009166621621621613,0.005612762364864851,0.012350108243243233,True,37,5,2000,20260716
D175_minus_D129_foreground_dice,0.01,143,0.0115668945945946,0.010154070000000012,0.01343979027027027,True,37,5,2000,20260716
D175_minus_D129_foreground_dice,0.01,144,0.007713672972972972,0.004022368513513503,0.010794194729729728,True,37,5,2000,20260716
D175_minus_D129_foreground_dice,0.01,145,0.009881943243243253,0.006726277364864876,0.012732016418918928,True,37,5,2000,20260716
D175_minus_D129_foreground_dice,0.01,146,0.009925129729729726,0.00695985608108108,0.012319296959459458,True,37,5,2000,20260716
D175_minus_D129_foreground_dice,0.01,147,0.007624113513513512,0.005551495540540548,0.009648268581081077,True,37,5,2000,20260716
D175_minus_D129_foreground_dice,0.01,148,0.00958948378378379,0.007301717229729741,0.011413209797297305,True,37,5,2000,20260716
D175_minus_D129_foreground_dice,0.01,149,0.010355264864864867,0.008476048445945942,0.012323677972972978,True,37,5,2000,20260716
D175_minus_D129_foreground_dice,0.01,150,0.011436559459459445,0.008404675405405397,0.014989432905405383,True,37,5,2000,20260716
D175_minus_D129_foreground_dice,0.01,151,0.011956781081081067,0.01014606891891891,0.014236630945945926,True,37,5,2000,20260716
D175_minus_D129_foreground_dice,0.01,152,0.008693802702702704,0.00571810581081082,0.01127514074324323,True,37,5,2000,20260716
D175_minus_D129_foreground_dice,0.01,153,0.01014305135135135,0.00848383567567569,0.011939881824324308,True,37,5,2000,20260716
D175_minus_D129_foreground_dice,0.01,154,0.01134582162162162,0.009479979932432431,0.013374236418918904,True,37,5,2000,20260716
D175_minus_D129_foreground_dice,0.01,155,0.007370956756756748,0.0035518466216216175,0.010606378716216206,True,37,5,2000,20260716
D175_minus_D129_foreground_dice,0.01,156,0.010461081081081082,0.007255940810810821,0.014079711081081074,True,37,5,2000,20260716
D175_minus_D129_foreground_dice,0.01,157,0.009168754054054052,0.005905813108108107,0.011798137770270271,True,37,5,2000,20260716
D175_minus_D129_foreground_dice,0.01,158,0.008009140540540537,0.005299493040540546,0.01033105783783783,True,37,5,2000,20260716
D175_minus_D129_foreground_dice,0.01,159,0.008533197297297299,0.006321318040540531,0.010142641621621625,True,37,5,2000,20260716
D175_minus_D129_foreground_dice,0.01,160,0.010313543243243245,0.007655801013513508,0.012649157297297294,True,37,5,2000,20260716
D175_minus_D129_foreground_dice,0.01,161,0.010528594594594596,0.008573788108108113,0.012585944729729723,True,37,5,2000,20260716
D175_minus_D129_foreground_dice,0.01,162,0.008322243243243252,0.004887120810810816,0.011397130135135138,True,37,5,2000,20260716
D175_minus_D129_foreground_dice,0.01,163,0.008842599999999999,0.00620686601351353,0.010802223108108097,True,37,5,2000,20260716
D175_minus_D129_foreground_dice,0.01,164,0.01016886756756756,0.007369258986486479,0.013312356081081077,True,37,5,2000,20260716
D175_minus_D129_foreground_dice,0.01,165,0.010559643243243242,0.007460543716216214,0.014028471689189184,True,37,5,2000,20260716
D175_minus_D129_foreground_dice,0.01,166,0.01064166216216217,0.008711012702702721,0.01289396898648651,True,37,5,2000,20260716
D175_minus_D129_foreground_dice,0.01,167,0.007752775675675672,0.00373040648648649,0.011174570675675666,True,37,5,2000,20260716
D175_minus_D129_foreground_dice,0.01,168,0.011813535135135125,0.008832752972972965,0.014728149662162146,True,37,5,2000,20260716
D175_minus_D129_foreground_dice,0.01,169,0.009100213513513518,0.006180430135135145,0.011824098581081077,True,37,5,2000,20260716
D175_minus_D129_foreground_dice,0.01,170,0.009090294594594598,0.006168715000000014,0.01175242425675675,True,37,5,2000,20260716
D175_minus_D129_foreground_dice,0.01,171,0.010247694594594585,0.007732590810810809,0.012100839324324314,True,37,5,2000,20260716
D175_minus_D129_foreground_dice,0.01,172,0.010271205405405402,0.00665415283783783,0.013542765743243233,True,37,5,2000,20260716
D175_minus_D129_foreground_dice,0.01,173,0.010571391891891898,0.008064483310810808,0.012909407635135135,True,37,5,2000,20260716
D175_minus_D129_foreground_dice,0.01,174,0.008661772972972976,0.004983453581081094,0.01174564574324324,True,37,5,2000,20260716
D175_minus_D129_foreground_dice,0.01,175,0.011368451351351354,0.009663047094594604,0.013145229797297292,True,37,5,2000,20260716
D175_minus_D129_foreground_dice,0.01,176,0.010051570270270276,0.00745631601351353,0.012801749459459472,True,37,5,2000,20260716
D175_minus_D129_foreground_dice,0.01,177,0.010095091891891896,0.008062595337837848,0.012329579391891889,True,37,5,2000,20260716
D175_minus_D129_foreground_dice,0.01,178,0.01085177027027027,0.009345783648648655,0.012322531621621615,True,37,5,2000,20260716
D175_minus_D129_foreground_dice,0.01,179,0.011250486486486494,0.008361084662162179,0.014484342094594604,True,37,5,2000,20260716
D175_minus_D129_foreground_dice,0.01,180,0.009715672972972975,0.007213375675675682,0.011973726959459452,True,37,5,2000,20260716
D175_minus_D129_foreground_dice,0.01,181,0.009044281081081077,0.006262547972972979,0.011406794864864863,True,37,5,2000,20260716
D175_minus_D129_foreground_dice,0.01,182,0.010896197297297286,0.00845067324324325,0.013396269864864857,True,37,5,2000,20260716
D175_minus_D129_foreground_dice,0.01,183,0.01014154864864864,0.006903309594594591,0.013343885810810793,True,37,5,2000,20260716
D175_minus_D129_foreground_dice,0.01,184,0.00841332162162162,0.005237173581081082,0.011093312499999999,True,37,5,2000,20260716
D175_minus_D129_foreground_dice,0.01,185,0.011500091891891892,0.00976189175675676,0.013537617162162154,True,37,5,2000,20260716
D175_minus_D129_foreground_dice,0.01,186,0.011016764864864859,0.009928223445945938,0.01204951581081081,True,37,5,2000,20260716
D175_minus_D129_foreground_dice,0.01,187,0.011021608108108103,0.00978062290540542,0.01269861337837837,True,37,5,2000,20260716
D175_minus_D129_foreground_dice,0.01,188,0.009241054054054058,0.0065880470270270235,0.01172002682432431,True,37,5,2000,20260716
D175_minus_D129_foreground_dice,0.01,189,0.009997827027027027,0.008015099189189193,0.012205401283783782,True,37,5,2000,20260716
D175_minus_D129_foreground_dice,0.01,190,0.009012997297297286,0.005400541081081072,0.012530927297297281,True,37,5,2000,20260716
D175_minus_D129_foreground_dice,0.01,191,0.010351456756756756,0.007893109864864868,0.012240513716216216,True,37,5,2000,20260716
D175_minus_D129_foreground_dice,0.01,192,0.009122816216216207,0.006035717364864855,0.01164055054054055,True,37,5,2000,20260716
D175_minus_D129_foreground_dice,0.01,193,0.010704962162162155,0.008146867499999998,0.01318488702702703,True,37,5,2000,20260716
D175_minus_D129_foreground_dice,0.01,194,0.009632124324324325,0.00813384966216216,0.01126534729729731,True,37,5,2000,20260716
D175_minus_D129_foreground_dice,0.01,195,0.009552062162162166,0.007167316756756765,0.012171648108108106,True,37,5,2000,20260716
D175_minus_D129_foreground_dice,0.01,196,0.010735921621621623,0.008913645000000017,0.012855450202702698,True,37,5,2000,20260716
D175_minus_D129_foreground_dice,0.01,197,0.01067806216216216,0.00784739114864864,0.014048349391891889,True,37,5,2000,20260716
D175_minus_D129_foreground_dice,0.01,198,0.00892625135135135,0.0060342099324324295,0.011666356081081075,True,37,5,2000,20260716
D175_minus_D129_foreground_dice,0.01,199,0.011921118918918913,0.010008658310810803,0.014109229324324313,True,37,5,2000,20260716
D175_minus_D129_foreground_dice,0.01,200,0.010717989189189193,0.009189790270270295,0.012738391486486492,True,37,5,2000,20260716
D175_minus_D129_foreground_dice,0.01,201,0.010828791891891893,0.008337185608108115,0.0130526202027027,True,37,5,2000,20260716
D175_minus_D129_foreground_dice,0.01,202,0.010280289189189183,0.006975289594594588,0.013383258108108096,True,37,5,2000,20260716
D175_minus_D129_foreground_dice,0.01,203,0.011511791891891892,0.009000214999999994,0.013928922027027031,True,37,5,2000,20260716
D175_minus_D129_foreground_dice,0.01,204,0.009556786486486476,0.00650240972972972,0.012321902702702687,True,37,5,2000,20260716
D175_minus_D129_foreground_dice,0.01,205,0.008436889189189195,0.004936331621621629,0.011684254189189187,True,37,5,2000,20260716
D175_minus_D129_foreground_dice,0.01,206,0.011379002702702704,0.009491970135135133,0.013580227027027028,True,37,5,2000,20260716
D175_minus_D129_foreground_dice,0.01,207,0.010946537837837831,0.00821747236486486,0.013562381891891883,True,37,5,2000,20260716
D175_minus_D129_foreground_dice,0.01,208,0.007391245945945948,0.0042007651351351405,0.010258055202702697,True,37,5,2000,20260716
D175_minus_D129_foreground_dice,0.01,209,0.00927053243243243,0.005866038040540541,0.01215823736486486,True,37,5,2000,20260716
D175_minus_D129_foreground_dice,0.01,210,0.008673813513513517,0.005497011891891901,0.01120052344594595,True,37,5,2000,20260716
D175_minus_D129_foreground_dice,0.01,211,0.01387891081081081,0.0113841402027027,0.017164055608108086,True,37,5,2000,20260716
D175_minus_D129_foreground_dice,0.01,212,0.009478937837837844,0.0068592027027027025,0.012042486689189193,True,37,5,2000,20260716
D175_minus_D129_foreground_dice,0.01,213,0.011255767567567566,0.009577497162162173,0.013362655608108107,True,37,5,2000,20260716
D175_minus_D129_foreground_dice,0.01,214,0.01044745135135135,0.00920209905405404,0.011643695675675674,True,37,5,2000,20260716
D175_minus_D129_foreground_dice,0.01,215,0.011110700000000003,0.009477364729729732,0.012999727635135136,True,37,5,2000,20260716
D175_minus_D129_foreground_dice,0.01,216,0.010354070270270264,0.007454590878378363,0.013061347905405389,True,37,5,2000,20260716
D175_minus_D129_foreground_dice,0.01,217,0.011186205405405403,0.008990072567567568,0.013306845743243234,True,37,5,2000,20260716
D175_minus_D129_foreground_dice,0.01,218,0.01191162432432433,0.00848000668918919,0.015695648783783787,True,37,5,2000,20260716
D175_minus_D129_foreground_dice,0.01,219,0.00996367837837838,0.008546776351351358,0.011150555135135132,True,37,5,2000,20260716
D175_minus_D129_foreground_dice,0.01,220,0.009750132432432437,0.0073160977027027126,0.01188150013513513,True,37,5,2000,20260716
D175_minus_D129_foreground_dice,0.01,221,0.010763894594594585,0.007907020878378374,0.013349482702702694,True,37,5,2000,20260716
D175_minus_D129_foreground_dice,0.01,222,0.010712294594594598,0.008975814459459464,0.012587304594594586,True,37,5,2000,20260716
D175_minus_D129_foreground_dice,0.01,223,0.008188343243243246,0.0054510202702702775,0.010364831486486481,True,37,5,2000,20260716
D175_minus_D129_foreground_dice,0.01,224,0.00967872972972972,0.006839654324324312,0.012237685135135125,True,37,5,2000,20260716
D175_minus_D129_foreground_dice,0.01,225,0.010897943243243247,0.009133935405405405,0.013225032500000004,True,37,5,2000,20260716
D175_minus_D129_foreground_dice,0.01,226,0.010546537837837842,0.0075383691891892,0.013827009662162168,True,37,5,2000,20260716
D175_minus_D129_foreground_dice,0.01,227,0.007917835135135146,0.004995250608108117,0.01056847094594596,True,37,5,2000,20260716
D175_minus_D129_foreground_dice,0.01,228,0.010079586486486485,0.007383452027027021,0.012461489729729734,True,37,5,2000,20260716
D175_minus_D129_foreground_dice,0.01,229,0.008733375675675682,0.005913584932432451,0.010795135608108112,True,37,5,2000,20260716
D175_minus_D129_foreground_dice,0.01,230,0.011275829729729734,0.009722183108108138,0.013548660405405411,True,37,5,2000,20260716
D175_minus_D129_foreground_dice,0.01,231,0.010469954054054056,0.008933407770270274,0.011951250878378379,True,37,5,2000,20260716
D175_minus_D129_foreground_dice,0.01,232,0.010422762162162156,0.00911238263513513,0.011667579729729715,True,37,5,2000,20260716
D175_minus_D129_foreground_dice,0.01,233,0.010520197297297302,0.00934094952702703,0.011991577499999998,True,37,5,2000,20260716
D175_minus_D129_foreground_dice,0.01,234,0.009747643243243242,0.007355983175675685,0.012108172702702692,True,37,5,2000,20260716
D175_minus_D129_foreground_dice,0.01,235,0.007513681081081067,0.0036466208108108067,0.010707156081081057,True,37,5,2000,20260716
D175_minus_D129_foreground_dice,0.01,236,0.010699237837837843,0.0075723058108108175,0.013282834256756755,True,37,5,2000,20260716
D175_minus_D129_foreground_dice,0.01,237,0.009026845945945947,0.006336242229729737,0.0111690347972973,True,37,5,2000,20260716
D175_minus_D129_foreground_dice,0.01,238,0.008570245945945945,0.005312157364864865,0.011205578445945937,True,37,5,2000,20260716
D175_minus_D129_foreground_dice,0.01,239,0.00984482972972974,0.007659377027027035,0.011849343783783783,True,37,5,2000,20260716
D175_minus_D129_foreground_dice,0.01,240,0.010301429729729727,0.008462580675675692,0.01197186209459458,True,37,5,2000,20260716
D175_minus_D129_foreground_dice,0.01,241,0.008629721621621617,0.005309843851351348,0.01120708256756756,True,37,5,2000,20260716
D175_minus_D129_foreground_dice,0.01,242,0.010555202702702708,0.008659466081081093,0.01249332993243243,True,37,5,2000,20260716
D175_minus_D129_foreground_dice,0.01,243,0.007409459459459471,0.004488593040540567,0.009902239797297312,True,37,5,2000,20260716
D175_minus_D129_foreground_dice,0.01,244,0.008752305405405402,0.005371045270270268,0.01174756945945945,True,37,5,2000,20260716
D175_minus_D129_foreground_dice,0.01,245,0.01021232432432432,0.007663671418918921,0.012415141891891896,True,37,5,2000,20260716
D175_minus_D129_foreground_dice,0.01,246,0.008700997297297293,0.006476015472972969,0.010422876216216204,True,37,5,2000,20260716
D175_minus_D129_foreground_dice,0.01,247,0.00963798648648649,0.0072962696621621794,0.011732719662162166,True,37,5,2000,20260716
D175_minus_D129_foreground_dice,0.01,248,0.009273862162162165,0.0065398050675675645,0.01216282229729729,True,37,5,2000,20260716
D175_minus_D129_foreground_dice,0.01,249,0.01153428108108107,0.010573890945945928,0.012452985337837825,True,37,5,2000,20260716
D175_minus_D129_foreground_dice,0.01,250,0.009351437837837836,0.005815206486486488,0.012711722702702708,True,37,5,2000,20260716
D175_minus_D129_foreground_dice,0.01,251,0.008235770270270261,0.004363548581081068,0.011748739054054025,True,37,5,2000,20260716
D175_minus_D129_foreground_dice,0.01,252,0.01116142432432433,0.008182990405405422,0.014226165540540556,True,37,5,2000,20260716
D175_minus_D129_foreground_dice,0.01,253,0.009613172972972976,0.006906625337837846,0.012167194999999995,True,37,5,2000,20260716
D175_minus_D129_foreground_dice,0.01,254,0.009736440540540538,0.007083193648648656,0.011693325945945944,True,37,5,2000,20260716
D175_minus_D129_foreground_dice,0.01,255,0.012071889189189186,0.008898575608108115,0.015702733175675665,True,37,5,2000,20260716
D175_minus_D129_foreground_dice,0.01,256,0.009922848648648652,0.00760394993243245,0.011651931013513512,True,37,5,2000,20260716
D175_minus_D129_foreground_dice,0.01,257,0.00974811081081081,0.007475611216216239,0.011479595135135131,True,37,5,2000,20260716
D175_minus_D129_foreground_dice,0.01,258,0.013294835135135128,0.010881350878378377,0.01667262655405404,True,37,5,2000,20260716
D175_minus_D129_foreground_dice,0.01,259,0.011343548648648645,0.008060760945945943,0.015110560405405397,True,37,5,2000,20260716
D175_minus_D129_foreground_dice,0.01,260,0.012996175675675677,0.010671660000000019,0.01541765337837838,True,37,5,2000,20260716
D175_minus_D129_foreground_dice,0.01,261,0.01068432972972972,0.007540163513513504,0.013339322567567565,True,37,5,2000,20260716
D175_minus_D129_foreground_dice,0.01,262,0.012050264864864857,0.009559072567567552,0.014535889256756739,True,37,5,2000,20260716
D175_minus_D129_foreground_dice,0.01,263,0.01055586756756757,0.008034065472972975,0.012605732162162164,True,37,5,2000,20260716
D175_minus_D129_foreground_dice,0.01,264,0.01163298918918919,0.00876489756756758,0.014664545270270272,True,37,5,2000,20260716
D175_minus_D129_foreground_dice,0.01,265,0.009862997297297314,0.006627461013513518,0.012956843851351369,True,37,5,2000,20260716
D175_minus_D129_foreground_dice,0.01,266,0.009685427027027025,0.00743669601351351,0.0122625479054054,True,37,5,2000,20260716
D175_minus_D129_foreground_dice,0.01,267,0.008641118918918916,0.005132361824324328,0.011697292770270266,True,37,5,2000,20260716
D175_minus_D129_foreground_dice,0.01,268,0.008760408108108112,0.00648335682432433,0.010629035337837843,True,37,5,2000,20260716
D175_minus_D129_foreground_dice,0.01,269,0.009491529729729728,0.006159948986486485,0.01226086864864864,True,37,5,2000,20260716
D175_minus_D129_foreground_dice,0.01,270,0.00786788918918918,0.004530030135135111,0.010421444932432434,True,37,5,2000,20260716
D175_minus_D129_foreground_dice,0.01,271,0.00909443243243243,0.006096824256756752,0.011903250878378365,True,37,5,2000,20260716
D175_minus_D129_foreground_dice,0.01,272,0.009437570270270274,0.006211804729729725,0.012532171283783785,True,37,5,2000,20260716
D175_minus_D129_foreground_dice,0.01,273,0.009830972972972985,0.0076032870270270475,0.012078031959459461,True,37,5,2000,20260716
D175_minus_D129_foreground_dice,0.01,274,0.010796645945945944,0.009222765878378386,0.012175561486486484,True,37,5,2000,20260716
D175_minus_D129_foreground_dice,0.01,275,0.011414364864864864,0.009180718378378376,0.013845953716216206,True,37,5,2000,20260716
D175_minus_D129_foreground_dice,0.01,276,0.010296586486486478,0.007525378986486483,0.013193507905405384,True,37,5,2000,20260716
D175_minus_D129_foreground_dice,0.01,277,0.009654367567567575,0.006932925067567579,0.012155300067567577,True,37,5,2000,20260716
D175_minus_D129_foreground_dice,0.01,278,0.009325929729729721,0.006934803108108098,0.011270446216216206,True,37,5,2000,20260716
D175_minus_D129_foreground_dice,0.01,279,0.008515856756756762,0.006208607027027024,0.010426576891891904,True,37,5,2000,20260716
D175_minus_D129_foreground_dice,0.01,280,0.009516559459459454,0.007336149256756745,0.011038582972972966,True,37,5,2000,20260716
D175_minus_D129_foreground_dice,0.01,281,0.00997218108108107,0.007557848918918914,0.012116317567567557,True,37,5,2000,20260716
D175_minus_D129_foreground_dice,0.01,282,0.008610364864864864,0.004944051216216221,0.012047845472972971,True,37,5,2000,20260716
D175_minus_D129_foreground_dice,0.01,283,0.0099895,0.0080904862837838,0.011820146959459443,True,37,5,2000,20260716
D175_minus_D129_foreground_dice,0.01,284,0.008990789189189191,0.0056752389189189244,0.011763819121621623,True,37,5,2000,20260716
D175_minus_D129_foreground_dice,0.01,285,0.009951397297297306,0.008195073513513533,0.011260819662162174,True,37,5,2000,20260716
D175_minus_D129_foreground_dice,0.01,286,0.008998618918918932,0.0063242881756756806,0.011496909527027033,True,37,5,2000,20260716
D175_minus_D129_foreground_dice,0.01,287,0.009890229729729734,0.007121753040540538,0.012457692972972974,True,37,5,2000,20260716
D175_minus_D129_foreground_dice,0.01,288,0.011303151351351348,0.00879935675675675,0.014041613310810816,True,37,5,2000,20260716
D175_minus_D129_foreground_dice,0.01,289,0.009126575675675676,0.006140810675675682,0.011828108378378372,True,37,5,2000,20260716
D175_minus_D129_foreground_dice,0.01,290,0.009345721621621632,0.0070462120270270295,0.011490621081081096,True,37,5,2000,20260716
D175_minus_D129_foreground_dice,0.01,291,0.010628424324324318,0.008863165067567565,0.012536105472972951,True,37,5,2000,20260716
D175_minus_D129_foreground_dice,0.01,292,0.01005075135135135,0.007365319729729726,0.012532424864864857,True,37,5,2000,20260716
D175_minus_D129_foreground_dice,0.01,293,0.010841913513513511,0.00906255317567568,0.012995455675675678,True,37,5,2000,20260716
D175_minus_D129_foreground_dice,0.01,294,0.009051997297297299,0.005825695675675668,0.01195719939189189,True,37,5,2000,20260716
D175_minus_D129_foreground_dice,0.01,295,0.00882977297297299,0.005738610135135147,0.011554455810810833,True,37,5,2000,20260716
D175_minus_D129_foreground_dice,0.01,296,0.009453935135135143,0.006262163851351364,0.012631031148648655,True,37,5,2000,20260716
D175_minus_D129_foreground_dice,0.01,297,0.009347554054054066,0.006948062162162177,0.011720711418918919,True,37,5,2000,20260716
D175_minus_D129_foreground_dice,0.01,298,0.011308321621621625,0.00958230101351352,0.01337886216216216,True,37,5,2000,20260716
D175_minus_D129_foreground_dice,0.01,299,0.012684505405405402,0.010705250405405405,0.015134111216216216,True,37,5,2000,20260716
D175_minus_D129_foreground_dice,0.02,0,0.020751432432432427,0.01798133162162161,0.023325724932432422,True,37,5,2000,20260716
D175_minus_D129_foreground_dice,0.02,1,0.02030067297297297,0.017073352094594596,0.02302098621621621,True,37,5,2000,20260716
D175_minus_D129_foreground_dice,0.02,2,0.019540351351351355,0.01675365999999999,0.021931747297297296,True,37,5,2000,20260716
D175_minus_D129_foreground_dice,0.02,3,0.020021202702702696,0.017314406216216213,0.022522049797297293,True,37,5,2000,20260716
D175_minus_D129_foreground_dice,0.02,4,0.01963517297297298,0.01732393371621623,0.021528526621621632,True,37,5,2000,20260716
D175_minus_D129_foreground_dice,0.02,5,0.021635451351351347,0.01962292581081081,0.023878285878378362,True,37,5,2000,20260716
D175_minus_D129_foreground_dice,0.02,6,0.018668129729729727,0.015667610878378375,0.021575215540540548,True,37,5,2000,20260716
D175_minus_D129_foreground_dice,0.02,7,0.02017952702702702,0.01747216716216214,0.0229147008108108,True,37,5,2000,20260716
D175_minus_D129_foreground_dice,0.02,8,0.02034397567567566,0.017516337162162162,0.02294196189189187,True,37,5,2000,20260716
D175_minus_D129_foreground_dice,0.02,9,0.01973572162162162,0.016992775067567557,0.022292468716216197,True,37,5,2000,20260716
D175_minus_D129_foreground_dice,0.02,10,0.020891610810810812,0.01926963858108108,0.022905907094594603,True,37,5,2000,20260716
D175_minus_D129_foreground_dice,0.02,11,0.020750391891891897,0.01867595331081082,0.02326300344594596,True,37,5,2000,20260716
D175_minus_D129_foreground_dice,0.02,12,0.01838802702702702,0.01423185432432433,0.021923387297297287,True,37,5,2000,20260716
D175_minus_D129_foreground_dice,0.02,13,0.02215658108108108,0.01999182621621622,0.02486724472972972,True,37,5,2000,20260716
D175_minus_D129_foreground_dice,0.02,14,0.01999173783783784,0.017542567837837846,0.022207660135135133,True,37,5,2000,20260716
D175_minus_D129_foreground_dice,0.02,15,0.022088367567567564,0.01909989439189189,0.025247540337837833,True,37,5,2000,20260716
D175_minus_D129_foreground_dice,0.02,16,0.019288186486486492,0.01736977533783786,0.0214711591891892,True,37,5,2000,20260716
D175_minus_D129_foreground_dice,0.02,17,0.020612178378378365,0.017321806216216207,0.023856687432432418,True,37,5,2000,20260716
D175_minus_D129_foreground_dice,0.02,18,0.02157594054054053,0.017885386216216197,0.025235153513513495,True,37,5,2000,20260716
D175_minus_D129_foreground_dice,0.02,19,0.02157837837837838,0.018761035945945956,0.024792493108108105,True,37,5,2000,20260716
D175_minus_D129_foreground_dice,0.02,20,0.01908082162162163,0.016437115608108118,0.021165531216216223,True,37,5,2000,20260716
D175_minus_D129_foreground_dice,0.02,21,0.018798894594594596,0.01573258283783783,0.02174447932432432,True,37,5,2000,20260716
D175_minus_D129_foreground_dice,0.02,22,0.020998554054054045,0.017716787229729733,0.02426380864864863,True,37,5,2000,20260716
D175_minus_D129_foreground_dice,0.02,23,0.019687708108108107,0.016961017702702696,0.021645727162162162,True,37,5,2000,20260716
D175_minus_D129_foreground_dice,0.02,24,0.01943264864864864,0.016044936013513502,0.022453927972972968,True,37,5,2000,20260716
D175_minus_D129_foreground_dice,0.02,25,0.02039025135135135,0.017449068378378375,0.023375703783783775,True,37,5,2000,20260716
D175_minus_D129_foreground_dice,0.02,26,0.020540637837837838,0.017708766959459474,0.02277719506756757,True,37,5,2000,20260716
D175_minus_D129_foreground_dice,0.02,27,0.020838272972972964,0.01826435067567566,0.023109248378378366,True,37,5,2000,20260716
D175_minus_D129_foreground_dice,0.02,28,0.018715735135135136,0.015583921148648653,0.021110220202702687,True,37,5,2000,20260716
D175_minus_D129_foreground_dice,0.02,29,0.020618751351351352,0.018508294189189187,0.023472914189189176,True,37,5,2000,20260716
D175_minus_D129_foreground_dice,0.02,30,0.022398572972972965,0.02048720222972973,0.024839440405405394,True,37,5,2000,20260716
D175_minus_D129_foreground_dice,0.02,31,0.01810290540540541,0.015565403310810829,0.020349355337837844,True,37,5,2000,20260716
D175_minus_D129_foreground_dice,0.02,32,0.020600256756756755,0.018060539662162162,0.02276911195945947,True,37,5,2000,20260716
D175_minus_D129_foreground_dice,0.02,33,0.019533005405405413,0.015518713986486502,0.02426530675675675,True,37,5,2000,20260716
D175_minus_D129_foreground_dice,0.02,34,0.01951273513513514,0.017240630540540543,0.021504964054054044,True,37,5,2000,20260716
D175_minus_D129_foreground_dice,0.02,35,0.018241354054054054,0.01469959243243243,0.021691793716216202,True,37,5,2000,20260716
D175_minus_D129_foreground_dice,0.02,36,0.01848146756756756,0.01527128905405404,0.02107311229729729,True,37,5,2000,20260716
D175_minus_D129_foreground_dice,0.02,37,0.020556832432432424,0.01815786236486486,0.022736876554054056,True,37,5,2000,20260716
D175_minus_D129_foreground_dice,0.02,38,0.019859772972972974,0.017396495067567564,0.022086643513513506,True,37,5,2000,20260716
D175_minus_D129_foreground_dice,0.02,39,0.019193637837837844,0.01698068297297298,0.020978910067567566,True,37,5,2000,20260716
D175_minus_D129_foreground_dice,0.02,40,0.01888097297297297,0.014945390405405422,0.022399265067567554,True,37,5,2000,20260716
D175_minus_D129_foreground_dice,0.02,41,0.02052383243243243,0.018232215000000003,0.023043571148648634,True,37,5,2000,20260716
D175_minus_D129_foreground_dice,0.02,42,0.020902597297297286,0.01794475337837836,0.023760584932432414,True,37,5,2000,20260716
D175_minus_D129_foreground_dice,0.02,43,0.021152108108108105,0.01785530256756757,0.0244335020945946,True,37,5,2000,20260716
D175_minus_D129_foreground_dice,0.02,44,0.019816245945945946,0.016195571486486492,0.023540226959459436,True,37,5,2000,20260716
D175_minus_D129_foreground_dice,0.02,45,0.0184945054054054,0.0156290493918919,0.021186339999999994,True,37,5,2000,20260716
D175_minus_D129_foreground_dice,0.02,46,0.01931314324324324,0.016467519864864867,0.022314279121621615,True,37,5,2000,20260716
D175_minus_D129_foreground_dice,0.02,47,0.020757616216216215,0.017796265067567565,0.02355708364864864,True,37,5,2000,20260716
D175_minus_D129_foreground_dice,0.02,48,0.018956394594594587,0.016362799189189176,0.021366922297297287,True,37,5,2000,20260716
D175_minus_D129_foreground_dice,0.02,49,0.020668686486486485,0.018854416486486513,0.02240064756756755,True,37,5,2000,20260716
D175_minus_D129_foreground_dice,0.02,50,0.021362627027027018,0.018250422432432436,0.024818919932432414,True,37,5,2000,20260716
D175_minus_D129_foreground_dice,0.02,51,0.01797105675675675,0.014428401689189203,0.021307987094594596,True,37,5,2000,20260716
D175_minus_D129_foreground_dice,0.02,52,0.019301067567567543,0.014984978513513486,0.023750970810810762,True,37,5,2000,20260716
D175_minus_D129_foreground_dice,0.02,53,0.020576816216216216,0.018055230675675677,0.023302132297297284,True,37,5,2000,20260716
D175_minus_D129_foreground_dice,0.02,54,0.01821309999999999,0.014137000337837834,0.02178382533783782,True,37,5,2000,20260716
D175_minus_D129_foreground_dice,0.02,55,0.020076743243243243,0.018564922702702713,0.021814944324324313,True,37,5,2000,20260716
D175_minus_D129_foreground_dice,0.02,56,0.017571935135135136,0.01415457216216217,0.02047502662162162,True,37,5,2000,20260716
D175_minus_D129_foreground_dice,0.02,57,0.020018591891891892,0.0171336041891892,0.023103782364864846,True,37,5,2000,20260716
D175_minus_D129_foreground_dice,0.02,58,0.019413824324324314,0.016884353716216192,0.021334659324324306,True,37,5,2000,20260716
D175_minus_D129_foreground_dice,0.02,59,0.020332870270270264,0.01745148439189188,0.0230739789189189,True,37,5,2000,20260716
D175_minus_D129_foreground_dice,0.02,60,0.01869514324324324,0.015497158648648653,0.02109933418918919,True,37,5,2000,20260716
D175_minus_D129_foreground_dice,0.02,61,0.02173845675675675,0.019689677567567575,0.02410096959459457,True,37,5,2000,20260716
D175_minus_D129_foreground_dice,0.02,62,0.0195053972972973,0.016224675000000004,0.02247324986486486,True,37,5,2000,20260716
D175_minus_D129_foreground_dice,0.02,63,0.020774997297297284,0.019422462837837832,0.021986701351351327,True,37,5,2000,20260716
D175_minus_D129_foreground_dice,0.02,64,0.021569689189189188,0.019176060135135144,0.023549889594594583,True,37,5,2000,20260716
D175_minus_D129_foreground_dice,0.02,65,0.01829978378378378,0.014669043108108112,0.02134113466216215,True,37,5,2000,20260716
D175_minus_D129_foreground_dice,0.02,66,0.019951635135135135,0.017194855067567565,0.02222474189189189,True,37,5,2000,20260716
D175_minus_D129_foreground_dice,0.02,67,0.01953222162162162,0.01625543148648649,0.022421745743243234,True,37,5,2000,20260716
D175_minus_D129_foreground_dice,0.02,68,0.021605310810810803,0.020314372432432427,0.023174527635135132,True,37,5,2000,20260716
D175_minus_D129_foreground_dice,0.02,69,0.018766900000000017,0.016013879932432452,0.02136978277027028,True,37,5,2000,20260716
D175_minus_D129_foreground_dice,0.02,70,0.020024308108108103,0.017508605945945947,0.022118808648648642,True,37,5,2000,20260716
D175_minus_D129_foreground_dice,0.02,71,0.01804142972972974,0.014639261081081087,0.02128025581081081,True,37,5,2000,20260716
D175_minus_D129_foreground_dice,0.02,72,0.019695232432432427,0.015897968378378376,0.023328463716216205,True,37,5,2000,20260716
D175_minus_D129_foreground_dice,0.02,73,0.020193472972972977,0.01790733013513513,0.022409021756756752,True,37,5,2000,20260716
D175_minus_D129_foreground_dice,0.02,74,0.020604408108108103,0.018112413783783768,0.023374335878378352,True,37,5,2000,20260716
D175_minus_D129_foreground_dice,0.02,75,0.019258470270270278,0.016801062027027035,0.021223622702702713,True,37,5,2000,20260716
D175_minus_D129_foreground_dice,0.02,76,0.02101867027027027,0.018798197432432443,0.023445902499999987,True,37,5,2000,20260716
D175_minus_D129_foreground_dice,0.02,77,0.01999044864864864,0.017150137297297287,0.022088491486486478,True,37,5,2000,20260716
D175_minus_D129_foreground_dice,0.02,78,0.020318062162162157,0.01727170425675675,0.023220669256756744,True,37,5,2000,20260716
D175_minus_D129_foreground_dice,0.02,79,0.02064184864864865,0.01890755175675676,0.022423480405405385,True,37,5,2000,20260716
D175_minus_D129_foreground_dice,0.02,80,0.02033791351351351,0.018803051621621627,0.022017630945945933,True,37,5,2000,20260716
D175_minus_D129_foreground_dice,0.02,81,0.020244518918918916,0.01724759412162162,0.023015417837837848,True,37,5,2000,20260716
D175_minus_D129_foreground_dice,0.02,82,0.020741424324324326,0.018884132094594584,0.02253551358108107,True,37,5,2000,20260716
D175_minus_D129_foreground_dice,0.02,83,0.021603554054054043,0.019699729391891883,0.024552997027027016,True,37,5,2000,20260716
D175_minus_D129_foreground_dice,0.02,84,0.01871173783783783,0.01532329344594595,0.021601888310810804,True,37,5,2000,20260716
D175_minus_D129_foreground_dice,0.02,85,0.018256675675675668,0.014654642297297295,0.021177314729729738,True,37,5,2000,20260716
D175_minus_D129_foreground_dice,0.02,86,0.021111,0.018965620472972976,0.02355850864864863,True,37,5,2000,20260716
D175_minus_D129_foreground_dice,0.02,87,0.019982637837837835,0.017100257905405408,0.022580262162162162,True,37,5,2000,20260716
D175_minus_D129_foreground_dice,0.02,88,0.020811472972972984,0.019252237972972992,0.022639032905405428,True,37,5,2000,20260716
D175_minus_D129_foreground_dice,0.02,89,0.01885466216216216,0.01665542810810812,0.02078792648648647,True,37,5,2000,20260716
D175_minus_D129_foreground_dice,0.02,90,0.01851684054054054,0.015651380743243244,0.021009216891891894,True,37,5,2000,20260716
D175_minus_D129_foreground_dice,0.02,91,0.019904905405405404,0.016843535067567566,0.02257984824324323,True,37,5,2000,20260716
D175_minus_D129_foreground_dice,0.02,92,0.020747732432432428,0.018837162837837845,0.022498627162162166,True,37,5,2000,20260716
D175_minus_D129_foreground_dice,0.02,93,0.019515467567567564,0.01698910993243242,0.0215863631081081,True,37,5,2000,20260716
D175_minus_D129_foreground_dice,0.02,94,0.02041695135135135,0.017845530270270266,0.02272637979729729,True,37,5,2000,20260716
D175_minus_D129_foreground_dice,0.02,95,0.020912475675675675,0.018600732499999998,0.023648561013513508,True,37,5,2000,20260716
D175_minus_D129_foreground_dice,0.02,96,0.01990985945945946,0.017564946891891878,0.021851169189189175,True,37,5,2000,20260716
D175_minus_D129_foreground_dice,0.02,97,0.019897770270270267,0.01822219783783783,0.02161774932432432,True,37,5,2000,20260716
D175_minus_D129_foreground_dice,0.02,98,0.019323816216216223,0.017168679527027043,0.020978123648648647,True,37,5,2000,20260716
D175_minus_D129_foreground_dice,0.02,99,0.021279937837837836,0.0193389233108108,0.023663353310810813,True,37,5,2000,20260716
D175_minus_D129_foreground_dice,0.02,100,0.02043506216216216,0.018598283986486493,0.022323623378378368,True,37,5,2000,20260716
D175_minus_D129_foreground_dice,0.02,101,0.018002202702702697,0.014701084729729735,0.020551599932432423,True,37,5,2000,20260716
D175_minus_D129_foreground_dice,0.02,102,0.017450405405405406,0.013957968581081085,0.02042500648648648,True,37,5,2000,20260716
D175_minus_D129_foreground_dice,0.02,103,0.018023367567567564,0.014526137702702701,0.02125665175675675,True,37,5,2000,20260716
D175_minus_D129_foreground_dice,0.02,104,0.02044814324324324,0.018097478918918917,0.02279046128378377,True,37,5,2000,20260716
D175_minus_D129_foreground_dice,0.02,105,0.021353727027027015,0.01994398243243242,0.02248669439189188,True,37,5,2000,20260716
D175_minus_D129_foreground_dice,0.02,106,0.019143689189189184,0.01630748209459459,0.021681407499999986,True,37,5,2000,20260716
D175_minus_D129_foreground_dice,0.02,107,0.019829775675675666,0.017596791959459453,0.021649172297297282,True,37,5,2000,20260716
D175_minus_D129_foreground_dice,0.02,108,0.020580097297297296,0.01795057114864865,0.023471922837837826,True,37,5,2000,20260716
D175_minus_D129_foreground_dice,0.02,109,0.022625735135135123,0.019056774324324316,0.026148956621621578,True,37,5,2000,20260716
D175_minus_D129_foreground_dice,0.02,110,0.02005510540540541,0.01850753709459459,0.021989772432432435,True,37,5,2000,20260716
D175_minus_D129_foreground_dice,0.02,111,0.018084235135135136,0.014976263513513527,0.0205795004054054,True,37,5,2000,20260716
D175_minus_D129_foreground_dice,0.02,112,0.01920560810810811,0.01647625662162164,0.02168688033783783,True,37,5,2000,20260716
D175_minus_D129_foreground_dice,0.02,113,0.02212293513513514,0.019040296081081078,0.02548450067567566,True,37,5,2000,20260716
D175_minus_D129_foreground_dice,0.02,114,0.021274145945945948,0.019468387432432434,0.023277570472972985,True,37,5,2000,20260716
D175_minus_D129_foreground_dice,0.02,115,0.02226598108108108,0.01875695804054055,0.025907254594594597,True,37,5,2000,20260716
D175_minus_D129_foreground_dice,0.02,116,0.020552378378378384,0.017659149594594605,0.023628640472972976,True,37,5,2000,20260716
D175_minus_D129_foreground_dice,0.02,117,0.02124128918918918,0.018658543918918927,0.02345580756756756,True,37,5,2000,20260716
D175_minus_D129_foreground_dice,0.02,118,0.02043799459459459,0.0191203954054054,0.02162171837837838,True,37,5,2000,20260716
D175_minus_D129_foreground_dice,0.02,119,0.0196864027027027,0.01770555209459459,0.021949335405405394,True,37,5,2000,20260716
D175_minus_D129_foreground_dice,0.02,120,0.019705908108108107,0.01697030898648649,0.022198372364864844,True,37,5,2000,20260716
D175_minus_D129_foreground_dice,0.02,121,0.019640883783783786,0.017279557567567574,0.02161352256756757,True,37,5,2000,20260716
D175_minus_D129_foreground_dice,0.02,122,0.02352896216216216,0.0216597379054054,0.02586691641891893,True,37,5,2000,20260716
D175_minus_D129_foreground_dice,0.02,123,0.01877701081081081,0.016135448310810808,0.02088986763513512,True,37,5,2000,20260716
D175_minus_D129_foreground_dice,0.02,124,0.0223196108108108,0.02053476628378378,0.024514489999999972,True,37,5,2000,20260716
D175_minus_D129_foreground_dice,0.02,125,0.02006751891891892,0.017627295743243253,0.022684780472972958,True,37,5,2000,20260716
D175_minus_D129_foreground_dice,0.02,126,0.021023108108108104,0.019229983040540525,0.022463078108108093,True,37,5,2000,20260716
D175_minus_D129_foreground_dice,0.02,127,0.021038056756756754,0.01890142195945945,0.023802898243243227,True,37,5,2000,20260716
D175_minus_D129_foreground_dice,0.02,128,0.018121086486486502,0.015173212837837855,0.02088616195945948,True,37,5,2000,20260716
D175_minus_D129_foreground_dice,0.02,129,0.019967278378378375,0.017430754324324317,0.022006974864864862,True,37,5,2000,20260716
D175_minus_D129_foreground_dice,0.02,130,0.021798797297297296,0.02041093148648649,0.023447451351351366,True,37,5,2000,20260716
D175_minus_D129_foreground_dice,0.02,131,0.01904457297297297,0.01623994891891892,0.021962144594594574,True,37,5,2000,20260716
D175_minus_D129_foreground_dice,0.02,132,0.019136172972972973,0.01617739033783785,0.02204278574324325,True,37,5,2000,20260716
D175_minus_D129_foreground_dice,0.02,133,0.020265483783783785,0.01739836432432432,0.022975568851351342,True,37,5,2000,20260716
D175_minus_D129_foreground_dice,0.02,134,0.020415267567567567,0.01750319216216217,0.023033825810810815,True,37,5,2000,20260716
D175_minus_D129_foreground_dice,0.02,135,0.02010536216216216,0.016375849662162156,0.023368650540540527,True,37,5,2000,20260716
D175_minus_D129_foreground_dice,0.02,136,0.01938680810810811,0.016138229324324332,0.02240792506756758,True,37,5,2000,20260716
D175_minus_D129_foreground_dice,0.02,137,0.021079499999999987,0.019363964932432417,0.02361708689189188,True,37,5,2000,20260716
D175_minus_D129_foreground_dice,0.02,138,0.02014794594594594,0.018727782162162164,0.021565296891891888,True,37,5,2000,20260716
D175_minus_D129_foreground_dice,0.02,139,0.018914408108108103,0.01562833324324323,0.021690692027027007,True,37,5,2000,20260716
D175_minus_D129_foreground_dice,0.02,140,0.018814621621621615,0.015190875405405412,0.02194881283783782,True,37,5,2000,20260716
D175_minus_D129_foreground_dice,0.02,141,0.019815035135135134,0.01751578925675675,0.022497437567567558,True,37,5,2000,20260716
D175_minus_D129_foreground_dice,0.02,142,0.01830977027027027,0.014323588851351363,0.0222923508108108,True,37,5,2000,20260716
D175_minus_D129_foreground_dice,0.02,143,0.018640654054054066,0.01625965094594596,0.02081491087837838,True,37,5,2000,20260716
D175_minus_D129_foreground_dice,0.02,144,0.020340359459459466,0.018548472229729742,0.022534097162162172,True,37,5,2000,20260716
D175_minus_D129_foreground_dice,0.02,145,0.01917450000000001,0.01691332628378381,0.020954878851351368,True,37,5,2000,20260716
D175_minus_D129_foreground_dice,0.02,146,0.020776605405405407,0.01928632810810811,0.022217466959459455,True,37,5,2000,20260716
D175_minus_D129_foreground_dice,0.02,147,0.02119858108108108,0.020010386216216227,0.022711224932432425,True,37,5,2000,20260716
D175_minus_D129_foreground_dice,0.02,148,0.021024259459459457,0.018981221351351354,0.023244208851351342,True,37,5,2000,20260716
D175_minus_D129_foreground_dice,0.02,149,0.02001182702702703,0.01863660824324325,0.021380747567567564,True,37,5,2000,20260716
D175_minus_D129_foreground_dice,0.02,150,0.019356529729729732,0.01641376614864866,0.022181692635135128,True,37,5,2000,20260716
D175_minus_D129_foreground_dice,0.02,151,0.021559678378378373,0.02032196358108107,0.0229369977027027,True,37,5,2000,20260716
D175_minus_D129_foreground_dice,0.02,152,0.01900351081081081,0.015790205270270256,0.02173976337837837,True,37,5,2000,20260716
D175_minus_D129_foreground_dice,0.02,153,0.019350978378378385,0.015884509256756763,0.02229095182432431,True,37,5,2000,20260716
D175_minus_D129_foreground_dice,0.02,154,0.019259024324324338,0.016334292027027044,0.02144606844594595,True,37,5,2000,20260716
D175_minus_D129_foreground_dice,0.02,155,0.017081235135135132,0.012950539256756755,0.021112563918918914,True,37,5,2000,20260716
D175_minus_D129_foreground_dice,0.02,156,0.017624602702702705,0.013886887702702706,0.021099688378378376,True,37,5,2000,20260716
D175_minus_D129_foreground_dice,0.02,157,0.018453613513513514,0.015484200945945947,0.021138808040540524,True,37,5,2000,20260716
D175_minus_D129_foreground_dice,0.02,158,0.01972639999999999,0.017055739594594586,0.02195120047297296,True,37,5,2000,20260716
D175_minus_D129_foreground_dice,0.02,159,0.01980207837837837,0.01819733641891892,0.021114580135135116,True,37,5,2000,20260716
D175_minus_D129_foreground_dice,0.02,160,0.01815260270270271,0.015087240067567585,0.0206976360810811,True,37,5,2000,20260716
D175_minus_D129_foreground_dice,0.02,161,0.02233203513513513,0.019420041148648648,0.025659461418918905,True,37,5,2000,20260716
D175_minus_D129_foreground_dice,0.02,162,0.01737198108108108,0.013457887162162164,0.021038438783783784,True,37,5,2000,20260716
D175_minus_D129_foreground_dice,0.02,163,0.019220810810810812,0.016737864459459458,0.02149869635135133,True,37,5,2000,20260716
D175_minus_D129_foreground_dice,0.02,164,0.021186556756756746,0.018585046216216216,0.02292509891891891,True,37,5,2000,20260716
D175_minus_D129_foreground_dice,0.02,165,0.019215872972972965,0.01756124121621623,0.020646047972972956,True,37,5,2000,20260716
D175_minus_D129_foreground_dice,0.02,166,0.021874627027027027,0.01850184628378379,0.02571236533783782,True,37,5,2000,20260716
D175_minus_D129_foreground_dice,0.02,167,0.01931078108108109,0.017161669594594607,0.02171497878378379,True,37,5,2000,20260716
D175_minus_D129_foreground_dice,0.02,168,0.020439278378378382,0.01834256932432434,0.022986402837837833,True,37,5,2000,20260716
D175_minus_D129_foreground_dice,0.02,169,0.01939483513513514,0.015951126351351368,0.022388868513513523,True,37,5,2000,20260716
D175_minus_D129_foreground_dice,0.02,170,0.021747137837837834,0.01996463108108109,0.02375640709459457,True,37,5,2000,20260716
D175_minus_D129_foreground_dice,0.02,171,0.01909414054054055,0.016531551216216238,0.02125563283783784,True,37,5,2000,20260716
D175_minus_D129_foreground_dice,0.02,172,0.02129424864864864,0.01910258533783783,0.023835752770270256,True,37,5,2000,20260716
D175_minus_D129_foreground_dice,0.02,173,0.01932919729729729,0.015973334324324327,0.022833321351351334,True,37,5,2000,20260716
D175_minus_D129_foreground_dice,0.02,174,0.020421991891891894,0.017426604121621635,0.023201380878378374,True,37,5,2000,20260716
D175_minus_D129_foreground_dice,0.02,175,0.019709683783783787,0.017174717229729734,0.022162363378378378,True,37,5,2000,20260716
D175_minus_D129_foreground_dice,0.02,176,0.020962267567567562,0.017899321216216228,0.02392604486486485,True,37,5,2000,20260716
D175_minus_D129_foreground_dice,0.02,177,0.01987305405405405,0.016603823445945944,0.022843481756756746,True,37,5,2000,20260716
D175_minus_D129_foreground_dice,0.02,178,0.019527629729729715,0.016005998918918914,0.022777464256756755,True,37,5,2000,20260716
D175_minus_D129_foreground_dice,0.02,179,0.018542083783783785,0.014825497094594601,0.021191188445945947,True,37,5,2000,20260716
D175_minus_D129_foreground_dice,0.02,180,0.020182818918918915,0.01770510905405405,0.02237748939189189,True,37,5,2000,20260716
D175_minus_D129_foreground_dice,0.02,181,0.020271486486486485,0.017652526689189176,0.022870150202702683,True,37,5,2000,20260716
D175_minus_D129_foreground_dice,0.02,182,0.017980956756756754,0.01499150324324325,0.020436810810810804,True,37,5,2000,20260716
D175_minus_D129_foreground_dice,0.02,183,0.021860494594594597,0.020677290608108103,0.022974386081081086,True,37,5,2000,20260716
D175_minus_D129_foreground_dice,0.02,184,0.020051937837837833,0.018490732905405413,0.021670724459459452,True,37,5,2000,20260716
D175_minus_D129_foreground_dice,0.02,185,0.019740513513513514,0.01769558101351351,0.021323484797297294,True,37,5,2000,20260716
D175_minus_D129_foreground_dice,0.02,186,0.020382708108108105,0.01898954466216218,0.02194391648648648,True,37,5,2000,20260716
D175_minus_D129_foreground_dice,0.02,187,0.01980498648648649,0.01808224743243243,0.021602896621621636,True,37,5,2000,20260716
D175_minus_D129_foreground_dice,0.02,188,0.020079908108108113,0.017462105202702714,0.022549058851351354,True,37,5,2000,20260716
D175_minus_D129_foreground_dice,0.02,189,0.018563899999999994,0.016301622972972975,0.02086025108108106,True,37,5,2000,20260716
D175_minus_D129_foreground_dice,0.02,190,0.02073814594594595,0.01815486885135136,0.023039646283783778,True,37,5,2000,20260716
D175_minus_D129_foreground_dice,0.02,191,0.01980637297297297,0.015637196486486486,0.023721969054054045,True,37,5,2000,20260716
D175_minus_D129_foreground_dice,0.02,192,0.020135467567567563,0.018850011689189195,0.021127402770270264,True,37,5,2000,20260716
D175_minus_D129_foreground_dice,0.02,193,0.019827605405405402,0.016741391756756756,0.02273674635135133,True,37,5,2000,20260716
D175_minus_D129_foreground_dice,0.02,194,0.02238978648648648,0.019767048513513515,0.025438352567567556,True,37,5,2000,20260716
D175_minus_D129_foreground_dice,0.02,195,0.020373745945945945,0.018436650270270288,0.022218484594594586,True,37,5,2000,20260716
D175_minus_D129_foreground_dice,0.02,196,0.02063441351351351,0.018516315000000002,0.02248076277027026,True,37,5,2000,20260716
D175_minus_D129_foreground_dice,0.02,197,0.022118327027027027,0.019833045810810822,0.02479875466216216,True,37,5,2000,20260716
D175_minus_D129_foreground_dice,0.02,198,0.01901102432432432,0.016677784527027013,0.02095069702702704,True,37,5,2000,20260716
D175_minus_D129_foreground_dice,0.02,199,0.019373059459459458,0.01710576418918919,0.021641717567567553,True,37,5,2000,20260716
D175_minus_D129_foreground_dice,0.02,200,0.019981037837837837,0.017161429054054052,0.022336832500000004,True,37,5,2000,20260716
D175_minus_D129_foreground_dice,0.02,201,0.0207384027027027,0.019005770135135134,0.022481806756756744,True,37,5,2000,20260716
D175_minus_D129_foreground_dice,0.02,202,0.01850479189189189,0.015462076486486486,0.021055928783783776,True,37,5,2000,20260716
D175_minus_D129_foreground_dice,0.02,203,0.02184018918918918,0.01936632959459458,0.024185001689189158,True,37,5,2000,20260716
D175_minus_D129_foreground_dice,0.02,204,0.022022362162162155,0.020700214527027028,0.02394472783783783,True,37,5,2000,20260716
D175_minus_D129_foreground_dice,0.02,205,0.020338218918918922,0.01852183891891892,0.022318752432432427,True,37,5,2000,20260716
D175_minus_D129_foreground_dice,0.02,206,0.017924075675675683,0.015500305202702718,0.02019356351351352,True,37,5,2000,20260716
D175_minus_D129_foreground_dice,0.02,207,0.021177767567567566,0.019265196081081095,0.02308266486486487,True,37,5,2000,20260716
D175_minus_D129_foreground_dice,0.02,208,0.020136110810810803,0.017767729999999992,0.022287161081081062,True,37,5,2000,20260716
D175_minus_D129_foreground_dice,0.02,209,0.0210703945945946,0.020085735878378374,0.02238503527027028,True,37,5,2000,20260716
D175_minus_D129_foreground_dice,0.02,210,0.021050208108108114,0.01962456945945947,0.02256014087837839,True,37,5,2000,20260716
D175_minus_D129_foreground_dice,0.02,211,0.020637616216216213,0.018776912229729745,0.0227730835135135,True,37,5,2000,20260716
D175_minus_D129_foreground_dice,0.02,212,0.020195156756756753,0.01766481729729729,0.02219925817567567,True,37,5,2000,20260716
D175_minus_D129_foreground_dice,0.02,213,0.019321821621621615,0.016698280810810803,0.02158405790540539,True,37,5,2000,20260716
D175_minus_D129_foreground_dice,0.02,214,0.022967954054054045,0.02107059608108108,0.02548064364864864,True,37,5,2000,20260716
D175_minus_D129_foreground_dice,0.02,215,0.018089954054054055,0.014437128716216224,0.021519976621621605,True,37,5,2000,20260716
D175_minus_D129_foreground_dice,0.02,216,0.01877726756756757,0.015788352972972982,0.021230105540540542,True,37,5,2000,20260716
D175_minus_D129_foreground_dice,0.02,217,0.01864747027027027,0.015899300608108107,0.02107669932432433,True,37,5,2000,20260716
D175_minus_D129_foreground_dice,0.02,218,0.019890899999999993,0.016386317837837828,0.023504142027027,True,37,5,2000,20260716
D175_minus_D129_foreground_dice,0.02,219,0.019169110810810814,0.01655380033783785,0.02106462135135135,True,37,5,2000,20260716
D175_minus_D129_foreground_dice,0.02,220,0.020232418918918915,0.017463960337837852,0.0225797852027027,True,37,5,2000,20260716
D175_minus_D129_foreground_dice,0.02,221,0.017791970270270283,0.015415429729729752,0.01984698675675677,True,37,5,2000,20260716
D175_minus_D129_foreground_dice,0.02,222,0.017171370270270266,0.01324334783783784,0.020175713108108093,True,37,5,2000,20260716
D175_minus_D129_foreground_dice,0.02,223,0.019541724324324324,0.01721005993243243,0.021762525878378382,True,37,5,2000,20260716
D175_minus_D129_foreground_dice,0.02,224,0.020334159459459458,0.01769444891891893,0.02259820081081081,True,37,5,2000,20260716
D175_minus_D129_foreground_dice,0.02,225,0.019470208108108095,0.017099032364864854,0.021404891013513498,True,37,5,2000,20260716
D175_minus_D129_foreground_dice,0.02,226,0.018508072972972973,0.015059732364864869,0.021708695945945954,True,37,5,2000,20260716
D175_minus_D129_foreground_dice,0.02,227,0.0169276,0.013611312499999991,0.019807187499999997,True,37,5,2000,20260716
D175_minus_D129_foreground_dice,0.02,228,0.021078254054054054,0.019133501081081083,0.023483870945945926,True,37,5,2000,20260716
D175_minus_D129_foreground_dice,0.02,229,0.019572702702702692,0.016794563108108097,0.022486587297297272,True,37,5,2000,20260716
D175_minus_D129_foreground_dice,0.02,230,0.019024767567567567,0.015541388040540532,0.02182786837837836,True,37,5,2000,20260716
D175_minus_D129_foreground_dice,0.02,231,0.018806786486486496,0.015484137905405421,0.022358051891891894,True,37,5,2000,20260716
D175_minus_D129_foreground_dice,0.02,232,0.01975664324324324,0.01691837587837837,0.022585452499999995,True,37,5,2000,20260716
D175_minus_D129_foreground_dice,0.02,233,0.020401394594594592,0.017638096216216217,0.022862941486486474,True,37,5,2000,20260716
D175_minus_D129_foreground_dice,0.02,234,0.020780727027027015,0.019521698986486504,0.021990747567567553,True,37,5,2000,20260716
D175_minus_D129_foreground_dice,0.02,235,0.021202135135135133,0.019551774594594593,0.022971014459459455,True,37,5,2000,20260716
D175_minus_D129_foreground_dice,0.02,236,0.017649018918918916,0.013221922500000002,0.02213170270270269,True,37,5,2000,20260716
D175_minus_D129_foreground_dice,0.02,237,0.020390540540540535,0.017293840472972975,0.023355138445945934,True,37,5,2000,20260716
D175_minus_D129_foreground_dice,0.02,238,0.018983651351351355,0.01604854364864864,0.02138212702702703,True,37,5,2000,20260716
D175_minus_D129_foreground_dice,0.02,239,0.01680491621621621,0.013462629797297286,0.019788469729729714,True,37,5,2000,20260716
D175_minus_D129_foreground_dice,0.02,240,0.0190416054054054,0.016498358783783786,0.02121917027027026,True,37,5,2000,20260716
D175_minus_D129_foreground_dice,0.02,241,0.01790057837837837,0.014601270878378371,0.020584096824324317,True,37,5,2000,20260716
D175_minus_D129_foreground_dice,0.02,242,0.02347833243243242,0.021025038851351343,0.02689015459459458,True,37,5,2000,20260716
D175_minus_D129_foreground_dice,0.02,243,0.020770516216216214,0.019694893513513514,0.021896784256756754,True,37,5,2000,20260716
D175_minus_D129_foreground_dice,0.02,244,0.02113317297297297,0.018158293378378373,0.02401921736486485,True,37,5,2000,20260716
D175_minus_D129_foreground_dice,0.02,245,0.019210078378378376,0.01585447202702703,0.02217751148648649,True,37,5,2000,20260716
D175_minus_D129_foreground_dice,0.02,246,0.021479824324324326,0.017268697297297304,0.02593576878378377,True,37,5,2000,20260716
D175_minus_D129_foreground_dice,0.02,247,0.02118650540540541,0.019383284662162173,0.02322771925675675,True,37,5,2000,20260716
D175_minus_D129_foreground_dice,0.02,248,0.020893840540540533,0.017508596351351356,0.024054213783783775,True,37,5,2000,20260716
D175_minus_D129_foreground_dice,0.02,249,0.017700997297297294,0.014031395810810813,0.020780171621621612,True,37,5,2000,20260716
D175_minus_D129_foreground_dice,0.02,250,0.019977154054054043,0.01619320027027027,0.023710462094594587,True,37,5,2000,20260716
D175_minus_D129_foreground_dice,0.02,251,0.019306375675675683,0.016655649932432445,0.021746652297297282,True,37,5,2000,20260716
D175_minus_D129_foreground_dice,0.02,252,0.02098714324324324,0.019523362972972975,0.02307541074324325,True,37,5,2000,20260716
D175_minus_D129_foreground_dice,0.02,253,0.020972091891891878,0.01778489412162161,0.02404382898648646,True,37,5,2000,20260716
D175_minus_D129_foreground_dice,0.02,254,0.017870897297297298,0.014610148108108111,0.020704432297297293,True,37,5,2000,20260716
D175_minus_D129_foreground_dice,0.02,255,0.02010307297297298,0.018131954189189194,0.022191619121621618,True,37,5,2000,20260716
D175_minus_D129_foreground_dice,0.02,256,0.01820514594594595,0.014227366554054058,0.02208329790540539,True,37,5,2000,20260716
D175_minus_D129_foreground_dice,0.02,257,0.018772186486486483,0.015398768378378386,0.021685515405405396,True,37,5,2000,20260716
D175_minus_D129_foreground_dice,0.02,258,0.021846943243243242,0.0194809647972973,0.024460598716216204,True,37,5,2000,20260716
D175_minus_D129_foreground_dice,0.02,259,0.020828937837837836,0.018223536486486485,0.023208789864864857,True,37,5,2000,20260716
D175_minus_D129_foreground_dice,0.02,260,0.01876563783783784,0.015054716554054059,0.021868045878378373,True,37,5,2000,20260716
D175_minus_D129_foreground_dice,0.02,261,0.020736145945945944,0.017888939256756754,0.023932413986486482,True,37,5,2000,20260716
D175_minus_D129_foreground_dice,0.02,262,0.02042857567567567,0.018493108040540534,0.022166856824324312,True,37,5,2000,20260716
D175_minus_D129_foreground_dice,0.02,263,0.020325635135135134,0.016985014121621633,0.02337486114864864,True,37,5,2000,20260716
D175_minus_D129_foreground_dice,0.02,264,0.019448572972972977,0.016401913445945947,0.02199336114864866,True,37,5,2000,20260716
D175_minus_D129_foreground_dice,0.02,265,0.018537597297297304,0.016109530675675686,0.020341597229729728,True,37,5,2000,20260716
D175_minus_D129_foreground_dice,0.02,266,0.019974518918918917,0.017641502094594596,0.02193707635135135,True,37,5,2000,20260716
D175_minus_D129_foreground_dice,0.02,267,0.020290494594594588,0.018746609729729722,0.021494433513513506,True,37,5,2000,20260716
D175_minus_D129_foreground_dice,0.02,268,0.01823154324324324,0.015455045810810805,0.020511526486486485,True,37,5,2000,20260716
D175_minus_D129_foreground_dice,0.02,269,0.020416510810810817,0.018780765067567567,0.022286912635135134,True,37,5,2000,20260716
D175_minus_D129_foreground_dice,0.02,270,0.023993608108108088,0.02010807371621622,0.02859273986486484,True,37,5,2000,20260716
D175_minus_D129_foreground_dice,0.02,271,0.019484537837837834,0.01700813898648649,0.02158132324324325,True,37,5,2000,20260716
D175_minus_D129_foreground_dice,0.02,272,0.01951981351351351,0.01778034391891892,0.021106898716216207,True,37,5,2000,20260716
D175_minus_D129_foreground_dice,0.02,273,0.02132205945945945,0.018726520135135132,0.023889311689189178,True,37,5,2000,20260716
D175_minus_D129_foreground_dice,0.02,274,0.020165886486486487,0.016606047364864873,0.023628612027027013,True,37,5,2000,20260716
D175_minus_D129_foreground_dice,0.02,275,0.02218055135135135,0.020403432162162154,0.02441193790540541,True,37,5,2000,20260716
D175_minus_D129_foreground_dice,0.02,276,0.020483199999999986,0.017064998918918915,0.023366467432432415,True,37,5,2000,20260716
D175_minus_D129_foreground_dice,0.02,277,0.02009852972972973,0.017741413243243243,0.022229240540540526,True,37,5,2000,20260716
D175_minus_D129_foreground_dice,0.02,278,0.020779781081081077,0.018143507702702705,0.022753359391891888,True,37,5,2000,20260716
D175_minus_D129_foreground_dice,0.02,279,0.020208664864864865,0.017066812499999997,0.022480743175675673,True,37,5,2000,20260716
D175_minus_D129_foreground_dice,0.02,280,0.019538116216216206,0.016781067094594582,0.021918913513513483,True,37,5,2000,20260716
D175_minus_D129_foreground_dice,0.02,281,0.019943494594594584,0.017136095743243235,0.02267197898648649,True,37,5,2000,20260716
D175_minus_D129_foreground_dice,0.02,282,0.019127243243243244,0.01576642729729729,0.022625241621621616,True,37,5,2000,20260716
D175_minus_D129_foreground_dice,0.02,283,0.020934654054054043,0.01921658709459459,0.02272988777027024,True,37,5,2000,20260716
D175_minus_D129_foreground_dice,0.02,284,0.0216911,0.018613908175675705,0.024685280810810808,True,37,5,2000,20260716
D175_minus_D129_foreground_dice,0.02,285,0.020195064864864862,0.01759121695945946,0.022924729459459437,True,37,5,2000,20260716
D175_minus_D129_foreground_dice,0.02,286,0.01905120810810811,0.016333347499999998,0.022250531148648636,True,37,5,2000,20260716
D175_minus_D129_foreground_dice,0.02,287,0.02040109999999999,0.01834555155405405,0.022489859121621603,True,37,5,2000,20260716
D175_minus_D129_foreground_dice,0.02,288,0.016973167567567577,0.013799784932432446,0.02069483385135136,True,37,5,2000,20260716
D175_minus_D129_foreground_dice,0.02,289,0.016678840540540543,0.013343333310810808,0.019398975878378365,True,37,5,2000,20260716
D175_minus_D129_foreground_dice,0.02,290,0.020928135135135136,0.0189697902027027,0.02326904317567566,True,37,5,2000,20260716
D175_minus_D129_foreground_dice,0.02,291,0.018614027027027025,0.015154835675675672,0.021243336081081077,True,37,5,2000,20260716
D175_minus_D129_foreground_dice,0.02,292,0.018447678378378372,0.015498912162162174,0.02154538932432432,True,37,5,2000,20260716
D175_minus_D129_foreground_dice,0.02,293,0.020472754054054063,0.018261395337837837,0.022639243108108126,True,37,5,2000,20260716
D175_minus_D129_foreground_dice,0.02,294,0.02066623513513514,0.01756696797297298,0.023462312972972972,True,37,5,2000,20260716
D175_minus_D129_foreground_dice,0.02,295,0.02039551351351351,0.019025482094594592,0.021870220810810807,True,37,5,2000,20260716
D175_minus_D129_foreground_dice,0.02,296,0.018509470270270265,0.014520447702702699,0.02193554324324323,True,37,5,2000,20260716
D175_minus_D129_foreground_dice,0.02,297,0.0205918054054054,0.018258048648648634,0.023721329459459446,True,37,5,2000,20260716
D175_minus_D129_foreground_dice,0.02,298,0.02151157027027026,0.019383980945945938,0.02353566412162162,True,37,5,2000,20260716
D175_minus_D129_foreground_dice,0.02,299,0.019458451351351342,0.016075500608108105,0.021885185540540537,True,37,5,2000,20260716
